# Gen 7's glyphs for the Chinese species names, which it stores as private-use units: each
# unit of the Sun and Moon carts' Simplified (a/0/3/8) and Traditional (a/0/3/9) species-name
# lists (member 55; Pokémon Bank 6.8's for 803-807), and the character PokeAPI's names
# (421247a969939f793c52bf8105f3c4e35517d8c1) align it with, by majority over every species.
unit	character
E800	蛋
E801	妙
E802	蛙
E803	种
E804	子
E805	草
E806	花
E807	小
E808	火
E809	龙
E80A	恐
E80B	喷
E80C	杰
E80D	尼
E80E	龟
E80F	卡
E810	咪
E811	水
E812	箭
E813	绿
E814	毛
E815	虫
E816	铁
E817	甲
E818	蛹
E819	巴
E81A	大
E81B	蝶
E81C	独
E81D	角
E81E	壳
E81F	针
E820	蜂
E821	波
E822	比
E823	鸟
E824	拉
E825	达
E826	烈
E827	雀
E828	嘴
E829	阿
E82A	柏
E82B	蛇
E82C	怪
E82D	皮
E82E	丘
E82F	雷
E830	穿
E831	山
E832	鼠
E833	王
E834	多
E835	兰
E836	娜
E837	后
E838	朗
E839	力
E83A	诺
E83B	可
E83C	西
E83D	六
E83E	尾
E83F	九
E840	胖
E841	丁
E842	超
E843	音
E844	蝠
E845	走
E846	路
E847	臭
E848	霸
E849	派
E84A	斯
E84B	特
E84C	球
E84D	摩
E84E	鲁
E84F	蛾
E850	地
E851	三
E852	喵
E853	猫
E854	老
E855	鸭
E856	哥
E857	猴
E858	暴
E859	蒂
E85A	狗
E85B	风
E85C	速
E85D	蚊
E85E	香
E85F	蝌
E860	蚪
E861	君
E862	泳
E863	士
E864	凯
E865	勇
E866	基
E867	胡
E868	腕
E869	豪
E86A	喇
E86B	叭
E86C	芽
E86D	口
E86E	呆
E86F	食
E870	玛
E871	瑙
E872	母
E873	毒
E874	刺
E875	拳
E876	石
E877	隆
E878	岩
E879	马
E87A	焰
E87B	兽
E87C	磁
E87D	合
E87E	一
E87F	葱
E880	嘟
E881	利
E882	海
E883	狮
E884	白
E885	泥
E886	舌
E887	贝
E888	鬼
E889	通
E88A	耿
E88B	催
E88C	眠
E88D	貘
E88E	引
E88F	梦
E890	人
E891	钳
E892	蟹
E893	巨
E894	霹
E895	雳
E896	电
E897	顽
E898	弹
E899	椰
E89A	树
E89B	嘎
E89C	啦
E89D	飞
E89E	腿
E89F	郎
E8A0	快
E8A1	头
E8A2	瓦
E8A3	双
E8A4	犀
E8A5	牛
E8A6	钻
E8A7	吉
E8A8	蔓
E8A9	藤
E8AA	袋
E8AB	墨
E8AC	金
E8AD	鱼
E8AE	星
E8AF	宝
E8B0	魔
E8B1	墙
E8B2	偶
E8B3	天
E8B4	螳
E8B5	螂
E8B6	迷
E8B7	唇
E8B8	姐
E8B9	击
E8BA	罗
E8BB	肯
E8BC	泰
E8BD	鲤
E8BE	普
E8BF	百
E8C0	变
E8C1	伊
E8C2	布
E8C3	边
E8C4	菊
E8C5	化
E8C6	盔
E8C7	镰
E8C8	刀
E8C9	翼
E8CA	急
E8CB	冻
E8CC	闪
E8CD	你
E8CE	哈
E8CF	克
E8D0	幻
E8D1	叶
E8D2	月
E8D3	桂
E8D4	竺
E8D5	葵
E8D6	锯
E8D7	鳄
E8D8	蓝
E8D9	立
E8DA	咕
E8DB	夜
E8DC	鹰
E8DD	芭
E8DE	瓢
E8DF	安
E8E0	圆
E8E1	丝
E8E2	蛛
E8E3	叉
E8E4	字
E8E5	灯
E8E6	笼
E8E7	古
E8E8	然
E8E9	咩
E8EA	羊
E8EB	茸
E8EC	美
E8ED	丽
E8EE	露
E8EF	才
E8F0	皇
E8F1	毽
E8F2	棉
E8F3	长
E8F4	手
E8F5	向
E8F6	日
E8F7	蜻
E8F8	蜓
E8F9	乌
E8FA	沼
E8FB	太
E8FC	阳
E8FD	亮
E8FE	黑
E8FF	暗
E900	鸦
E901	妖
E902	未
E903	知
E904	图
E905	腾
E906	果
E907	翁
E908	麒
E909	麟
E90A	奇
E90B	榛
E90C	佛
E90D	托
E90E	土
E90F	弟
E910	蝎
E911	钢
E912	千
E913	壶
E914	赫
E915	狃
E916	熊
E917	圈
E918	熔
E919	蜗
E91A	猪
E91B	珊
E91C	瑚
E91D	炮
E91E	章
E91F	桶
E920	信
E921	使
E922	翅
E923	戴
E924	加
E925	象
E926	顿
E927	２
E928	惊
E929	鹿
E92A	犬
E92B	无
E92C	畏
E92D	战
E92E	舞
E92F	娃
E930	奶
E931	罐
E932	幸
E933	福
E934	公
E935	炎
E936	帝
E937	幼
E938	沙
E939	班
E93A	洛
E93B	亚
E93C	凤
E93D	时
E93E	木
E93F	守
E940	宫
E941	森
E942	林
E943	蜥
E944	蜴
E945	稚
E946	鸡
E947	壮
E948	跃
E949	狼
E94A	纹
E94B	直
E94C	冲
E94D	茧
E94E	狩
E94F	猎
E950	盾
E951	粉
E952	莲
E953	童
E954	帽
E955	乐
E956	河
E957	橡
E958	实
E959	鼻
E95A	狡
E95B	猾
E95C	傲
E95D	骨
E95E	燕
E95F	鸥
E960	莉
E961	奈
E962	朵
E963	溜
E964	糖
E965	雨
E966	蘑
E967	菇
E968	斗
E969	笠
E96A	懒
E96B	獭
E96C	过
E96D	动
E96E	猿
E96F	请
E970	假
E971	居
E972	忍
E973	面
E974	者
E975	脱
E976	妞
E977	吼
E978	爆
E979	幕
E97A	下
E97B	掌
E97C	朝
E97D	北
E97E	优
E97F	雅
E980	勾
E981	魂
E982	眼
E983	那
E984	恰
E985	姆
E986	落
E987	正
E988	拍
E989	負
E98A	萤
E98B	甜
E98C	蔷
E98D	薇
E98E	溶
E98F	吞
E990	牙
E991	鲨
E992	鲸
E993	驼
E994	煤
E995	炭
E996	跳
E997	噗
E998	晃
E999	斑
E99A	颚
E99B	蚁
E99C	漠
E99D	仙
E99E	歌
E99F	青
E9A0	绵
E9A1	七
E9A2	夕
E9A3	鼬
E9A4	斩
E9A5	饭
E9A6	匙
E9A7	鳅
E9A8	鲶
E9A9	虾
E9AA	兵
E9AB	螯
E9AC	秤
E9AD	念
E9AE	触
E9AF	摇
E9B0	篮
E9B1	羽
E9B2	丑
E9B3	纳
E9B4	飘
E9B5	浮
E9B6	泡
E9B7	隐
E9B8	怨
E9B9	影
E9BA	诅
E9BB	咒
E9BC	巡
E9BD	灵
E9BE	彷
E9BF	徨
E9C0	热
E9C1	带
E9C2	铃
E9C3	勃
E9C4	梭
E9C5	雪
E9C6	冰
E9C7	护
E9C8	豹
E9C9	珍
E9CA	珠
E9CB	樱
E9CC	空
E9CD	棘
E9CE	爱
E9CF	心
E9D0	哑
E9D1	属
E9D2	艾
E9D3	欧
E9D4	盖
E9D5	固
E9D6	坐
E9D7	祈
E9D8	代
E9D9	希
E9DA	苗
E9DB	台
E9DC	猛
E9DD	曼
E9DE	拿
E9DF	儿
E9E0	狸
E9E1	法
E9E2	师
E9E3	箱
E9E4	蟀
E9E5	勒
E9E6	伦
E9E7	琴
E9E8	含
E9E9	羞
E9EA	苞
E9EB	槌
E9EC	城
E9ED	结
E9EE	贵
E9EF	妇
E9F0	绅
E9F1	蜜
E9F2	女
E9F3	帕
E9F4	兹
E9F5	潜
E9F6	兔
E9F7	随
E9F8	卷
E9F9	耳
E9FA	魅
E9FB	东
E9FC	施
E9FD	铛
E9FE	响
E9FF	坦
EA00	铜
EA01	镜
EA02	钟
EA03	盆
EA04	聒
EA05	噪
EA06	陆
EA07	尖
EA08	咬
EA09	不
EA0A	良
EA0B	骷
EA0C	荧
EA0D	光
EA0E	霓
EA0F	虹
EA10	自
EA11	舔
EA12	狂
EA13	远
EA14	乙
EA15	由
EA16	卢
EA17	席
EA18	恩
EA19	骑
EA1A	色
EA1B	霏
EA1C	莱
EA1D	谢
EA1E	米
EA1F	尔
EA20	宙
EA21	提
EA22	主
EA23	暖
EA24	炒
EA25	武
EA26	刃
EA27	丸
EA28	剑
EA29	探
EA2A	步
EA2B	哨
EA2C	约
EA2D	扒
EA2E	酷
EA2F	冷
EA30	蚀
EA31	豆
EA32	鸽
EA33	高
EA34	雉
EA35	幔
EA36	庞
EA37	滚
EA38	蝙
EA39	螺
EA3A	钉
EA3B	差
EA3C	搬
EA3D	运
EA3E	匠
EA3F	修
EA40	建
EA41	蟾
EA42	蜍
EA43	投
EA44	摔
EA45	打
EA46	包
EA47	保
EA48	足
EA49	蜈
EA4A	蚣
EA4B	车
EA4C	轮
EA4D	精
EA4E	根
EA4F	裙
EA50	野
EA51	蛮
EA52	鲈
EA53	混
EA54	流
EA55	氓
EA56	红
EA57	倒
EA58	狒
EA59	殿
EA5A	滑
EA5B	巾
EA5C	征
EA5D	哭
EA5E	具
EA5F	迭
EA60	失
EA61	棺
EA62	原
EA63	肋
EA64	始
EA65	祖
EA66	破
EA67	灰
EA68	尘
EA69	索
EA6A	沫
EA6B	栗
EA6C	德
EA6D	单
EA6E	卵
EA6F	细
EA70	胞
EA71	造
EA72	鹅
EA73	倍
EA74	四
EA75	季
EA76	萌
EA77	哎
EA78	呀
EA79	败
EA7A	轻
EA7B	蜘
EA7C	坚
EA7D	齿
EA7E	组
EA7F	麻
EA80	鳗
EA81	宇
EA82	烛
EA83	幽
EA84	晶
EA85	斧
EA86	嚏
EA87	几
EA88	何
EA89	敏
EA8A	捷
EA8B	功
EA8C	夫
EA8D	父
EA8E	赤
EA8F	驹
EA90	劈
EA91	司
EA92	令
EA93	炸
EA94	雄
EA95	秃
EA96	丫
EA97	首
EA98	恶
EA99	燃
EA9A	烧
EA9B	毕
EA9C	云
EA9D	酋
EA9E	迪
EA9F	耶
EAA0	塔
EAA1	赛
EAA2	里
EAA3	狐
EAA4	呱
EAA5	贺
EAA6	掘
EAA7	彩
EAA8	蓓
EAA9	洁
EAAA	能
EAAB	鞘
EAAC	芳
EAAD	芙
EAAE	妮
EAAF	好
EAB0	鱿
EAB1	贼
EAB2	脚
EAB3	铠
EAB4	垃
EAB5	藻
EAB6	臂
EAB7	枪
EAB8	伞
EAB9	咚
EABA	碎
EABB	黏
EABC	钥
EABD	朽
EABE	南
EABF	瓜
EAC0	嗡
EAC1	哲
EAC2	裴
EAC3	格
EAC4	枭
EAC5	狙
EAC6	射
EAC7	炽
EAC8	咆
EAC9	哮
EACA	虎
EACB	漾
EACC	壬
EACD	笃
EACE	啄
EACF	铳
EAD0	少
EAD1	强
EAD2	锹
EAD3	农
EAD4	胜
EAD5	虻
EAD6	鬃
EAD7	弱
EAD8	坏
EAD9	驴
EADA	仔
EADB	重
EADC	挽
EADD	滴
EADE	伪
EADF	睡
EAE0	罩
EAE1	盗
EAE2	着
EAE3	竹
EAE4	疗
EAE5	环
EAE6	智
EAE7	挥
EAE8	猩
EAE9	掷
EAEA	胆
EAEB	噬
EAEC	堡
EAED	爷
EAEE	参
EAEF	性
EAF0	：
EAF1	银
EAF2	伴
EAF3	陨
EAF4	枕
EAF5	戈
EAF6	谜
EAF7	拟
EAF8	丘
EAF9	磨
EAFA	舵
EAFB	鳞
EAFC	杖
EAFD	璞
EAFE	・
EAFF	鸣
EB00	哞
EB01	鳍
EB02	科
EB03	莫
EB04	迦
EB05	虚
EB06	吾
EB07	肌
EB08	费
EB09	束
EB0A	辉
EB0B	纸
EB0C	御
EB0D	机
EB0E	夏
EB0F	蛋
EB10	妙
EB11	蛙
EB12	種
EB13	子
EB14	草
EB15	花
EB16	小
EB17	火
EB18	龍
EB19	恐
EB1A	噴
EB1B	傑
EB1C	尼
EB1D	龜
EB1E	卡
EB1F	咪
EB20	水
EB21	箭
EB22	綠
EB23	毛
EB24	蟲
EB25	鐵
EB26	甲
EB27	蛹
EB28	巴
EB29	大
EB2A	蝶
EB2B	獨
EB2C	角
EB2D	殼
EB2E	針
EB2F	蜂
EB30	波
EB31	比
EB32	鳥
EB33	拉
EB34	達
EB35	烈
EB36	雀
EB37	嘴
EB38	阿
EB39	柏
EB3A	蛇
EB3B	怪
EB3C	皮
EB3D	丘
EB3E	雷
EB3F	穿
EB40	山
EB41	鼠
EB42	王
EB43	多
EB44	蘭
EB45	娜
EB46	后
EB47	朗
EB48	力
EB49	諾
EB4A	可
EB4B	西
EB4C	六
EB4D	尾
EB4E	九
EB4F	胖
EB50	丁
EB51	超
EB52	音
EB53	蝠
EB54	走
EB55	路
EB56	臭
EB57	霸
EB58	派
EB59	斯
EB5A	特
EB5B	球
EB5C	摩
EB5D	魯
EB5E	蛾
EB5F	地
EB60	三
EB61	喵
EB62	貓
EB63	老
EB64	鴨
EB65	哥
EB66	猴
EB67	爆
EB68	蒂
EB69	狗
EB6A	風
EB6B	速
EB6C	蚊
EB6D	香
EB6E	蝌
EB6F	蚪
EB70	君
EB71	泳
EB72	士
EB73	凱
EB74	勇
EB75	基
EB76	胡
EB77	腕
EB78	豪
EB79	喇
EB7A	叭
EB7B	芽
EB7C	口
EB7D	呆
EB7E	食
EB7F	瑪
EB80	瑙
EB81	母
EB82	毒
EB83	刺
EB84	拳
EB85	石
EB86	隆
EB87	岩
EB88	馬
EB89	焰
EB8A	獸
EB8B	磁
EB8C	合
EB8D	一
EB8E	蔥
EB8F	嘟
EB90	利
EB91	海
EB92	獅
EB93	白
EB94	泥
EB95	舌
EB96	貝
EB97	鬼
EB98	通
EB99	耿
EB9A	催
EB9B	眠
EB9C	貘
EB9D	引
EB9E	夢
EB9F	人
EBA0	鉗
EBA1	蟹
EBA2	巨
EBA3	霹
EBA4	靂
EBA5	電
EBA6	頑
EBA7	彈
EBA8	椰
EBA9	樹
EBAA	嘎
EBAB	啦
EBAC	飛
EBAD	腿
EBAE	郎
EBAF	快
EBB0	頭
EBB1	瓦
EBB2	雙
EBB3	犀
EBB4	牛
EBB5	鑽
EBB6	吉
EBB7	蔓
EBB8	藤
EBB9	袋
EBBA	墨
EBBB	金
EBBC	魚
EBBD	星
EBBE	寶
EBBF	魔
EBC0	牆
EBC1	偶
EBC2	天
EBC3	螳
EBC4	螂
EBC5	迷
EBC6	唇
EBC7	姐
EBC8	擊
EBC9	羅
EBCA	肯
EBCB	泰
EBCC	鯉
EBCD	暴
EBCE	普
EBCF	百
EBD0	變
EBD1	伊
EBD2	布
EBD3	邊
EBD4	菊
EBD5	化
EBD6	盔
EBD7	鐮
EBD8	刀
EBD9	翼
EBDA	急
EBDB	凍
EBDC	閃
EBDD	你
EBDE	哈
EBDF	克
EBE0	幻
EBE1	葉
EBE2	月
EBE3	桂
EBE4	竺
EBE5	葵
EBE6	鋸
EBE7	鱷
EBE8	藍
EBE9	立
EBEA	咕
EBEB	夜
EBEC	鷹
EBED	芭
EBEE	瓢
EBEF	安
EBF0	圓
EBF1	絲
EBF2	蛛
EBF3	叉
EBF4	字
EBF5	燈
EBF6	籠
EBF7	古
EBF8	然
EBF9	咩
EBFA	羊
EBFB	茸
EBFC	美
EBFD	麗
EBFE	露
EBFF	才
EC00	皇
EC01	毽
EC02	棉
EC03	長
EC04	手
EC05	向
EC06	日
EC07	蜻
EC08	蜓
EC09	烏
EC0A	沼
EC0B	太
EC0C	陽
EC0D	亮
EC0E	黑
EC0F	暗
EC10	鴉
EC11	妖
EC12	未
EC13	知
EC14	圖
EC15	騰
EC16	果
EC17	翁
EC18	麒
EC19	麟
EC1A	奇
EC1B	榛
EC1C	佛
EC1D	托
EC1E	土
EC1F	弟
EC20	蠍
EC21	鋼
EC22	千
EC23	壺
EC24	赫
EC25	狃
EC26	熊
EC27	圈
EC28	熔
EC29	蝸
EC2A	豬
EC2B	珊
EC2C	瑚
EC2D	炮
EC2E	章
EC2F	桶
EC30	信
EC31	使
EC32	翅
EC33	戴
EC34	加
EC35	象
EC36	頓
EC37	Ⅱ
EC38	驚
EC39	鹿
EC3A	犬
EC3B	無
EC3C	畏
EC3D	戰
EC3E	舞
EC3F	娃
EC40	奶
EC41	罐
EC42	幸
EC43	福
EC44	公
EC45	炎
EC46	帝
EC47	幼
EC48	沙
EC49	班
EC4A	洛
EC4B	亞
EC4C	鳳
EC4D	時
EC4E	木
EC4F	守
EC50	宮
EC51	森
EC52	林
EC53	蜥
EC54	蜴
EC55	稚
EC56	雞
EC57	壯
EC58	躍
EC59	狼
EC5A	紋
EC5B	直
EC5C	衝
EC5D	繭
EC5E	狩
EC5F	獵
EC60	盾
EC61	粉
EC62	蓮
EC63	童
EC64	帽
EC65	樂
EC66	河
EC67	橡
EC68	實
EC69	鼻
EC6A	狡
EC6B	猾
EC6C	傲
EC6D	骨
EC6E	燕
EC6F	鷗
EC70	莉
EC71	奈
EC72	朵
EC73	溜
EC74	糖
EC75	雨
EC76	蘑
EC77	菇
EC78	斗
EC79	笠
EC7A	懶
EC7B	獺
EC7C	過
EC7D	動
EC7E	猿
EC7F	請
EC80	假
EC81	居
EC82	忍
EC83	面
EC84	者
EC85	脫
EC86	妞
EC87	吼
EC88	幕
EC89	下
EC8A	掌
EC8B	朝
EC8C	北
EC8D	優
EC8E	雅
EC8F	勾
EC90	魂
EC91	眼
EC92	那
EC93	恰
EC94	姆
EC95	落
EC96	正
EC97	拍
EC98	負
EC99	螢
EC9A	甜
EC9B	薔
EC9C	薇
EC9D	溶
EC9E	吞
EC9F	牙
ECA0	鯊
ECA1	鯨
ECA2	駝
ECA3	煤
ECA4	炭
ECA5	跳
ECA6	噗
ECA7	晃
ECA8	斑
ECA9	顎
ECAA	蟻
ECAB	漠
ECAC	仙
ECAD	歌
ECAE	青
ECAF	綿
ECB0	七
ECB1	夕
ECB2	鼬
ECB3	斬
ECB4	飯
ECB5	匙
ECB6	鰍
ECB7	鯰
ECB8	蝦
ECB9	兵
ECBA	螯
ECBB	秤
ECBC	念
ECBD	觸
ECBE	搖
ECBF	籃
ECC0	羽
ECC1	醜
ECC2	納
ECC3	飄
ECC4	浮
ECC5	泡
ECC6	隱
ECC7	怨
ECC8	影
ECC9	詛
ECCA	咒
ECCB	巡
ECCC	靈
ECCD	彷
ECCE	徨
ECCF	熱
ECD0	帶
ECD1	鈴
ECD2	勃
ECD3	梭
ECD4	雪
ECD5	冰
ECD6	護
ECD7	豹
ECD8	珍
ECD9	珠
ECDA	櫻
ECDB	空
ECDC	棘
ECDD	愛
ECDE	心
ECDF	啞
ECE0	屬
ECE1	艾
ECE2	歐
ECE3	蓋
ECE4	固
ECE5	坐
ECE6	祈
ECE7	代
ECE8	希
ECE9	苗
ECEA	台
ECEB	猛
ECEC	曼
ECED	拿
ECEE	兒
ECEF	狸
ECF0	法
ECF1	師
ECF2	箱
ECF3	蟀
ECF4	勒
ECF5	倫
ECF6	琴
ECF7	含
ECF8	羞
ECF9	苞
ECFA	槌
ECFB	城
ECFC	結
ECFD	貴
ECFE	婦
ECFF	紳
ED00	蜜
ED01	女
ED02	帕
ED03	茲
ED04	潛
ED05	兔
ED06	隨
ED07	捲
ED08	耳
ED09	魅
ED0A	東
ED0B	施
ED0C	鐺
ED0D	響
ED0E	坦
ED0F	銅
ED10	鏡
ED11	鐘
ED12	盆
ED13	聒
ED14	噪
ED15	陸
ED16	尖
ED17	咬
ED18	不
ED19	良
ED1A	骷
ED1B	光
ED1C	霓
ED1D	虹
ED1E	自
ED1F	舔
ED20	狂
ED21	遠
ED22	Ｚ
ED23	由
ED24	盧
ED25	席
ED26	恩
ED27	騎
ED28	色
ED29	霏
ED2A	萊
ED2B	謝
ED2C	米
ED2D	爾
ED2E	宙
ED2F	提
ED30	主
ED31	暖
ED32	炒
ED33	武
ED34	刃
ED35	丸
ED36	劍
ED37	探
ED38	步
ED39	哨
ED3A	約
ED3B	扒
ED3C	酷
ED3D	冷
ED3E	蝕
ED3F	豆
ED40	鴿
ED41	高
ED42	雉
ED43	幔
ED44	龐
ED45	滾
ED46	蝙
ED47	螺
ED48	釘
ED49	差
ED4A	搬
ED4B	運
ED4C	匠
ED4D	修
ED4E	建
ED4F	蟾
ED50	蜍
ED51	投
ED52	摔
ED53	打
ED54	包
ED55	保
ED56	足
ED57	蜈
ED58	蚣
ED59	車
ED5A	輪
ED5B	毬
ED5C	精
ED5D	根
ED5E	裙
ED5F	野
ED60	蠻
ED61	鱸
ED62	混
ED63	流
ED64	氓
ED65	紅
ED66	倒
ED67	狒
ED68	殿
ED69	滑
ED6A	巾
ED6B	徵
ED6C	哭
ED6D	具
ED6E	死
ED6F	神
ED70	棺
ED71	原
ED72	肋
ED73	始
ED74	祖
ED75	破
ED76	灰
ED77	塵
ED78	索
ED79	沫
ED7A	栗
ED7B	德
ED7C	單
ED7D	卵
ED7E	細
ED7F	胞
ED80	造
ED81	鵝
ED82	倍
ED83	四
ED84	季
ED85	萌
ED86	哎
ED87	呀
ED88	敗
ED89	輕
ED8A	蜘
ED8B	堅
ED8C	齒
ED8D	組
ED8E	麻
ED8F	鰻
ED90	宇
ED91	燭
ED92	幽
ED93	晶
ED94	斧
ED95	嚏
ED96	幾
ED97	何
ED98	敏
ED99	捷
ED9A	功
ED9B	夫
ED9C	父
ED9D	赤
ED9E	駒
ED9F	劈
EDA0	司
EDA1	令
EDA2	炸
EDA3	雄
EDA4	禿
EDA5	丫
EDA6	首
EDA7	惡
EDA8	燃
EDA9	燒
EDAA	畢
EDAB	雲
EDAC	酋
EDAD	迪
EDAE	耶
EDAF	塔
EDB0	賽
EDB1	里
EDB2	狐
EDB3	呱
EDB4	賀
EDB5	掘
EDB6	彩
EDB7	蓓
EDB8	潔
EDB9	能
EDBA	鞘
EDBB	芳
EDBC	芙
EDBD	妮
EDBE	好
EDBF	魷
EDC0	賊
EDC1	腳
EDC2	鎧
EDC3	垃
EDC4	藻
EDC5	臂
EDC6	槍
EDC7	傘
EDC8	咚
EDC9	碎
EDCA	黏
EDCB	鑰
EDCC	朽
EDCD	南
EDCE	瓜
EDCF	嗡
EDD0	哲
EDD1	裴
EDD2	格
EDD3	梟
EDD4	狙
EDD5	射
EDD6	熾
EDD7	咆
EDD8	哮
EDD9	虎
EDDA	漾
EDDB	壬
EDDC	篤
EDDD	啄
EDDE	銃
EDDF	少
EDE0	強
EDE1	鍬
EDE2	農
EDE3	勝
EDE4	虻
EDE5	鬃
EDE6	弱
EDE7	壞
EDE8	驢
EDE9	仔
EDEA	重
EDEB	挽
EDEC	滴
EDED	偽
EDEE	睡
EDEF	罩
EDF0	盜
EDF1	著
EDF2	竹
EDF3	療
EDF4	環
EDF5	智
EDF6	揮
EDF7	猩
EDF8	擲
EDF9	膽
EDFA	噬
EDFB	堡
EDFC	爺
EDFD	參
EDFE	性
EDFF	：
EE00	銀
EE01	伴
EE02	隕
EE03	枕
EE04	戈
EE05	謎
EE06	擬
EE08	磨
EE09	舵
EE0A	鱗
EE0B	杖
EE0C	璞
EE0D	・
EE0E	鳴
EE0F	哞
EE10	鰭
EE11	科
EE12	莫
EE13	迦
EE14	虛
EE15	吾
EE16	肌
EE17	費
EE18	束
EE19	輝
EE1A	紙
EE1B	御
EE1C	機
EE1D	夏
EE1E	垒
EE1F	磊
EE20	砰
EE21	奥
EE22	壘
EE23	磊
EE24	砰
EE25	丑
EE26	奧
