national	chinese_simplified	chinese_traditional
0	E800	EB0F
1	E801 E802 E803 E804	EB10 EB11 EB12 EB13
2	E801 E802 E805	EB10 EB11 EB14
3	E801 E802 E806	EB10 EB11 EB15
4	E807 E808 E809	EB16 EB17 EB18
5	E808 E80A E809	EB17 EB19 EB18
6	E80B E808 E809	EB1A EB17 EB18
7	E80C E80D E80E	EB1B EB1C EB1D
8	E80F E810 E80E	EB1E EB1F EB1D
9	E811 E812 E80E	EB20 EB21 EB1D
10	E813 E814 E815	EB22 EB23 EB24
11	E816 E817 E818	EB25 EB26 EB27
12	E819 E81A E81B	EB28 EB29 EB2A
13	E81C E81D E815	EB2B EB2C EB24
14	E816 E81E E818	EB25 EB2D EB27
15	E81A E81F E820	EB29 EB2E EB2F
16	E821 E821	EB30 EB30
17	E822 E822 E823	EB31 EB31 EB32
18	E81A E822 E823	EB29 EB31 EB32
19	E807 E824 E825	EB16 EB33 EB34
20	E824 E825	EB33 EB34
21	E826 E827	EB35 EB36
22	E81A E828 E827	EB29 EB37 EB36
23	E829 E82A E82B	EB38 EB39 EB3A
24	E829 E82A E82C	EB38 EB39 EB3B
25	E82D E80F E82E	EB3C EB1E EB3D
26	E82F E82E	EB3E EB3D
27	E830 E831 E832	EB3F EB40 EB41
28	E830 E831 E833	EB3F EB40 EB42
29	E80D E834 E835	EB1C EB43 EB44
30	E80D E834 E836	EB1C EB43 EB45
31	E80D E834 E837	EB1C EB43 EB46
32	E80D E834 E838	EB1C EB43 EB47
33	E80D E834 E839 E83A	EB1C EB43 EB48 EB49
34	E80D E834 E833	EB1C EB43 EB42
35	E82D E82D	EB3C EB3C
36	E82D E83B E83C	EB3C EB4A EB4B
37	E83D E83E	EB4C EB4D
38	E83F E83E	EB4E EB4D
39	E840 E841	EB4F EB50
40	E840 E83B E841	EB4F EB4A EB50
41	E842 E843 E844	EB51 EB52 EB53
42	E81A E828 E844	EB29 EB37 EB53
43	E845 E846 E805	EB54 EB55 EB14
44	E847 E847 E806	EB56 EB56 EB15
45	E848 E833 E806	EB57 EB42 EB15
46	E849 E824 E84A	EB58 EB33 EB59
47	E849 E824 E84A E84B	EB58 EB33 EB59 EB5A
48	E814 E84C	EB23 EB5B
49	E84D E84E E84F	EB5C EB5D EB5E
50	E850 E832	EB5F EB41
51	E851 E850 E832	EB60 EB5F EB41
52	E852 E852	EB61 EB61
53	E853 E854 E81A	EB62 EB63 EB29
54	E83B E825 E855	EB4A EB34 EB64
55	E856 E825 E855	EB65 EB34 EB64
56	E857 E82C	EB66 EB3B
57	E808 E858 E857	EB17 EB67 EB66
58	E80F E859 E85A	EB1E EB68 EB69
59	E85B E85C E85A	EB6A EB6B EB69
60	E85D E85E E85F E860	EB6C EB6D EB6E EB6F
61	E85D E85E E861	EB6C EB6D EB70
62	E85D E85E E862 E863	EB6C EB6D EB71 EB72
63	E864 E83C	EB73 EB4B
64	E865 E866 E824	EB74 EB75 EB33
65	E867 E850	EB76 EB5F
66	E868 E839	EB77 EB48
67	E869 E839	EB78 EB48
68	E82C E839	EB3B EB48
69	E86A E86B E86C	EB79 EB7A EB7B
70	E86D E86E E806	EB7C EB7D EB15
71	E81A E86F E806	EB29 EB7E EB15
72	E870 E871 E811 E872	EB7F EB80 EB20 EB81
73	E873 E874 E811 E872	EB82 EB83 EB20 EB81
74	E807 E875 E876	EB16 EB84 EB85
75	E877 E877 E876	EB86 EB86 EB85
76	E877 E877 E878	EB86 EB86 EB87
77	E807 E808 E879	EB16 EB17 EB88
78	E826 E87A E879	EB35 EB89 EB88
79	E86E E86E E87B	EB7D EB7D EB8A
80	E86E E81E E87B	EB7D EB2D EB8A
81	E807 E87C E82C	EB16 EB8B EB3B
82	E851 E87D E87E E87C E82C	EB60 EB8C EB8D EB8B EB3B
83	E81A E87F E855	EB29 EB8E EB64
84	E880 E880	EB8F EB8F
85	E880 E880 E881	EB8F EB8F EB90
86	E807 E882 E883	EB16 EB91 EB92
87	E884 E882 E883	EB93 EB91 EB92
88	E847 E885	EB56 EB94
89	E847 E847 E885	EB56 EB56 EB94
90	E81A E886 E887	EB29 EB95 EB96
91	E874 E817 E887	EB83 EB26 EB96
92	E888 E84A	EB97 EB59
93	E888 E84A E889	EB97 EB59 EB98
94	E88A E888	EB99 EB97
95	E81A E878 E82B	EB29 EB87 EB3A
96	E88B E88C E88D	EB9A EB9B EB9C
97	E88E E88F E88D E890	EB9D EB9E EB9C EB9F
98	E81A E891 E892	EB29 EBA0 EBA1
99	E893 E891 E892	EBA2 EBA0 EBA1
100	E894 E895 E896 E84C	EBA3 EBA4 EBA5 EB5B
101	E897 E82D E82F E898	EBA6 EB3C EB3E EBA7
102	E800 E800	EB0F EB0F
103	E899 E800 E89A	EBA8 EB0F EBA9
104	E80F E824 E80F E824	EB1E EB33 EB1E EB33
105	E89B E89C E89B E89C	EBAA EBAB EBAA EBAB
106	E89D E89E E89F	EBAC EBAD EBAE
107	E8A0 E875 E89F	EBAF EB84 EBAE
108	E81A E886 E8A1	EB29 EB95 EBB0
109	E8A2 E84A E898	EBB1 EB59 EBA7
110	E8A3 E898 E8A2 E84A	EBB2 EBA7 EBB1 EB59
111	E81C E81D E8A4 E8A5	EB2B EB2C EBB3 EBB4
112	E8A6 E81D E8A4 E87B	EBB5 EB2C EBB3 EB8A
113	E8A7 E881 E800	EBB6 EB90 EB0F
114	E8A8 E8A9 E82C	EBB7 EBB8 EB3B
115	E8AA E87B	EBB9 EB8A
116	E8AB E882 E879	EBBA EB91 EB88
117	E882 E874 E809	EB91 EB83 EB18
118	E81D E8AC E8AD	EB2C EBBB EBBC
119	E8AC E8AD E833	EBBB EBBC EB42
120	E882 E8AE E8AE	EB91 EBBD EBBD
121	E8AF E876 E882 E8AE	EBBE EB85 EB91 EBBD
122	E8B0 E8B1 E890 E8B2	EBBF EBC0 EB9F EBC1
123	E89D E8B3 E8B4 E8B5	EBAC EBC2 EBC3 EBC4
124	E8B6 E8B7 E8B8	EBC5 EBC6 EBC7
125	E896 E8B9 E87B	EBA5 EBC8 EB8A
126	E855 E828 E808 E87B	EB64 EB37 EB17 EB8A
127	E864 E8BA E84A	EB73 EBC9 EB59
128	E8BB E8BC E8BA	EBCA EBCB EBC9
129	E8BD E8AD E833	EBCC EBBC EB42
130	E858 E8BD E809	EBCD EBCC EB18
131	E824 E8BE E824 E84A	EB33 EBCE EB33 EB59
132	E8BF E8C0 E82C	EBCF EBD0 EB3B
133	E8C1 E8C2	EBD1 EBD2
134	E811 E8C1 E8C2	EB20 EBD1 EBD2
135	E82F E8C1 E8C2	EB3E EBD1 EBD2
136	E808 E8C1 E8C2	EB17 EBD1 EBD2
137	E834 E8C3 E87B	EB43 EBD3 EB8A
138	E8C4 E876 E87B	EBD4 EB85 EB8A
139	E834 E874 E8C4 E876 E87B	EB43 EB83 EBD4 EB85 EB8A
140	E8C5 E876 E8C6	EBD5 EB85 EBD6
141	E8C7 E8C8 E8C6	EBD7 EBD8 EBD6
142	E8C5 E876 E8C9 E809	EBD5 EB85 EBD9 EB18
143	E80F E822 E87B	EB1E EB31 EB8A
144	E8CA E8CB E823	EBDA EBDB EB32
145	E8CC E896 E823	EBDC EBA5 EB32
146	E808 E87A E823	EB17 EB89 EB32
147	E8B6 E8CD E809	EBC5 EBDD EB18
148	E8CE E8CF E809	EBDE EBDF EB18
149	E8A0 E809	EBAF EB18
150	E842 E88F	EB51 EB9E
151	E88F E8D0	EB9E EBE0
152	E8C4 E805 E8D1	EBD4 EB14 EBE1
153	E8D2 E8D3 E8D1	EBE2 EBE3 EBE1
154	E81A E8D4 E8D5	EB29 EBE4 EBE5
155	E808 E84C E832	EB17 EB5B EB41
156	E808 E878 E832	EB17 EB87 EB41
157	E808 E858 E87B	EB17 EB67 EB8A
158	E807 E8D6 E8D7	EB16 EBE6 EBE7
159	E8D8 E8D7	EBE8 EBE7
160	E81A E839 E8D7	EB29 EB48 EBE7
161	E83E E8D9	EB4D EBE9
162	E81A E83E E8D9	EB29 EB4D EBE9
163	E8DA E8DA	EBEA EBEA
164	E853 E8A1 E8DB E8DC	EB62 EBB0 EBEB EBEC
165	E8DD E8DE E815	EBED EBEE EB24
166	E8DF E8DE E815	EBEF EBEE EB24
167	E8E0 E8E1 E8E2	EBF0 EBF1 EBF2
168	E829 E881 E834 E84A	EB38 EB90 EB43 EB59
169	E8E3 E8E4 E844	EBF3 EBF4 EB53
170	E8E5 E8E6 E8AD	EBF5 EBF6 EBBC
171	E896 E8E5 E82C	EBA5 EBF5 EB3B
172	E82D E82E	EB3C EB3D
173	E82D E8AF E8AF	EB3C EBBE EBBE
174	E8AF E8AF E841	EBBE EBBE EB50
175	E821 E8CF E822	EB30 EBDF EB31
176	E821 E8CF E866 E8E7	EB30 EBDF EB75 EBF7
177	E8B3 E8E8 E827	EBC2 EBF8 EB36
178	E8B3 E8E8 E823	EBC2 EBF8 EB32
179	E8E9 E881 E8EA	EBF9 EB90 EBFA
180	E8EB E8EB E8EA	EBFB EBFB EBFA
181	E896 E809	EBA5 EB18
182	E8EC E8ED E806	EBFC EBFD EB15
183	E870 E839 E8EE	EB7F EB48 EBFE
184	E870 E839 E8EE E8ED	EB7F EB48 EBFE EBFD
185	E89A E8EF E82C	EBA9 EBFF EB3B
186	E85D E85E E802 E8F0	EB6C EB6D EB11 EC00
187	E8F1 E804 E805	EC01 EB13 EB14
188	E8F1 E804 E806	EC01 EB13 EB15
189	E8F1 E804 E8F2	EC01 EB13 EC02
190	E8F3 E83E E82C E8F4	EC03 EB4D EB3B EC04
191	E8F5 E8F6 E803 E804	EC05 EC06 EB12 EB13
192	E8F5 E8F6 E806 E82C	EC05 EC06 EB15 EB3B
193	E8F7 E8F7 E8F8	EC07 EC07 EC08
194	E8F9 E821	EC09 EB30
195	E8FA E833	EC0A EB42
196	E8FB E8FC E8C1 E8C2	EC0B EC0C EBD1 EBD2
197	E8D2 E8FD E8C1 E8C2	EBE2 EC0D EBD1 EBD2
198	E8FE E8FF E900	EC0E EC0F EC10
199	E86E E86E E833	EB7D EB7D EB42
200	E88F E901	EB9E EC11
201	E902 E903 E904 E905	EC12 EC13 EC14 EC15
202	E906 E8E8 E907	EC16 EBF8 EC17
203	E908 E909 E90A	EC18 EC19 EC1A
204	E90B E906 E84C	EC1B EC16 EB5B
205	E90C E826 E90D E84A	EC1C EB35 EC1D EB59
206	E90E E809 E90F E90F	EC1E EB18 EC1F EC1F
207	E8B3 E910	EBC2 EC20
208	E81A E911 E82B	EB29 EC21 EB3A
209	E8C2 E84E	EBD2 EB5D
210	E8C2 E84E E8F0	EBD2 EB5D EC00
211	E912 E81F E8AD	EC22 EB2E EBBC
212	E893 E891 E8B4 E8B5	EBA2 EBA0 EBC3 EBC4
213	E913 E913	EC23 EC23
214	E914 E824 E8CF E8BA E84A	EC24 EB33 EBDF EBC9 EB59
215	E915 E824	EC25 EB33
216	E916 E8AF E8AF	EC26 EBBE EBBE
217	E917 E917 E916	EC27 EC27 EC26
218	E918 E878 E815	EC28 EB87 EB24
219	E918 E878 E919 E8A5	EC28 EB87 EC29 EBB4
220	E807 E831 E91A	EB16 EB40 EC2A
221	E8F3 E814 E91A	EC03 EB23 EC2A
222	E8FB E8FC E91B E91C	EC0B EC0C EC2B EC2C
223	E816 E91D E8AD	EB25 EC2D EBBC
224	E91E E8AD E91F	EC2E EBBC EC2F
225	E920 E921 E823	EC30 EC31 EB32
226	E893 E922 E89D E8AD	EBA2 EC32 EBAC EBBC
227	E8C6 E817 E823	EBD6 EB26 EB32
228	E923 E84E E822	EC33 EB5D EB31
229	E8FE E84E E924	EC0E EB5D EC34
230	E874 E809 E833	EB83 EB18 EB42
231	E807 E807 E925	EB16 EB16 EC35
232	E926 E817	EC36 EB26
233	E834 E8C3 E87B E927	EB43 EBD3 EB8A EC37
234	E928 E81D E929	EC38 EB2C EC39
235	E904 E904 E92A	EC14 EC14 EC3A
236	E92B E92C E807 E804	EC3B EC3C EB16 EB13
237	E92D E92E E89F	EC3D EC3E EBAE
238	E8B6 E8B7 E92F	EBC5 EBC6 EC3F
239	E896 E8B9 E82C	EBA5 EBC8 EB3B
240	E855 E828 E8AF E8AF	EB64 EB37 EBBE EBBE
241	E81A E930 E931	EB29 EC40 EC41
242	E932 E933 E800	EC42 EC43 EB0F
243	E82F E934	EB3E EC44
244	E935 E936	EC45 EC46
245	E811 E861	EB20 EB70
246	E937 E866 E824 E84A	EC47 EB75 EB33 EB59
247	E938 E866 E824 E84A	EC48 EB75 EB33 EB59
248	E939 E866 E824 E84A	EC49 EB75 EB33 EB59
249	E93A E90A E93B	EC4A EC1A EC4B
250	E93C E833	EC4C EB42
251	E93D E824 E822	EC4D EB33 EB31
252	E93E E93F E940	EC4E EC4F EC50
253	E941 E942 E943 E944	EC51 EC52 EC53 EC54
254	E943 E944 E833	EC53 EC54 EB42
255	E808 E945 E946	EB17 EC55 EC56
256	E839 E947 E946	EB48 EC57 EC56
257	E808 E87A E946	EB17 EB89 EC56
258	E811 E948 E8AD	EB20 EC58 EBBC
259	E8FA E948 E8AD	EC0A EC58 EBBC
260	E893 E8FA E82C	EBA2 EC0A EB3B
261	E90E E949 E92A	EC1E EC59 EC3A
262	E81A E949 E92A	EB29 EC59 EC3A
263	E82B E94A E916	EB3A EC5A EC26
264	E94B E94C E916	EC5B EC5C EC26
265	E874 E83E E815	EB83 EB4D EB24
266	E817 E81E E94D	EB26 EB2D EC5D
267	E94E E94F E93C E81B	EC5E EC5F EC4C EB2A
268	E950 E817 E94D	EC60 EB26 EC5D
269	E873 E951 E84F	EB82 EC61 EB5E
270	E952 E8D1 E953 E804	EC62 EBE1 EC63 EB13
271	E952 E954 E807 E953	EC62 EC64 EB16 EC63
272	E955 E8B3 E956 E953	EC65 EBC2 EC66 EC63
273	E957 E958 E906	EC67 EC68 EC16
274	E8F3 E959 E8D1	EC03 EC69 EBE1
275	E95A E95B E8B3 E85A	EC6A EC6B EBC2 EB69
276	E95C E95D E95E	EC6C EC6D EC6E
277	E81A E833 E95E	EB29 EB42 EC6E
278	E8F3 E922 E95F	EC03 EC32 EC6F
279	E81A E828 E95F	EB29 EB37 EC6F
280	E824 E84E E824 E8E1	EB33 EB5D EB33 EBF1
281	E90A E84E E960 E8DF	EC1A EB5D EC70 EBEF
282	E938 E961 E962	EC48 EC71 EC72
283	E963 E963 E964 E84C	EC73 EC73 EC74 EB5B
284	E965 E922 E84F	EC75 EC32 EB5E
285	E966 E966 E967	EC76 EC76 EC77
286	E968 E969 E967	EC78 EC79 EC77
287	E96A E890 E96B	EC7A EB9F EC7B
288	E96C E96D E96E	EC7C EC7D EC7E
289	E96F E970 E833	EC7F EC80 EB42
290	E90E E971 E972 E863	EC1E EC81 EC82 EB72
291	E816 E973 E972 E974	EB25 EC83 EC82 EC84
292	E975 E81E E972 E974	EC85 EB2D EC82 EC84
293	E8DA E976 E976	EBEA EC86 EC86
294	E977 E978 E898	EC87 EB67 EBA7
295	E978 E843 E82C	EB67 EB52 EB3B
296	E979 E97A E839 E863	EC88 EC89 EB48 EB72
297	E816 E97B E839 E863	EB25 EC8A EB48 EB72
298	E8EE E839 E8ED	EBFE EB48 EBFD
299	E97C E97D E959	EC8B EC8C EC69
300	E8F5 E83E E852	EC05 EB4D EB61
301	E97E E97F E853	EC8D EC8E EB62
302	E980 E981 E982	EC8F EC90 EC91
303	E81A E828 E92F	EB29 EB37 EC3F
304	E83B E83B E834 E824	EB4A EB4A EB43 EB33
305	E83B E834 E824	EB4A EB43 EB33
306	E821 E863 E83B E834 E824	EB30 EB72 EB4A EB43 EB33
307	E870 E938 E983	EB7F EC48 EC92
308	E984 E82F E985	EC93 EB3E EC94
309	E986 E82F E87B	EC95 EB3E EB8A
310	E82F E896 E87B	EB3E EBA5 EB8A
311	E987 E896 E988 E988	EC96 EBA5 EC97 EC97
312	E989 E896 E988 E988	EC98 EBA5 EC97 EC97
313	E896 E98A E815	EBA5 EC99 EB24
314	E98B E98B E98A	EC9A EC9A EC99
315	E873 E98C E98D	EB82 EC9B EC9C
316	E98E E86F E87B	EC9D EB7E EB8A
317	E98F E86F E87B	EC9E EB7E EB8A
318	E881 E990 E8AD	EB90 EC9F EBBC
319	E893 E990 E991	EBA2 EC9F ECA0
320	E977 E977 E992	EC87 EC87 ECA1
321	E977 E992 E833	EC87 ECA1 EB42
322	E86E E808 E993	EB7D EB17 ECA2
323	E80B E808 E993	EB1A EB17 ECA2
324	E994 E995 E80E	ECA3 ECA4 EB1D
325	E996 E996 E91A	ECA5 ECA5 EC2A
326	E997 E997 E91A	ECA6 ECA6 EC2A
327	E998 E998 E999	ECA7 ECA7 ECA8
328	E81A E99A E99B	EB29 ECA9 ECAA
329	E842 E843 E821 E937 E815	EB51 EB52 EB30 EC47 EB24
330	E938 E99C E8F7 E8F8	EC48 ECAB EC07 EC08
331	E874 E84C E99D E890 E97B	EB83 EB5B ECAC EB9F EC8A
332	E88F E99E E99D E890 E97B	EB9E ECAD ECAC EB9F EC8A
333	E99F E9A0 E823	ECAE ECAF EB32
334	E9A1 E9A2 E99F E823	ECB0 ECB1 ECAE EB32
335	E853 E9A3 E9A4	EB62 ECB2 ECB3
336	E9A5 E9A6 E82B	ECB4 ECB5 EB3A
337	E8D2 E876	EBE2 EB85
338	E8FB E8FC E878	EC0B EC0C EB87
339	E885 E885 E9A7	EB94 EB94 ECB6
340	E9A8 E8AD E833	ECB7 EBBC EB42
341	E809 E9A9 E807 E9AA	EB18 ECB8 EB16 ECB9
342	E816 E9AB E809 E9A9	EB25 ECBA EB18 ECB8
343	E8B3 E9AC E8B2	EBC2 ECBB EBC1
344	E9AD E839 E90E E8B2	ECBC EB48 EC1E EBC1
345	E9AE E8F4 E8BF E87D	ECBD EC04 EBCF EB8C
346	E9AF E9B0 E8BF E87D	ECBE ECBF EBCF EB8C
347	E8FB E8E7 E9B1 E815	EC0B EBF7 ECC0 EB24
348	E8FB E8E7 E8C6 E817	EC0B EBF7 EBD6 EB26
349	E9B2 E9B2 E8AD	ECC1 ECC1 EBBC
350	E8EC E9B3 E84A	EBFC ECC2 EB59
351	E9B4 E9B5 E9B6 E9B6	ECC3 ECC4 ECC5 ECC5
352	E8C0 E9B7 E809	EBD0 ECC6 EB18
353	E9B8 E9B9 E92F E92F	ECC7 ECC8 EC3F EC3F
354	E9BA E9BB E92F E92F	ECC9 ECCA EC3F EC3F
355	E8DB E9BC E9BD	EBEB ECCB ECCC
356	E9BE E9BF E8DB E9BD	ECCD ECCE EBEB ECCC
357	E9C0 E9C1 E809	ECCF ECD0 EB18
358	E85B E9C2 E9C2	EB6A ECD1 ECD1
359	E829 E9C3 E9C4 E84E	EB38 ECD2 ECD3 EB5D
360	E807 E906 E8E8	EB16 EC16 EBF8
361	E9C5 E953 E804	ECD4 EC63 EB13
362	E9C6 E888 E9C7	ECD5 EB97 ECD6
363	E882 E9C8 E84C	EB91 ECD7 EB5B
364	E882 E8B0 E883	EB91 EBBF EB92
365	E936 E990 E882 E883	EC46 EC9F EB91 EB92
366	E9C9 E9CA E887	ECD8 ECD9 EB96
367	E94F E999 E8AD	EC5F ECA8 EBBC
368	E9CB E806 E8AD	ECDA EB15 EBBC
369	E8E7 E9CC E9CD E8AD	EBF7 ECDB ECDC EBBC
370	E9CE E9CF E8AD	ECDD ECDE EBBC
371	E8AF E887 E809	EBBE EB96 EB18
372	E817 E81E E809	EB26 EB2D EB18
373	E858 E89D E809	EBCD EBAC EB18
374	E816 E9D0 E9C2	EB25 ECDF ECD1
375	E8AC E9D1 E82C	EBBB ECE0 EB3B
376	E893 E8AC E82C	EBA2 EBBB EB3B
377	E82F E8A7 E93A E8CF	EB3E EBB6 EC4A EBDF
378	E82F E8A7 E9D2 E84A	EB3E EBB6 ECE1 EB59
379	E82F E8A7 E84A E90A E84E	EB3E EBB6 EB59 EC1A EB5D
380	E824 E936 E93B E84A	EB33 EC46 EC4B EB59
381	E824 E936 E9D3 E84A	EB33 EC46 ECE2 EB59
382	E9D4 E9D3 E80F	ECE3 ECE2 EB1E
383	E9D5 E824 E834	ECE4 EB33 EB43
384	E826 E9CC E9D6	EB35 ECDB ECE5
385	E866 E824 E9D7	EB75 EB33 ECE6
386	E9D8 E9D3 E90A E9D9 E84A	ECE7 ECE2 EC1A ECE8 EB59
387	E805 E9DA E80E	EB14 ECE9 EB1D
388	E89A E942 E80E	EBA9 EC52 EB1D
389	E90E E9DB E80E	EC1E ECEA EB1D
390	E807 E808 E87A E857	EB16 EB17 EB89 EB66
391	E9DC E808 E857	ECEB EB17 EB66
392	E826 E87A E857	EB35 EB89 EB66
393	E821 E924 E9DD	EB30 EC34 ECEC
394	E821 E8F0 E804	EB30 EC00 EB13
395	E936 E833 E9DE E821	EC46 EB42 ECED EB30
396	E985 E8CF E9DF	EC94 EBDF ECEE
397	E985 E8CF E823	EC94 EBDF EB32
398	E985 E8CF E8DC	EC94 EBDF EBEC
399	E81A E990 E9E0	EB29 EC9F ECEF
400	E81A E83E E9E0	EB29 EB4D ECEF
401	E8E0 E9E1 E9E2	EBF0 ECF0 ECF1
402	E843 E9E3 E9E4	EB52 ECF2 ECF3
403	E807 E853 E82C	EB16 EB62 EB3B
404	E9E5 E8CF E853	ECF4 EBDF EB62
405	E9E6 E9E7 E853	ECF5 ECF6 EB62
406	E9E8 E9E9 E9EA	ECF7 ECF8 ECF9
407	E8BA E8E1 E82F E962	EBC9 EBF1 EB3E EC72
408	E8A1 E9D4 E809	EBB0 ECE3 EB18
409	E92D E9EB E809	EC3D ECFA EB18
410	E950 E817 E809	EC60 EB26 EB18
411	E9C7 E9EC E809	ECD6 ECFB EB18
412	E9ED E805 E9DF	ECFC EB14 ECEE
413	E9ED E805 E9EE E9EF	ECFC EB14 ECFD ECFE
414	E9F0 E863 E84F	ECFF EB72 EB5E
415	E851 E9F1 E820	EB60 ED00 EB2F
416	E820 E9F2 E833	EB2F ED01 EB42
417	E9F3 E90A E881 E9F4	ED02 EC1A EB90 ED03
418	E862 E917 E9A3	EB71 EC27 ECB2
419	E9B5 E9F5 E9A3	ECC4 ED04 ECB2
420	E9CB E806 E8AF	ECDA EB15 EBBE
421	E9CB E806 E9DF	ECDA EB15 ECEE
422	E92B E81E E882 E9F6	EC3B EB2D EB91 ED05
423	E882 E9F6 E87B	EB91 ED05 EB8A
424	E8A3 E83E E82C E8F4	EBB2 EB4D EB3B EC04
425	E9B4 E9B4 E84C	ECC3 ECC3 EB5B
426	E9F7 E85B E84C	ED06 EB6A EB5B
427	E9F8 E9F8 E9F9	ED07 ED07 ED08
428	E8F3 E9F9 E9F6	EC03 ED08 ED05
429	E88F E901 E8B0	EB9E EC11 EBBF
430	E8F9 E900 E8A1 E8A1	EC09 EC10 EBB0 EBB0
431	E9FA E839 E852	ED09 EB48 EB61
432	E9FB E9FC E852	ED0A ED0B EB61
433	E9C2 E9FD E9FE	ECD1 ED0C ED0D
434	E847 E9A3 E997	EB56 ECB2 ECA6
435	E9FF E8CF E847 E9A3	ED0E EBDF EB56 ECB2
436	EA00 EA01 E82C	ED0F ED10 EB3B
437	E99F EA00 EA02	ECAE ED0F ED11
438	EA03 E8EF E82C	ED12 EBFF EB3B
439	E8B0 E80D E80D	EBBF EB1C EB1C
440	E807 E933 E800	EB16 EC43 EB0F
441	EA04 EA05 E823	ED13 ED14 EB32
442	E806 E878 E82C	EB15 EB87 EB3B
443	E8E0 EA06 E991	EBF0 ED15 ECA0
444	EA07 E990 EA06 E991	ED16 EC9F ED15 ECA0
445	E826 EA08 EA06 E991	EB35 ED17 ED15 ECA0
446	E807 E80F E822 E87B	EB16 EB1E EB31 EB8A
447	E881 E9D3 E846	EB90 ECE2 EB55
448	E846 E80F E881 E9D3	EB55 EB1E EB90 ECE2
449	E938 E956 E879	EC48 EC66 EB88
450	E956 E879 E87B	EC66 EB88 EB8A
451	E891 E83E E910	EBA0 EB4D EC20
452	E809 E833 E910	EB18 EB42 EC20
453	EA09 EA0A E802	ED18 ED19 EB11
454	E873 EA0B E802	EB82 ED1A EB11
455	EA07 E990 E8E6	ED16 EC9F EBF6
456	EA0C EA0D E8AD	EC99 ED1B EBBC
457	EA0E EA0F E8AD	ED1C ED1D EBBC
458	E807 E84C E89D E8AD	EB16 EB5B EBAC EBBC
459	E9C5 E969 E82C	ECD4 EC79 EB3B
460	E858 E9C5 E833	EBCD ECD4 EB42
461	E870 E915 E824	EB7F EC25 EB33
462	EA10 E978 E87C E82C	ED1E EB67 EB8B EB3B
463	E81A E886 EA11	EB29 EB95 ED1F
464	E842 E817 EA12 E8A4	EB51 EB26 ED20 EBB3
465	E893 E8A8 E8A9	EBA2 EBB7 EBB8
466	E896 E8B9 E8B0 E87B	EBA5 EBC8 EBBF EB8A
467	E855 E828 E935 E87B	EB64 EB37 EC45 EB8A
468	E821 E8CF E866 E84A	EB30 EBDF EB75 EB59
469	EA13 E8E7 E893 E8F8	ED21 EBF7 EBA2 EC08
470	E8D1 E8C1 E8C2	EBE1 EBD1 EBD2
471	E9C6 E8C1 E8C2	ECD5 EBD1 EBD2
472	E8B3 E910 E833	EBC2 EC20 EB42
473	E925 E990 E91A	EC35 EC9F EC2A
474	E834 E8C3 E87B EA14	EB43 EBD3 EB8A ED22
475	E9D2 E846 E82F E962	ECE1 EB55 EB3E EC72
476	E81A E97C E97D E959	EB29 EC8B EC8C EC69
477	E8FE E8DB E8B0 E9BD	EC0E EBEB EBBF ECCC
478	E9C5 E901 E9F2	ECD4 EC11 ED01
479	E93A E90D E985	EC4A EC1D EC94
480	EA15 E8CF E9D9	ED23 EBDF ECE8
481	E9D2 E985 E881 E834	ECE1 EC94 EB90 EB43
482	E93B E8CF E83A E985	EC4B EBDF EB49 EC94
483	E936 E990 EA16 E80F	EC46 EC9F ED24 EB1E
484	E9F3 E846 E90A E93B	ED02 EB55 EC1A EC4B
485	EA17 E834 E8D8 EA18	ED25 EB43 EBE8 ED26
486	E82F E8A7 E90A E80F E84A	EB3E EBB6 EC1A EB1E EB59
487	EA19 E824 E936 E9B3	ED27 EB33 EC46 ECC2
488	E8CF E82F EA1A E881 E93B	EBDF EB3E ED28 EB90 EC4B
489	EA1B E9D3 E9B3	ED29 ECE2 ECC2
490	E870 E9B3 EA1B	EB7F ECC2 ED29
491	E825 E8CF EA1C E8C1	EB34 EBDF ED2A EBD1
492	EA1D EA1E	ED2B ED2C
493	E829 EA1F EA20 E84A	EB38 ED2D ED2E EB59
494	E822 E8CF EA21 E80D	EB31 EBDF ED2F EB1C
495	E8A9 E8A9 E82B	EBB8 EBB8 EB3A
496	E99F E8A9 E82B	ECAE EBB8 EB3A
497	E861 EA22 E82B	EB70 ED30 EB3A
498	EA23 EA23 E91A	ED31 ED31 EC2A
499	EA24 EA24 E91A	ED32 ED32 EC2A
500	E935 EA25 E833	EC45 ED33 EB42
501	E811 E811 E96B	EB20 EB20 EC7B
502	E8A3 EA26 EA27	EBB2 ED34 ED35
503	E81A EA28 E888	EB29 ED36 EB97
504	EA29 EA29 E832	ED37 ED37 EB41
505	EA2A EA2B E832	ED38 ED39 EB41
506	E807 EA2C E8CF	EB16 ED3A EBDF
507	E8CE EA2C E8CF	EBDE ED3A EBDF
508	E8F3 E814 E85A	EC03 EB23 EB69
509	EA2D E8F4 E853	ED3B EC04 EB62
510	EA2E E9C8	ED3C ECD7
511	E806 E899 E857	EB15 EBA8 EB66
512	E806 E899 E96E	EB15 EBA8 EC7E
513	E978 E85E E857	EB67 EB6D EB66
514	E978 E85E E96E	EB67 EB6D EC7E
515	EA2F E811 E857	ED3D EB20 EB66
516	EA2F E811 E96E	ED3D EB20 EC7E
517	E86F E88F E88F	EB7E EB9E EB9E
518	E88F E88F EA30	EB9E EB9E ED3E
519	EA31 EA31 EA32	ED3F ED3F ED40
520	E8DA E8DA EA32	EBEA EBEA ED40
521	EA33 E95C EA34 E946	ED41 EC6C ED42 EC56
522	E999 E999 E879	ECA8 ECA8 EB88
523	E82F E896 E999 E879	EB3E EBA5 ECA8 EB88
524	E876 EA27 E804	EB85 ED35 EB13
525	E850 EA35 E878	EB5F ED43 EB87
526	EA36 E878 E82C	ED44 EB87 EB3B
527	EA37 EA37 EA38 E844	ED45 ED45 ED46 EB53
528	E9CF EA38 E844	ECDE ED46 EB53
529	EA39 EA3A E850 E832	ED47 ED48 EB5F EB41
530	E809 E8A1 E850 E832	EB18 EBB0 EB5F EB41
531	EA3B EA09 E834 E92F E92F	ED49 ED18 EB43 EC3F EC3F
532	EA3C EA3D E807 EA3E	ED4A ED4B EB16 ED4C
533	E816 E95D E90E E890	EB25 EC6D EC1E EB9F
534	EA3F EA40 E854 EA3E	ED4D ED4E EB63 ED4C
535	E8E0 E85F E860	EBF0 EB6E EB6F
536	E8D8 EA41 EA42	EBE8 ED4F ED50
537	EA41 EA42 E833	ED4F ED50 EB42
538	EA43 EA44 E888	ED51 ED52 EB97
539	EA45 E8B9 E888	ED53 EBC8 EB97
540	E815 E8AF EA46	EB24 EBBE ED54
541	E8AF EA46 E94D	EBBE ED54 EC5D
542	EA47 E985 E815	ED55 EB81 EB24
543	E8BF EA48 EA49 EA4A	EBCF ED56 ED57 ED58
544	EA4B EA4C E84C	ED59 ED5A ED5B
545	EA49 EA4A E833	ED57 ED58 EB42
546	E93E E8F2 E84C	EC4E EC02 EB5B
547	E85B E901 EA4D	EB6A EC11 ED5C
548	E8BF E87D EA4E E92F E92F	EBCF EB8C ED5D EC3F EC3F
549	EA4F E9DF E807 E8B8	ED5E ECEE EB16 EBC7
550	EA50 EA51 EA52 E8AD	ED5F ED60 ED61 EBBC
551	E8FE E982 E8D7	EC0E EC91 EBE7
552	EA53 EA53 E8D7	ED62 ED62 EBE7
553	EA54 EA55 E8D7	ED63 ED64 EBE7
554	E808 EA56 EA09 EA57 E907	EB17 ED65 ED18 ED66 EC17
555	E825 E84D EA58 EA58	EB34 EB5C ED67 ED67
556	E938 E9C2 E99D E890 E97B	EC48 ECD1 ECAC EB9F EC8A
557	E876 E971 E892	EB85 EC81 EBA1
558	E878 EA59 E971 E892	EB87 ED68 EC81 EBA1
559	EA5A EA5A E807 E804	ED69 ED69 EB16 EB13
560	E8A1 EA5B EA53 EA53	EBB0 ED6A ED62 ED62
561	E925 EA5C E823	EC35 ED6B EB32
562	EA5D EA5D E973 EA5E	ED6C ED6C EC83 ED6D
563	EA5F EA60 EA61	ED6E ED6F ED70
564	EA62 E9D4 E882 E80E	ED71 ECE3 EB91 EB1D
565	EA63 E95D E882 E80E	ED72 EC6D EB91 EB1D
566	EA64 EA65 E807 E823	ED73 ED74 EB16 EB32
567	EA64 EA65 E81A E823	ED73 ED74 EB29 EB32
568	EA66 EA66 E8AA	ED75 ED75 EBB9
569	EA67 EA68 E831	ED76 ED77 EB40
570	EA69 E8BA E93B	ED78 EBC9 EC4B
571	EA69 E8BA E93B E8CF	ED78 EBC9 EC4B EBDF
572	E9B6 EA6A EA6B E832	ECC5 ED79 ED7A EB41
573	E90A E83A EA6B E832	EC1A EB49 ED7A EB41
574	E856 EA6C E8AF E8AF	EB65 ED7B EBBE EBBE
575	E856 EA6C E807 E953	EB65 ED7B EB16 EC63
576	E856 EA6C E807 E8B8	EB65 ED7B EB16 EBC7
577	EA6D EA6E EA6F EA70 E84C	ED7C ED7D ED7E ED7F EB5B
578	E8A3 EA6E EA6F EA70 E84C	EBB2 ED7D ED7E ED7F EB5B
579	E890 EA71 EA6F EA70 EA6E	EB9F ED80 ED7E ED7F ED7D
580	E855 E8AF E8AF	EB64 EBBE EBBE
581	E92E E8B3 EA72	EC3E EBC2 ED81
582	E8B6 E8CD E9C6	EBC5 EBDD ECD5
583	E834 E834 E9C6	EB43 EB43 ECD5
584	E8A3 EA73 E834 E834 E9C6	EBB2 ED82 EB43 EB43 ECD5
585	EA74 EA75 E929	ED83 ED84 EC39
586	EA76 E86C E929	ED85 EB7B EC39
587	E896 E89D E832	EBA5 EBAC EB41
588	E9D4 E9D4 E815	ECE3 ECE3 EB24
589	EA19 E863 E919 E8A5	ED27 EB72 EC29 EBB4
590	EA77 EA78 E84C E967	ED86 ED87 EB5B EC77
591	EA79 E8EE E84C E967	ED88 EBFE EB5B EC77
592	EA7A E9B4 E9B4	ED89 ECC3 ECC3
593	E840 E880 E880	EB4F EB8F EB8F
594	EA47 E985 E9DD E821	ED55 EB81 ECEC EB30
595	E896 E896 E815	EBA5 EBA5 EB24
596	E896 EA7B E8E2	EBA5 ED8A EBF2
597	E803 E804 E816 E84C	EB12 EB13 EB25 EB5B
598	EA7C E906 E9D0 E9C2	ED8B EC16 ECDF ECD1
599	EA7D EA4C E9DF	ED8C ED5A ECEE
600	EA7D EA4C EA7E	ED8C ED5A ED8D
601	EA7D EA4C E82C	ED8C ED5A EB3B
602	EA7F EA7F E807 E8AD	ED8E ED8E EB16 EBBC
603	EA7F EA7F EA80	ED8E ED8E ED8F
604	EA7F EA7F EA80 E8AD E833	ED8E ED8E ED8F EBBC EB42
605	E807 EA67 E82C	EB16 ED76 EB3B
606	E81A EA81 E82C	EB29 ED90 EB3B
607	EA82 EA0D E9BD	ED91 ED1B ECCC
608	E8E5 E808 EA83 E9BD	EBF5 EB17 ED92 ECCC
609	E811 EA84 E8E5 E808 E9BD	EB20 ED93 EBF5 EB17 ECCC
610	E990 E990	EC9F EC9F
611	EA85 E990 E809	ED94 EC9F EB18
612	E8A3 EA85 E92D E809	EBB2 ED94 EC3D EB18
613	E80B EA86 E916	EB1A ED95 EC26
614	E8CB EA62 E916	EBDB ED71 EC26
615	EA87 EA88 E9C5 E806	ED96 ED97 ECD4 EB15
616	E807 E828 E919	EB16 EB37 EC29
617	EA89 EA8A E815	ED98 ED99 EB24
618	E885 E819 E8AD	EB94 EB28 EBBC
619	EA8B EA8C E9A3	ED9A ED9B ECB2
620	E9E2 EA8D E9A3	ECF1 ED9C ECB2
621	EA8E E973 E809	ED9D EC83 EB18
622	E885 E8B2 E807 E890	EB94 EBC1 EB16 EB9F
623	E885 E8B2 E893 E890	EB94 EBC1 EBA2 EB9F
624	EA8F E8C8 E807 E9AA	ED9E EBD8 EB16 ECB9
625	EA90 E9A4 EA91 EA92	ED9F ECB3 EDA0 EDA1
626	E978 EA93 E8A1 E811 E8A5	EB67 EDA2 EBB0 EB20 EBB4
627	E814 E8A1 E807 E8DC	EB23 EBB0 EB16 EBEC
628	E865 E863 EA94 E8DC	EB74 EB72 EDA3 EBEC
629	EA95 E8DC EA96 E8A1	EDA4 EBEC EDA5 EBB0
630	EA95 E8DC E836	EDA4 EBEC EB45
631	E918 E99B E87B	EC28 ECAA EB8A
632	E816 E99B	EB25 ECAA
633	EA6D EA97 E809	ED7C EDA6 EB18
634	E8A3 EA97 E858 E809	EBB2 EDA6 EBCD EB18
635	E851 EA97 EA98 E809	EB60 EDA6 EDA7 EB18
636	EA99 EA9A E815	EDA8 EDA9 EB24
637	E808 EA60 E84F	EB17 ED6F EB5E
638	E980 E9F3 E846 E907	EC8F ED02 EB55 EC17
639	E9D8 E824 E866 E907	ECE7 EB33 EB75 EC17
640	EA9B E839 E8A7 E907	EDAA EB48 EBB6 EC17
641	E809 E9F8 EA9C	EB18 ED07 EDAB
642	E82F E896 EA9C	EB3E EBA5 EDAB
643	EA1C E9D9 E824 E985	ED2A ECE8 EB33 EC94
644	EA8A E8CF E8BA E985	ED99 EBDF EBC9 EC94
645	E90E E850 EA9C	EC1E EB5F EDAB
646	EA9D E82F E985	EDAC EB3E EC94
647	E864 E846 EA9E E9D3	EB73 EB55 EDAD ECE2
648	E8EC E93A EA9F EAA0	EBFC EC4A EDAE EDAF
649	E9D4 E83A EAA1 E8CF E84B	ECE3 EB49 EDB0 EBDF EB5A
650	E8CE E839 EA6B	EBDE EB48 ED7A
651	E840 E840 E8CE E839	EB4F EB4F EBDE EB48
652	E8C2 EAA2 E80F E877	EBD2 EDB1 EB1E EB86
653	E808 EAA3 E9E0	EB17 EDB2 ECEF
654	E8F3 E83E E808 EAA3	EC03 EB4D EB17 EDB2
655	E901 E808 EA56 EAA3	EC11 EB17 ED65 EDB2
656	EAA4 EAA4 E9B6 E802	EDB3 EDB3 ECC5 EB11
657	EAA4 E8A1 E802	EDB3 EBB0 EB11
658	E817 EAA5 E972 E802	EB26 EDB4 EC82 EB11
659	EAA6 EAA6 E9F6	EDB5 EDB5 ED05
660	EAA6 E850 E9F6	EDB5 EB5F ED05
661	E807 E812 E827	EB16 EB21 EB36
662	E808 E812 E827	EB17 EB21 EB36
663	E826 E812 E8DC	EB35 EB21 EBEC
664	E951 E81B E815	EC61 EB2A EB24
665	E951 E81B E818	EC61 EB2A EB27
666	EAA7 E951 E81B	EDB6 EC61 EB2A
667	E807 E883 E883	EB16 EB92 EB92
668	E808 E935 E883	EB17 EC45 EB92
669	E806 EAA8 EAA8	EB15 EDB7 EDB7
670	E806 E8D1 E859	EB15 EBE1 EB68
671	E806 EAA9 EA8C E890	EB15 EDB8 ED9B EB9F
672	E9D6 EA19 E807 E8EA	ECE5 ED27 EB16 EBFA
673	E9D6 EA19 E831 E8EA	ECE5 ED27 EB40 EBFA
674	E897 E82D E916 E853	EBA6 EB3C EC26 EB62
675	EA54 EA55 E916 E853	ED63 ED64 EC26 EB62
676	E834 E8ED EA1E E93B	EB43 EBFD ED2C EC4B
677	E801 E852	EB10 EB61
678	E842 EAAA E801 E852	EB51 EDB9 EB10 EB61
679	E81C EA28 EAAB	EB2B ED36 EDBA
680	E8A3 EA28 EAAB	EBB2 ED36 EDBA
681	EA7C E950 EA28 E82C	ED8B EC60 ED36 EB3B
682	E951 E85E E85E	EC61 EB6D EB6D
683	EAAC E85E EA4D	EDBB EB6D ED5C
684	E9A0 E9A0 E9B6 EAAD	ECAF ECAF ECC5 EDBC
685	E840 E98B EAAE	EB4F EC9A EDBD
686	EAAF E89C EAB0	EDBE EBAB EDBF
687	E8F9 EAB1 E833	EC09 EDC0 EB42
688	E80E EAB2 EAB2	EB1D EDC1 EDC1
689	E80E EA48 E893 EAB3	EB1D ED56 EBA2 EDC2
690	EAB4 EAB4 EAB5	EDC3 EDC3 EDC4
691	E873 EAB5 E809	EB82 EDC4 EB18
692	E816 EAB6 EAB7 E9A9	EB25 EDC5 EDC6 ECB8
693	E911 E91D EAB6 E9A9	EC21 EC2D EDC5 ECB8
694	EAB8 E896 E943	EDC7 EBA5 EC53
695	EA0D E896 EAB8 E943	ED1B EBA5 EDC7 EC53
696	E8AF E8AF E858 E809	EBBE EBBE EBCD EB18
697	E82C E99A E809	EB3B ECA9 EB18
698	E9C6 E9C5 E809	ECD5 ECD4 EB18
699	E9C6 E9C5 E893 E809	ECD5 ECD4 EBA2 EB18
700	E99D E804 E8C1 E8C2	ECAC EB13 EBD1 EBD2
701	EA44 E81D E8DC E890	ED52 EB2C EBEC EB9F
702	EAB9 EAB9 E832	EDC8 EDC8 EB41
703	E807 EABA E8A6	EB16 EDC9 EBB5
704	EABB EABB E8AF	EDCA EDCA EBBE
705	EABB E8EC E9DF	EDCA EBFC ECEE
706	EABB E8EC E809	EDCA EBFC EB18
707	EABC E917 E9DF	EDCB EC27 ECEE
708	E807 E93E E9BD	EB16 EC4E ECCC
709	EABD E93E E901	EDCC EC4E EC11
710	EABE EABF EA4D	EDCD EDCE ED5C
711	EABE EABF E82C E890	EDCD EDCE EB3B EB9F
712	E9C6 E8AF	ECD5 EBBE
713	E9C6 E878 E82C	ECD5 EB87 EB3B
714	EAC0 E844	EDCF EB53
715	E843 E821 E809	EB52 EB30 EB18
716	EAC1 EA1F E80D E93B E84A	EDD0 ED2D EB1C EC4B EB59
717	E8C1 EAC2 EA1F EAA0 EA1F	EBD1 EDD1 ED2D EDAF ED2D
718	E866 EAC3 EA1F EA6C	EB75 EDD2 ED2D ED7B
719	E859 E8DF E9D9	EB68 EBEF ECE8
720	E867 E9F3	EB76 ED02
721	E821 EA1F E864 E80D EA18	EB30 ED2D EB73 EB1C ED26
722	E93E E93E EAC4	EC4E EC4E EDD3
723	EA43 E9B1 EAC4	ED51 ECC0 EDD3
724	EAC5 EAC6 E89A EAC4	EDD4 EDD5 EBA9 EDD3
725	E808 E999 E852	EB17 ECA8 EB61
726	E935 E9C0 E852	EC45 ECCF EB61
727	EAC7 E87A EAC8 EAC9 EACA	EDD6 EB89 EDD7 EDD8 EDD9
728	E84C E84C E882 E883	EB5B EB5B EB91 EB92
729	E806 EACB E882 E883	EB15 EDDA EB91 EB92
730	E83C E883 E882 EACC	EB4B EB92 EB91 EDDB
731	E807 EACD E9DF	EB16 EDDC ECEE
732	E86A E86B EACE E823	EB79 EB7A EDDD EB32
733	EACF E828 E81A E823	EDDE EB37 EB29 EB32
734	E853 E9A3 EAD0	EB62 ECB2 EDDF
735	E853 E9A3 EA29 E8F3	EB62 ECB2 ED37 EC03
736	EAD1 E99A E946 E872 E815	EDE0 ECA9 EC56 EB81 EB24
737	E815 E896 E8AF	EB24 EBA5 EBBE
738	EAD2 EAD3 E91D E815	EDE1 EDE2 EC2D EB24
739	EAAF EAD4 E892	EDBE EDE3 EBA1
740	EAAF EAD4 E814 E892	EDBE EDE3 EB23 EBA1
741	E806 E92E E823	EB15 EC3E EB32
742	EA76 EAD5	ED85 EDE4
743	E81B E9ED EA76 EAD5	EB2A ECFC ED85 EDE4
744	E878 E85A E85A	EB87 EB69 EB69
745	EAD6 E878 E949 E890	EDE5 EB87 EC59 EB9F
746	EAD7 E841 E8AD	EDE6 EB50 EBBC
747	EAAF EAD8 E8AE	EDBE EDE7 EBBD
748	E842 EAD8 E8AE	EB51 EDE7 EBBD
749	E885 EAD9 EADA	EB94 EDE8 EDE9
750	EADB E885 EADC E879	EDEA EB94 EDEB EB88
751	EADD E8E2	EDEC EBF2
752	EADD E8E2 E848	EDEC EBF2 EB57
753	EADE E8B4 E805	EDED EBC3 EB14
754	E835 E8B4 E806	EB44 EBC3 EB15
755	EADF EADF E967	EDEE EDEE EC77
756	E8E5 EAE0 E8DB E967	EBF5 EDEF EBEB EC77
757	E8DB EAE1 E808 E943	EBEB EDF0 EB17 EC53
758	E87A E837 E943	EB89 EB46 EC53
759	E953 E8B2 E916	EC63 EBC1 EC26
760	E830 EAE2 E916	EB3F EDF1 EC26
761	E98B EAE3 EAE3	EC9A EDF2 EDF2
762	E98B E92E EAAE	EC9A EC3E EDBD
763	E98B EA2F E8EC E837	EC9A ED3D EBFC EB46
764	E806 EAE4 EAE5 EAE5	EB15 EDF3 EDF4 EDF4
765	EAE6 EAE7 EAE8	EDF5 EDF6 EDF7
766	EA43 EAE9 E857	ED51 EDF8 EB66
767	EAEA E807 E815	EDF9 EB16 EB24
768	EA5E E817 EA25 E974	ED6D EB26 ED33 EC84
769	E938 E82E E92F	EC48 EB3D EC3F
770	EAEB E938 EAEC EAED	EDFA EC48 EDFB EDFC
771	E875 E882 EAEE	EB84 EB91 EDFD
772	E9D1 EAEF EAF0 E9CC	ECE0 EDFE EDFF ECDB
773	EAF1 EAF2 E92D E87B	EE00 EE01 EC3D EB8A
774	E807 EAF3 E8AE	EB16 EE02 EBBD
775	E89A EAF4 E83E E916	EBA9 EE03 EB4D EC26
776	E978 E87A E80E E87B	EB67 EB89 EB1D EB8A
777	E90D EAF5 EA6C E870 EA1F	EC1D EE04 ED7B EB7F ED2D
778	EAF6 EAF7 EAF8	EE05 EE06 FF31
779	EAF9 E990 EAA7 E82D E8AD	EE08 EC9F EDB6 EB3C EBBC
780	E854 E907 E809	EB63 EC17 EB18
781	EA66 EA66 EAFA EA4C	ED75 ED75 EE09 ED5A
782	E9CF EAFB E8AF	ECDE EE0A EBBE
783	EAFB E817 E809	EE0A EB26 EB18
784	EAFC E83E EAFB E817 E809	EE0B EB4D EE0A EB26 EB18
785	E80F EAFD EAFE EAFF EAFF	EB1E EE0C EE0D EE0E EE0E
786	E80F EAFD EAFE E81B E81B	EB1E EE0C EE0D EB2A EB2A
787	E80F EAFD EAFE EB00 EB00	EB1E EE0C EE0D EE0F EE0F
788	E80F EAFD EAFE EB01 EB01	EB1E EE0C EE0D EE10 EE10
789	EB02 E84A EB03 E8E7	EE11 EB59 EE12 EBF7
790	EB02 E84A EB03 E985	EE11 EB59 EE12 EC94
791	EA69 EA1F EB04 E82F E9D3	ED78 ED2D EE13 EB3E ECE2
792	E8EE E961 E97F E824	EBFE EC71 EC8E EB33
793	EB05 EB06 E8C1 EA6C	EE14 EE15 EBD1 ED7B
794	E978 EB07 E85D	EB67 EE16 EB6C
795	EB08 E93A E8EC E8B5	EE17 EC4A EBFC EBC4
796	E896 EB09 E93E	EBA5 EE18 EC4E
797	E816 E808 EB0A E8DB	EB25 EB17 EE19 EBEB
798	EB0B EB0C EA28	EE1A EE1B ED36
799	EA98 E86F E81A E833	EDA7 EB7E EB29 EB42
800	E961 E8CF E93A E9F4 E870	EC71 EBDF EC4A ED03 EB7F
801	E870 EB0D E97F E836	EB7F EE1C EC8E EB45
802	E870 EB0E E834	EB7F EE1D EB43
803	E873 E887 E822	EB82 EB96 EB31
804	EA74 E99A E81F E809	ED83 ECA9 EB2E EB18
805	EE1E EE1F E876	EE22 EE23 EB85
806	EE20 E8A1 E807 E9B2	EE24 EBB0 EB16 EE25
807	EA8A E824 EE21 E824	ED99 EB33 EE26 EB33
