item	x_y	omega_ruby_alpha_sapphire	sun_moon	ultra_sun_ultra_moon
1	items	items	items	items
2	items	items	items	items
3	items	items	items	items
4	items	items	items	items
5	items	items	items	items
6	items	items	items	items
7	items	items	items	items
8	items	items	items	items
9	items	items	items	items
10	items	items	items	items
11	items	items	items	items
12	items	items	items	items
13	items	items	items	items
14	items	items	items	items
15	items	items	items	items
16	items	items	items	items
17	medicine	medicine	medicine	medicine
18	medicine	medicine	medicine	medicine
19	medicine	medicine	medicine	medicine
20	medicine	medicine	medicine	medicine
21	medicine	medicine	medicine	medicine
22	medicine	medicine	medicine	medicine
23	medicine	medicine	medicine	medicine
24	medicine	medicine	medicine	medicine
25	medicine	medicine	medicine	medicine
26	medicine	medicine	medicine	medicine
27	medicine	medicine	medicine	medicine
28	medicine	medicine	medicine	medicine
29	medicine	medicine	medicine	medicine
30	medicine	medicine	medicine	medicine
31	medicine	medicine	medicine	medicine
32	medicine	medicine	medicine	medicine
33	medicine	medicine	medicine	medicine
34	medicine	medicine	medicine	medicine
35	medicine	medicine	medicine	medicine
36	medicine	medicine	medicine	medicine
37	medicine	medicine	medicine	medicine
38	medicine	medicine	medicine	medicine
39	medicine	medicine	medicine	medicine
40	medicine	medicine	medicine	medicine
41	medicine	medicine	medicine	medicine
42	medicine	medicine	medicine	medicine
43	medicine	medicine	medicine	medicine
44	medicine	medicine	medicine	medicine
45	medicine	medicine	medicine	medicine
46	medicine	medicine	medicine	medicine
47	medicine	medicine	medicine	medicine
48	medicine	medicine	medicine	medicine
49	medicine	medicine	medicine	medicine
50	medicine	medicine	medicine	medicine
51	medicine	medicine	medicine	medicine
52	medicine	medicine	medicine	medicine
53	medicine	medicine	medicine	medicine
54	medicine	medicine	medicine	medicine
55	items	items	items	items
56	items	items	items	items
57	items	items	items	items
58	items	items	items	items
59	items	items	items	items
60	items	items	items	items
61	items	items	items	items
62	items	items	items	items
63	items	items	items	items
64	items	items	items	items
65	items	medicine	medicine	medicine
66	items	medicine	medicine	medicine
67	items	medicine	medicine	medicine
68	items	items	items	items
69	items	items	items	items
70	items	items	items	items
71	items	items	items	items
72	items	items	items	items
73	items	items	items	items
74	items	items	items	items
75	items	items	items	items
76	items	items	items	items
77	items	items	items	items
78	items	items	items	items
79	items	items	items	items
80	items	items	items	items
81	items	items	items	items
82	items	items	items	items
83	items	items	items	items
84	items	items	items	items
85	items	items	items	items
86	items	items	items	items
87	items	items	items	items
88	items	items	items	items
89	items	items	items	items
90	items	items	items	items
91	items	items	items	items
92	items	items	items	items
93	items	items	items	items
94	items	items	items	items
95	items	items	items	items
96	items	items	items	items
97	items	items	items	items
98	items	items	items	items
99	items	items	items	items
100	items	items	items	items
101	items	items	items	items
102	items	items	items	items
103	items	items	items	items
104	items	items	items	items
105	items	items	items	items
106	items	items	items	items
107	items	items	items	items
108	items	items	items	items
109	items	items	items	items
110	items	items	items	items
111	items	items	items	items
112	items	items	items	items
116	items	items	items	items
117	items	items	items	items
118	items	items	items	items
119	items	items	items	items
134	medicine	medicine	medicine	medicine
135	items	items	items	items
136	items	items	items	items
137	items	items	items	items
138	items	items	items	items
139	items	items	items	items
140	items	items	items	items
141	items	items	items	items
142	items	items	items	items
143	items	items	items	items
144	items	items	items	items
145	items	items	items	items
146	items	items	items	items
147	items	items	items	items
148	items	items	items	items
149	berries	berries	berries	berries
150	berries	berries	berries	berries
151	berries	berries	berries	berries
152	berries	berries	berries	berries
153	berries	berries	berries	berries
154	berries	berries	berries	berries
155	berries	berries	berries	berries
156	berries	berries	berries	berries
157	berries	berries	berries	berries
158	berries	berries	berries	berries
159	berries	berries	berries	berries
160	berries	berries	berries	berries
161	berries	berries	berries	berries
162	berries	berries	berries	berries
163	berries	berries	berries	berries
164	berries	berries	berries	berries
165	berries	berries	berries	berries
166	berries	berries	berries	berries
167	berries	berries	berries	berries
168	berries	berries	berries	berries
169	berries	berries	berries	berries
170	berries	berries	berries	berries
171	berries	berries	berries	berries
172	berries	berries	berries	berries
173	berries	berries	berries	berries
174	berries	berries	berries	berries
175	berries	berries	berries	berries
176	berries	berries	berries	berries
177	berries	berries	berries	berries
178	berries	berries	berries	berries
179	berries	berries	berries	berries
180	berries	berries	berries	berries
181	berries	berries	berries	berries
182	berries	berries	berries	berries
183	berries	berries	berries	berries
184	berries	berries	berries	berries
185	berries	berries	berries	berries
186	berries	berries	berries	berries
187	berries	berries	berries	berries
188	berries	berries	berries	berries
189	berries	berries	berries	berries
190	berries	berries	berries	berries
191	berries	berries	berries	berries
192	berries	berries	berries	berries
193	berries	berries	berries	berries
194	berries	berries	berries	berries
195	berries	berries	berries	berries
196	berries	berries	berries	berries
197	berries	berries	berries	berries
198	berries	berries	berries	berries
199	berries	berries	berries	berries
200	berries	berries	berries	berries
201	berries	berries	berries	berries
202	berries	berries	berries	berries
203	berries	berries	berries	berries
204	berries	berries	berries	berries
205	berries	berries	berries	berries
206	berries	berries	berries	berries
207	berries	berries	berries	berries
208	berries	berries	berries	berries
209	berries	berries	berries	berries
210	berries	berries	berries	berries
211	berries	berries	berries	berries
212	berries	berries	berries	berries
213	items	items	items	items
214	items	items	items	items
215	items	items	items	items
216	key_items	key_items	key_items	key_items
217	items	items	items	items
218	items	items	items	items
219	items	items	items	items
220	items	items	items	items
221	items	items	items	items
222	items	items	items	items
223	items	items	items	items
224	items	items	items	items
225	items	items	items	items
226	items	items	items	items
227	items	items	items	items
228	items	items	items	items
229	items	items	items	items
230	items	items	items	items
231	items	items	items	items
232	items	items	items	items
233	items	items	items	items
234	items	items	items	items
235	items	items	items	items
236	items	items	items	items
237	items	items	items	items
238	items	items	items	items
239	items	items	items	items
240	items	items	items	items
241	items	items	items	items
242	items	items	items	items
243	items	items	items	items
244	items	items	items	items
245	items	items	items	items
246	items	items	items	items
247	items	items	items	items
248	items	items	items	items
249	items	items	items	items
250	items	items	items	items
251	items	items	items	items
252	items	items	items	items
253	items	items	items	items
254	items	items	items	items
255	items	items	items	items
256	items	items	items	items
257	items	items	items	items
258	items	items	items	items
259	items	items	items	items
260	items	items	items	items
261	items	items	items	items
262	items	items	items	items
263	items	items	items	items
264	items	items	items	items
265	items	items	items	items
266	items	items	items	items
267	items	items	items	items
268	items	items	items	items
269	items	items	items	items
270	items	items	items	items
271	items	items	items	items
272	items	items	items	items
273	items	items	items	items
274	items	items	items	items
275	items	items	items	items
276	items	items	items	items
277	items	items	items	items
278	items	items	items	items
279	items	items	items	items
280	items	items	items	items
281	items	items	items	items
282	items	items	items	items
283	items	items	items	items
284	items	items	items	items
285	items	items	items	items
286	items	items	items	items
287	items	items	items	items
288	items	items	items	items
289	items	items	items	items
290	items	items	items	items
291	items	items	items	items
292	items	items	items	items
293	items	items	items	items
294	items	items	items	items
295	items	items	items	items
296	items	items	items	items
297	items	items	items	items
298	items	items	items	items
299	items	items	items	items
300	items	items	items	items
301	items	items	items	items
302	items	items	items	items
303	items	items	items	items
304	items	items	items	items
305	items	items	items	items
306	items	items	items	items
307	items	items	items	items
308	items	items	items	items
309	items	items	items	items
310	items	items	items	items
311	items	items	items	items
312	items	items	items	items
313	items	items	items	items
314	items	items	items	items
315	items	items	items	items
316	items	items	items	items
317	items	items	items	items
318	items	items	items	items
319	items	items	items	items
320	items	items	items	items
321	items	items	items	items
322	items	items	items	items
323	items	items	items	items
324	items	items	items	items
325	items	items	items	items
326	items	items	items	items
327	items	items	items	items
328	tms_hms	tms_hms	tms_hms	tms_hms
329	tms_hms	tms_hms	tms_hms	tms_hms
330	tms_hms	tms_hms	tms_hms	tms_hms
331	tms_hms	tms_hms	tms_hms	tms_hms
332	tms_hms	tms_hms	tms_hms	tms_hms
333	tms_hms	tms_hms	tms_hms	tms_hms
334	tms_hms	tms_hms	tms_hms	tms_hms
335	tms_hms	tms_hms	tms_hms	tms_hms
336	tms_hms	tms_hms	tms_hms	tms_hms
337	tms_hms	tms_hms	tms_hms	tms_hms
338	tms_hms	tms_hms	tms_hms	tms_hms
339	tms_hms	tms_hms	tms_hms	tms_hms
340	tms_hms	tms_hms	tms_hms	tms_hms
341	tms_hms	tms_hms	tms_hms	tms_hms
342	tms_hms	tms_hms	tms_hms	tms_hms
343	tms_hms	tms_hms	tms_hms	tms_hms
344	tms_hms	tms_hms	tms_hms	tms_hms
345	tms_hms	tms_hms	tms_hms	tms_hms
346	tms_hms	tms_hms	tms_hms	tms_hms
347	tms_hms	tms_hms	tms_hms	tms_hms
348	tms_hms	tms_hms	tms_hms	tms_hms
349	tms_hms	tms_hms	tms_hms	tms_hms
350	tms_hms	tms_hms	tms_hms	tms_hms
351	tms_hms	tms_hms	tms_hms	tms_hms
352	tms_hms	tms_hms	tms_hms	tms_hms
353	tms_hms	tms_hms	tms_hms	tms_hms
354	tms_hms	tms_hms	tms_hms	tms_hms
355	tms_hms	tms_hms	tms_hms	tms_hms
356	tms_hms	tms_hms	tms_hms	tms_hms
357	tms_hms	tms_hms	tms_hms	tms_hms
358	tms_hms	tms_hms	tms_hms	tms_hms
359	tms_hms	tms_hms	tms_hms	tms_hms
360	tms_hms	tms_hms	tms_hms	tms_hms
361	tms_hms	tms_hms	tms_hms	tms_hms
362	tms_hms	tms_hms	tms_hms	tms_hms
363	tms_hms	tms_hms	tms_hms	tms_hms
364	tms_hms	tms_hms	tms_hms	tms_hms
365	tms_hms	tms_hms	tms_hms	tms_hms
366	tms_hms	tms_hms	tms_hms	tms_hms
367	tms_hms	tms_hms	tms_hms	tms_hms
368	tms_hms	tms_hms	tms_hms	tms_hms
369	tms_hms	tms_hms	tms_hms	tms_hms
370	tms_hms	tms_hms	tms_hms	tms_hms
371	tms_hms	tms_hms	tms_hms	tms_hms
372	tms_hms	tms_hms	tms_hms	tms_hms
373	tms_hms	tms_hms	tms_hms	tms_hms
374	tms_hms	tms_hms	tms_hms	tms_hms
375	tms_hms	tms_hms	tms_hms	tms_hms
376	tms_hms	tms_hms	tms_hms	tms_hms
377	tms_hms	tms_hms	tms_hms	tms_hms
378	tms_hms	tms_hms	tms_hms	tms_hms
379	tms_hms	tms_hms	tms_hms	tms_hms
380	tms_hms	tms_hms	tms_hms	tms_hms
381	tms_hms	tms_hms	tms_hms	tms_hms
382	tms_hms	tms_hms	tms_hms	tms_hms
383	tms_hms	tms_hms	tms_hms	tms_hms
384	tms_hms	tms_hms	tms_hms	tms_hms
385	tms_hms	tms_hms	tms_hms	tms_hms
386	tms_hms	tms_hms	tms_hms	tms_hms
387	tms_hms	tms_hms	tms_hms	tms_hms
388	tms_hms	tms_hms	tms_hms	tms_hms
389	tms_hms	tms_hms	tms_hms	tms_hms
390	tms_hms	tms_hms	tms_hms	tms_hms
391	tms_hms	tms_hms	tms_hms	tms_hms
392	tms_hms	tms_hms	tms_hms	tms_hms
393	tms_hms	tms_hms	tms_hms	tms_hms
394	tms_hms	tms_hms	tms_hms	tms_hms
395	tms_hms	tms_hms	tms_hms	tms_hms
396	tms_hms	tms_hms	tms_hms	tms_hms
397	tms_hms	tms_hms	tms_hms	tms_hms
398	tms_hms	tms_hms	tms_hms	tms_hms
399	tms_hms	tms_hms	tms_hms	tms_hms
400	tms_hms	tms_hms	tms_hms	tms_hms
401	tms_hms	tms_hms	tms_hms	tms_hms
402	tms_hms	tms_hms	tms_hms	tms_hms
403	tms_hms	tms_hms	tms_hms	tms_hms
404	tms_hms	tms_hms	tms_hms	tms_hms
405	tms_hms	tms_hms	tms_hms	tms_hms
406	tms_hms	tms_hms	tms_hms	tms_hms
407	tms_hms	tms_hms	tms_hms	tms_hms
408	tms_hms	tms_hms	tms_hms	tms_hms
409	tms_hms	tms_hms	tms_hms	tms_hms
410	tms_hms	tms_hms	tms_hms	tms_hms
411	tms_hms	tms_hms	tms_hms	tms_hms
412	tms_hms	tms_hms	tms_hms	tms_hms
413	tms_hms	tms_hms	tms_hms	tms_hms
414	tms_hms	tms_hms	tms_hms	tms_hms
415	tms_hms	tms_hms	tms_hms	tms_hms
416	tms_hms	tms_hms	tms_hms	tms_hms
417	tms_hms	tms_hms	tms_hms	tms_hms
418	tms_hms	tms_hms	tms_hms	tms_hms
419	tms_hms	tms_hms	tms_hms	tms_hms
420	tms_hms	tms_hms	tms_hms	tms_hms
421	tms_hms	tms_hms	tms_hms	tms_hms
422	tms_hms	tms_hms	tms_hms	tms_hms
423	tms_hms	tms_hms	tms_hms	tms_hms
424	tms_hms	tms_hms	tms_hms	tms_hms
425	items	tms_hms	tms_hms	tms_hms
428	key_items	key_items	key_items	key_items
429	key_items	key_items	key_items	key_items
430	key_items	key_items	key_items	key_items
431	key_items	key_items	key_items	key_items
432	key_items	key_items	key_items	key_items
433	key_items	key_items	key_items	key_items
434	key_items	key_items	key_items	key_items
435	key_items	key_items	key_items	key_items
436	key_items	key_items	key_items	key_items
437	key_items	key_items	key_items	key_items
438	key_items	key_items	key_items	key_items
439	key_items	key_items	key_items	key_items
440	key_items	key_items	key_items	key_items
441	key_items	key_items	key_items	key_items
442	key_items	key_items	key_items	key_items
443	key_items	key_items	key_items	key_items
444	key_items	key_items	key_items	key_items
445	key_items	key_items	key_items	key_items
446	key_items	key_items	key_items	key_items
447	key_items	key_items	key_items	key_items
448	key_items	key_items	key_items	key_items
449	key_items	key_items	key_items	key_items
450	key_items	key_items	key_items	key_items
451	key_items	key_items	key_items	key_items
452	key_items	key_items	key_items	key_items
453	key_items	key_items	key_items	key_items
454	key_items	key_items	key_items	key_items
455	key_items	key_items	key_items	key_items
456	key_items	key_items	key_items	key_items
457	key_items	key_items	key_items	key_items
458	key_items	key_items	key_items	key_items
459	key_items	key_items	key_items	key_items
460	key_items	key_items	key_items	key_items
461	key_items	key_items	key_items	key_items
462	key_items	key_items	key_items	key_items
463	key_items	key_items	key_items	key_items
464	key_items	key_items	key_items	key_items
465	key_items	key_items	key_items	key_items
466	key_items	key_items	key_items	key_items
467	key_items	key_items	key_items	key_items
468	key_items	key_items	key_items	key_items
469	key_items	key_items	key_items	key_items
470	key_items	key_items	key_items	key_items
471	key_items	key_items	key_items	key_items
472	key_items	key_items	key_items	key_items
473	key_items	key_items	key_items	key_items
474	key_items	key_items	key_items	key_items
475	key_items	key_items	key_items	key_items
476	key_items	key_items	key_items	key_items
477	key_items	key_items	key_items	key_items
478	key_items	key_items	key_items	key_items
479	key_items	key_items	key_items	key_items
480	key_items	key_items	key_items	key_items
481	key_items	key_items	key_items	key_items
482	key_items	key_items	key_items	key_items
483	key_items	key_items	key_items	key_items
484	key_items	key_items	key_items	key_items
485	items	items	items	items
486	items	items	items	items
487	items	items	items	items
488	items	items	items	items
489	items	items	items	items
490	items	items	items	items
491	items	items	items	items
492	items	items	items	items
493	items	items	items	items
494	items	items	items	items
495	items	items	items	items
496	items	items	items	items
497	items	items	items	items
498	items	items	items	items
499	items	items	items	items
500	items	items	items	items
501	key_items	key_items	key_items	key_items
502	key_items	key_items	key_items	key_items
503	key_items	key_items	key_items	key_items
504	medicine	medicine	medicine	medicine
505	items	items	items	items
506	items	items	items	items
507	items	items	items	items
508	items	items	items	items
509	items	items	items	items
510	items	items	items	items
511	items	items	items	items
512	items	items	items	items
513	items	items	items	items
514	items	items	items	items
515	items	items	items	items
516	items	items	items	items
517	items	items	items	items
518	items	items	items	items
519	items	items	items	items
520	items	items	items	items
521	items	items	items	items
522	items	items	items	items
523	items	items	items	items
524	items	items	items	items
525	items	items	items	items
526	items	items	items	items
527	items	items	items	items
528	items	items	items	items
529	items	items	items	items
530	items	items	items	items
531	items	items	items	items
532	key_items	key_items	key_items	key_items
533	key_items	key_items	key_items	key_items
534	key_items	items	items	items
535	key_items	items	items	items
536	key_items	key_items	key_items	key_items
537	items	items	items	items
538	items	items	items	items
539	items	items	items	items
540	items	items	items	items
541	items	items	items	items
542	items	items	items	items
543	items	items	items	items
544	items	items	items	items
545	items	items	items	items
546	items	items	items	items
547	items	items	items	items
548	items	items	items	items
549	items	items	items	items
550	items	items	items	items
551	items	items	items	items
552	items	items	items	items
553	items	items	items	items
554	items	items	items	items
555	items	items	items	items
556	items	items	items	items
557	items	items	items	items
558	items	items	items	items
559	items	items	items	items
560	items	items	items	items
561	items	items	items	items
562	items	items	items	items
563	items	items	items	items
564	items	items	items	items
565	medicine	medicine	medicine	medicine
566	medicine	medicine	medicine	medicine
567	medicine	medicine	medicine	medicine
568	medicine	medicine	medicine	medicine
569	medicine	medicine	medicine	medicine
570	medicine	medicine	medicine	medicine
571	items	items	items	items
572	items	items	items	items
573	items	items	items	items
574	key_items	key_items	key_items	key_items
575	items	items	items	items
576	items	items	items	items
577	items	items	items	items
578	key_items	key_items	key_items	key_items
579	key_items	key_items	key_items	key_items
580	items	items	items	items
581	items	items	items	items
582	items	items	items	items
583	items	items	items	items
584	items	items	items	items
585	items	items	items	items
586	items	items	items	items
587	items	items	items	items
588	items	items	items	items
589	items	items	items	items
590	items	items	items	items
591	medicine	medicine	medicine	medicine
592	items	items	items	items
593	items	items	items	items
594	items	items	items	items
595	items	items	items	items
596	items	items	items	items
597	items	items	items	items
598	items	items	items	items
599	items	items	items	items
600	items	items	items	items
601	items	items	items	items
602	items	items	items	items
603	items	items	items	items
604	items	items	items	items
605	items	items	items	items
606	items	items	items	items
607	items	items	items	items
608	items	items	items	items
609	items	items	items	items
610	items	items	items	items
611	items	items	items	items
612	items	items	items	items
613	items	items	items	items
614	items	items	items	items
615	items	items	items	items
616	key_items	key_items	key_items	key_items
617	key_items	key_items	key_items	key_items
618	tms_hms	tms_hms	tms_hms	tms_hms
619	tms_hms	tms_hms	tms_hms	tms_hms
620	tms_hms	tms_hms	tms_hms	tms_hms
621	key_items	key_items	key_items	key_items
623	key_items	key_items	key_items	key_items
624	key_items	key_items	key_items	key_items
625	key_items	key_items	key_items	key_items
626	key_items	key_items	key_items	key_items
627	key_items	key_items	key_items	key_items
628	key_items	key_items	key_items	key_items
629	key_items	key_items	key_items	key_items
630	key_items	key_items	key_items	key_items
631	key_items	key_items	key_items	key_items
632	key_items	key_items	key_items	key_items
633	key_items	key_items	key_items	key_items
634	key_items	key_items	key_items	key_items
635	key_items	key_items	key_items	key_items
636	key_items	key_items	key_items	key_items
637	key_items	key_items	key_items	key_items
638	key_items	key_items	key_items	key_items
639	items	items	items	items
640	items	items	items	items
641	key_items	key_items	key_items	key_items
642	key_items	key_items	key_items	key_items
643	key_items	key_items	key_items	key_items
644	items	items	items	items
645	medicine	medicine	medicine	medicine
646	items	items	items	items
647	items	items	items	items
648	items	items	items	items
649	items	items	items	items
650	items	items	items	items
651	key_items	key_items	key_items	key_items
652	items	items	items	items
653	items	items	items	items
654	items	items	items	items
655	items	items	items	items
656	items	items	items	items
657	items	items	items	items
658	items	items	items	items
659	items	items	items	items
660	items	items	items	items
661	items	items	items	items
662	items	items	items	items
663	items	items	items	items
664	items	items	items	items
665	items	items	items	items
666	items	items	items	items
667	items	items	items	items
668	items	items	items	items
669	items	items	items	items
670	items	items	items	items
671	items	items	items	items
672	items	items	items	items
673	items	items	items	items
674	items	items	items	items
675	items	items	items	items
676	items	items	items	items
677	items	items	items	items
678	items	items	items	items
679	items	items	items	items
680	items	items	items	items
681	items	items	items	items
682	items	items	items	items
683	items	items	items	items
684	items	items	items	items
685	items	items	items	items
686	berries	berries	berries	berries
687	berries	berries	berries	berries
688	berries	berries	berries	berries
689	key_items	key_items	key_items	key_items
690	tms_hms	tms_hms	tms_hms	tms_hms
691	tms_hms	tms_hms	tms_hms	tms_hms
692	tms_hms	tms_hms	tms_hms	tms_hms
693	tms_hms	tms_hms	tms_hms	tms_hms
694	tms_hms	tms_hms	tms_hms	tms_hms
695	key_items	key_items	key_items	key_items
696	key_items	key_items	key_items	key_items
697	key_items	key_items	key_items	key_items
698	key_items	key_items	key_items	key_items
699	items	items	items	items
700	key_items	key_items	key_items	key_items
701	key_items	key_items	key_items	key_items
702	key_items	key_items	key_items	key_items
703	key_items	key_items	key_items	key_items
704	items	items	items	items
705	key_items	key_items	key_items	key_items
706	key_items	key_items	key_items	key_items
707	key_items	key_items	key_items	key_items
708	medicine	medicine	medicine	medicine
709	medicine	medicine	medicine	medicine
710	items	items	items	items
711	items	items	items	items
712	key_items	key_items	key_items	key_items
713	key_items	key_items	key_items	key_items
714	key_items	key_items	key_items	key_items
715	items	items	items	items
716	key_items	key_items	key_items	key_items
717	key_items	key_items	key_items	key_items
718	-	key_items	key_items	key_items
719	-	key_items	key_items	key_items
720	-	key_items	key_items	key_items
721	-	key_items	key_items	key_items
722	-	key_items	key_items	key_items
723	-	key_items	key_items	key_items
724	-	key_items	key_items	key_items
725	-	key_items	key_items	key_items
726	-	key_items	key_items	key_items
727	-	key_items	key_items	key_items
728	-	key_items	key_items	key_items
729	-	key_items	key_items	key_items
730	-	key_items	key_items	key_items
731	-	key_items	key_items	key_items
732	-	key_items	key_items	key_items
733	-	key_items	key_items	key_items
734	-	key_items	key_items	key_items
735	-	key_items	key_items	key_items
736	-	key_items	key_items	key_items
737	-	tms_hms	tms_hms	tms_hms
738	-	key_items	key_items	key_items
739	-	key_items	key_items	key_items
740	-	key_items	key_items	key_items
741	-	key_items	key_items	key_items
742	-	key_items	key_items	key_items
743	-	key_items	key_items	key_items
744	-	key_items	key_items	key_items
745	-	key_items	key_items	key_items
746	-	key_items	key_items	key_items
747	-	key_items	key_items	key_items
748	-	key_items	key_items	key_items
749	-	key_items	key_items	key_items
750	-	key_items	key_items	key_items
751	-	key_items	key_items	key_items
752	-	items	items	items
753	-	items	items	items
754	-	items	items	items
755	-	items	items	items
756	-	items	items	items
757	-	items	items	items
758	-	items	items	items
759	-	items	items	items
760	-	items	items	items
761	-	items	items	items
762	-	items	items	items
763	-	items	items	items
764	-	items	items	items
765	-	key_items	key_items	key_items
766	-	key_items	key_items	key_items
767	-	items	items	items
768	-	items	items	items
769	-	items	items	items
770	-	items	items	items
771	-	key_items	key_items	key_items
772	-	key_items	key_items	key_items
773	-	key_items	key_items	key_items
774	-	key_items	key_items	key_items
775	-	key_items	key_items	key_items
795	-	-	items	items
796	-	-	items	items
797	-	-	key_items	key_items
807	-	-	z_crystals	z_crystals
808	-	-	z_crystals	z_crystals
809	-	-	z_crystals	z_crystals
810	-	-	z_crystals	z_crystals
811	-	-	z_crystals	z_crystals
812	-	-	z_crystals	z_crystals
813	-	-	z_crystals	z_crystals
814	-	-	z_crystals	z_crystals
815	-	-	z_crystals	z_crystals
816	-	-	z_crystals	z_crystals
817	-	-	z_crystals	z_crystals
818	-	-	z_crystals	z_crystals
819	-	-	z_crystals	z_crystals
820	-	-	z_crystals	z_crystals
821	-	-	z_crystals	z_crystals
822	-	-	z_crystals	z_crystals
823	-	-	z_crystals	z_crystals
824	-	-	z_crystals	z_crystals
825	-	-	z_crystals	z_crystals
826	-	-	z_crystals	z_crystals
827	-	-	z_crystals	z_crystals
828	-	-	z_crystals	z_crystals
829	-	-	z_crystals	z_crystals
830	-	-	z_crystals	z_crystals
831	-	-	z_crystals	z_crystals
832	-	-	z_crystals	z_crystals
833	-	-	z_crystals	z_crystals
834	-	-	z_crystals	z_crystals
835	-	-	z_crystals	z_crystals
841	-	-	key_items	key_items
842	-	-	key_items	key_items
843	-	-	key_items	key_items
844	-	-	items	items
845	-	-	key_items	key_items
846	-	-	items	items
847	-	-	key_items	key_items
849	-	-	items	items
850	-	-	key_items	key_items
851	-	-	items	items
852	-	-	medicine	medicine
853	-	-	items	items
854	-	-	items	items
855	-	-	items	items
856	-	-	items	items
857	-	-	key_items	key_items
858	-	-	key_items	key_items
860	-	-	key_items	key_items
879	-	-	items	items
880	-	-	items	items
881	-	-	items	items
882	-	-	items	items
883	-	-	items	items
884	-	-	items	items
904	-	-	items	items
905	-	-	items	items
906	-	-	items	items
907	-	-	items	items
908	-	-	items	items
909	-	-	items	items
910	-	-	items	items
911	-	-	items	items
912	-	-	items	items
913	-	-	items	items
914	-	-	items	items
915	-	-	items	items
916	-	-	items	items
917	-	-	items	items
918	-	-	items	items
919	-	-	items	items
920	-	-	items	items
927	-	-	-	z_crystals
928	-	-	-	z_crystals
929	-	-	-	z_crystals
930	-	-	-	z_crystals
931	-	-	-	z_crystals
932	-	-	-	z_crystals
933	-	-	-	key_items
934	-	-	-	key_items
935	-	-	-	key_items
936	-	-	-	key_items
937	-	-	-	key_items
938	-	-	-	key_items
939	-	-	-	key_items
940	-	-	-	key_items
941	-	-	-	key_items
942	-	-	-	key_items
943	-	-	-	key_items
944	-	-	-	key_items
945	-	-	-	key_items
946	-	-	-	key_items
947	-	-	-	key_items
948	-	-	-	key_items
949	-	-	-	rotom_powers
950	-	-	-	rotom_powers
951	-	-	-	rotom_powers
952	-	-	-	rotom_powers
953	-	-	-	rotom_powers
954	-	-	-	rotom_powers
955	-	-	-	rotom_powers
956	-	-	-	rotom_powers
957	-	-	-	rotom_powers
958	-	-	-	rotom_powers
959	-	-	-	rotom_powers
