national	form	from_game	hp	attack	defense	speed	special_attack	special_defense	gender_ratio	growth_rate	type_1	type_2	ability_1	ability_2	hidden_ability	egg_cycles	base_friendship
1	0	-	45	49	49	45	65	65	31	medium_slow	grass	poison	65	65	34	20	70
2	0	-	60	62	63	60	80	80	31	medium_slow	grass	poison	65	65	34	20	70
3	0	-	80	82	83	80	100	100	31	medium_slow	grass	poison	65	65	34	20	70
3	1	-	80	100	123	80	122	120	31	medium_slow	grass	poison	47	47	47	20	70
4	0	-	39	52	43	65	60	50	31	medium_slow	fire	fire	66	66	94	20	70
5	0	-	58	64	58	80	80	65	31	medium_slow	fire	fire	66	66	94	20	70
6	0	-	78	84	78	100	109	85	31	medium_slow	fire	flying	66	66	94	20	70
6	1	-	78	130	111	100	130	85	31	medium_slow	fire	dragon	181	181	181	20	70
6	2	-	78	104	78	100	159	115	31	medium_slow	fire	flying	70	70	70	20	70
7	0	-	44	48	65	43	50	64	31	medium_slow	water	water	67	67	44	20	70
8	0	-	59	63	80	58	65	80	31	medium_slow	water	water	67	67	44	20	70
9	0	-	79	83	100	78	85	105	31	medium_slow	water	water	67	67	44	20	70
9	1	-	79	103	120	78	135	115	31	medium_slow	water	water	178	178	178	20	70
10	0	-	45	30	35	45	20	20	127	medium_fast	bug	bug	19	19	50	15	70
11	0	-	50	20	55	30	25	25	127	medium_fast	bug	bug	61	61	61	15	70
12	0	-	60	45	50	70	90	80	127	medium_fast	bug	flying	14	14	110	15	70
13	0	-	40	35	30	50	20	20	127	medium_fast	bug	poison	19	19	50	15	70
14	0	-	45	25	50	35	25	25	127	medium_fast	bug	poison	61	61	61	15	70
15	0	-	65	90	40	75	45	80	127	medium_fast	bug	poison	68	68	97	15	70
15	1	omega_ruby_alpha_sapphire	65	150	40	145	15	80	127	medium_fast	bug	poison	91	91	91	15	70
16	0	-	40	45	40	56	35	35	127	medium_slow	normal	flying	51	77	145	15	70
17	0	-	63	60	55	71	50	50	127	medium_slow	normal	flying	51	77	145	15	70
18	0	-	83	80	75	101	70	70	127	medium_slow	normal	flying	51	77	145	15	70
18	1	omega_ruby_alpha_sapphire	83	80	80	121	135	80	127	medium_slow	normal	flying	99	99	99	15	70
19	0	-	30	56	35	72	25	35	127	medium_fast	normal	normal	50	62	55	15	70
19	1	sun_moon	30	56	35	72	25	35	127	medium_fast	dark	normal	82	55	47	15	70
20	0	-	55	81	60	97	50	70	127	medium_fast	normal	normal	50	62	55	15	70
20	1	sun_moon	75	71	70	77	40	80	127	medium_fast	dark	normal	82	55	47	15	70
20	2	sun_moon	75	71	70	77	40	80	127	medium_fast	dark	normal	82	55	47	15	70
21	0	-	40	60	30	70	31	31	127	medium_fast	normal	flying	51	51	97	15	70
22	0	-	65	90	65	100	61	61	127	medium_fast	normal	flying	51	51	97	15	70
23	0	-	35	60	44	55	40	54	127	medium_fast	poison	poison	22	61	127	20	70
24	0	-	60	85	69	80	65	79	127	medium_fast	poison	poison	22	61	127	20	70
24	0	sun_moon	60	95	69	80	65	79	127	medium_fast	poison	poison	22	61	127	20	70
25	0	-	35	55	40	90	50	50	127	medium_fast	electric	electric	9	9	31	10	70
25	1	omega_ruby_alpha_sapphire	35	55	40	90	50	50	127	medium_fast	electric	electric	9	9	31	10	70
25	1	sun_moon	35	55	40	90	50	50	0	medium_fast	electric	electric	9	9	31	10	70
25	2	omega_ruby_alpha_sapphire	35	55	40	90	50	50	127	medium_fast	electric	electric	9	9	31	10	70
25	2	sun_moon	35	55	40	90	50	50	0	medium_fast	electric	electric	9	9	31	10	70
25	3	omega_ruby_alpha_sapphire	35	55	40	90	50	50	127	medium_fast	electric	electric	9	9	31	10	70
25	3	sun_moon	35	55	40	90	50	50	0	medium_fast	electric	electric	9	9	31	10	70
25	4	omega_ruby_alpha_sapphire	35	55	40	90	50	50	127	medium_fast	electric	electric	9	9	31	10	70
25	4	sun_moon	35	55	40	90	50	50	0	medium_fast	electric	electric	9	9	31	10	70
25	5	omega_ruby_alpha_sapphire	35	55	40	90	50	50	127	medium_fast	electric	electric	9	9	31	10	70
25	5	sun_moon	35	55	40	90	50	50	0	medium_fast	electric	electric	9	9	31	10	70
25	6	omega_ruby_alpha_sapphire	35	55	40	90	50	50	127	medium_fast	electric	electric	9	9	31	10	70
25	6	sun_moon	35	55	40	90	50	50	0	medium_fast	electric	electric	9	9	31	10	70
25	7	ultra_sun_ultra_moon	35	55	40	90	50	50	0	medium_fast	electric	electric	9	9	31	10	70
26	0	-	60	90	55	110	90	80	127	medium_fast	electric	electric	9	9	31	10	70
26	1	sun_moon	60	85	50	110	95	85	127	medium_fast	electric	psychic	207	207	207	10	70
27	0	-	50	75	85	40	20	30	127	medium_fast	ground	ground	8	8	146	20	70
27	1	sun_moon	50	75	90	40	10	35	127	medium_fast	ice	steel	81	81	202	20	70
28	0	-	75	100	110	65	45	55	127	medium_fast	ground	ground	8	8	146	20	70
28	1	sun_moon	75	100	120	65	25	65	127	medium_fast	ice	steel	81	81	202	20	70
29	0	-	55	47	52	41	40	40	254	medium_slow	poison	poison	38	79	55	20	70
30	0	-	70	62	67	56	55	55	254	medium_slow	poison	poison	38	79	55	20	70
31	0	-	90	92	87	76	75	85	254	medium_slow	poison	ground	38	79	125	20	70
32	0	-	46	57	40	50	40	40	0	medium_slow	poison	poison	38	79	55	20	70
33	0	-	61	72	57	65	55	55	0	medium_slow	poison	poison	38	79	55	20	70
34	0	-	81	102	77	85	85	75	0	medium_slow	poison	ground	38	79	125	20	70
35	0	-	70	45	48	35	60	65	191	fast	fairy	fairy	56	98	132	10	140
36	0	-	95	70	73	60	95	90	191	fast	fairy	fairy	56	98	109	10	140
37	0	-	38	41	40	65	50	65	191	medium_fast	fire	fire	18	18	70	20	70
37	1	sun_moon	38	41	40	65	50	65	191	medium_fast	ice	ice	81	81	117	20	70
38	0	-	73	76	75	100	81	100	191	medium_fast	fire	fire	18	18	70	20	70
38	1	sun_moon	73	67	75	109	81	100	191	medium_fast	ice	fairy	81	81	117	20	70
39	0	-	115	45	20	20	45	25	191	fast	normal	fairy	56	172	132	10	70
40	0	-	140	70	45	45	85	50	191	fast	normal	fairy	56	172	119	10	70
41	0	-	40	45	35	55	30	40	127	medium_fast	poison	flying	39	39	151	15	70
42	0	-	75	80	70	90	65	75	127	medium_fast	poison	flying	39	39	151	15	70
43	0	-	45	50	55	30	75	65	127	medium_slow	grass	poison	34	34	50	20	70
44	0	-	60	65	70	40	85	75	127	medium_slow	grass	poison	34	34	1	20	70
45	0	-	75	80	85	50	110	90	127	medium_slow	grass	poison	34	34	27	20	70
46	0	-	35	70	55	25	45	55	127	medium_fast	bug	grass	27	87	6	20	70
47	0	-	60	95	80	30	60	80	127	medium_fast	bug	grass	27	87	6	20	70
48	0	-	60	55	50	45	40	55	127	medium_fast	bug	poison	14	110	50	20	70
49	0	-	70	65	60	90	90	75	127	medium_fast	bug	poison	19	110	147	20	70
50	0	-	10	55	25	95	35	45	127	medium_fast	ground	ground	8	71	159	20	70
50	1	sun_moon	10	55	30	90	35	45	127	medium_fast	ground	steel	8	221	159	20	70
51	0	-	35	80	50	120	50	70	127	medium_fast	ground	ground	8	71	159	20	70
51	0	sun_moon	35	100	50	120	50	70	127	medium_fast	ground	ground	8	71	159	20	70
51	1	sun_moon	35	100	60	110	50	70	127	medium_fast	ground	steel	8	221	159	20	70
52	0	-	40	45	35	90	40	40	127	medium_fast	normal	normal	53	101	127	20	70
52	1	sun_moon	40	35	35	90	50	40	127	medium_fast	dark	dark	53	101	155	20	70
53	0	-	65	70	60	115	65	65	127	medium_fast	normal	normal	7	101	127	20	70
53	1	sun_moon	65	60	60	115	75	65	127	medium_fast	dark	dark	169	101	155	20	70
54	0	-	50	52	48	55	65	50	127	medium_fast	water	water	6	13	33	20	70
55	0	-	80	82	78	85	95	80	127	medium_fast	water	water	6	13	33	20	70
56	0	-	40	80	35	70	35	45	127	medium_fast	fighting	fighting	72	83	128	20	70
57	0	-	65	105	60	95	60	70	127	medium_fast	fighting	fighting	72	83	128	20	70
58	0	-	55	70	45	60	70	50	63	slow	fire	fire	22	18	154	20	70
59	0	-	90	110	80	95	100	80	63	slow	fire	fire	22	18	154	20	70
60	0	-	40	50	40	90	40	40	127	medium_slow	water	water	11	6	33	20	70
61	0	-	65	65	65	90	50	50	127	medium_slow	water	water	11	6	33	20	70
62	0	-	90	95	95	70	70	90	127	medium_slow	water	fighting	11	6	33	20	70
63	0	-	25	20	15	90	105	55	63	medium_slow	psychic	psychic	28	39	98	20	70
64	0	-	40	35	30	105	120	70	63	medium_slow	psychic	psychic	28	39	98	20	70
65	0	-	55	50	45	120	135	95	63	medium_slow	psychic	psychic	28	39	98	20	70
65	1	-	55	50	65	150	175	95	63	medium_slow	psychic	psychic	36	36	36	20	70
65	1	sun_moon	55	50	65	150	175	105	63	medium_slow	psychic	psychic	36	36	36	20	70
66	0	-	70	80	50	35	35	35	63	medium_slow	fighting	fighting	62	99	80	20	70
67	0	-	80	100	70	45	50	60	63	medium_slow	fighting	fighting	62	99	80	20	70
68	0	-	90	130	80	55	65	85	63	medium_slow	fighting	fighting	62	99	80	20	70
69	0	-	50	75	35	40	70	30	127	medium_slow	grass	poison	34	34	82	20	70
70	0	-	65	90	50	55	85	45	127	medium_slow	grass	poison	34	34	82	20	70
71	0	-	80	105	65	70	100	70	127	medium_slow	grass	poison	34	34	82	20	70
72	0	-	40	40	35	70	50	100	127	slow	water	poison	29	64	44	20	70
73	0	-	80	70	65	100	80	120	127	slow	water	poison	29	64	44	20	70
74	0	-	40	80	100	20	30	30	127	medium_slow	rock	ground	69	5	8	15	70
74	1	sun_moon	40	80	100	20	30	30	127	medium_slow	rock	electric	42	5	206	15	70
75	0	-	55	95	115	35	45	45	127	medium_slow	rock	ground	69	5	8	15	70
75	1	sun_moon	55	95	115	35	45	45	127	medium_slow	rock	electric	42	5	206	15	70
76	0	-	80	120	130	45	55	65	127	medium_slow	rock	ground	69	5	8	15	70
76	1	sun_moon	80	120	130	45	55	65	127	medium_slow	rock	electric	42	5	206	15	70
77	0	-	50	85	55	90	65	65	127	medium_fast	fire	fire	50	18	49	20	70
78	0	-	65	100	70	105	80	80	127	medium_fast	fire	fire	50	18	49	20	70
79	0	-	90	65	65	15	40	40	127	medium_fast	water	psychic	12	20	144	20	70
80	0	-	95	75	110	30	100	80	127	medium_fast	water	psychic	12	20	144	20	70
80	1	omega_ruby_alpha_sapphire	95	75	180	30	130	80	127	medium_fast	water	psychic	75	75	75	20	70
81	0	-	25	35	70	45	95	55	255	medium_fast	electric	steel	42	5	148	20	70
82	0	-	50	60	95	70	120	70	255	medium_fast	electric	steel	42	5	148	20	70
83	0	-	52	65	55	60	58	62	127	medium_fast	normal	flying	51	39	128	20	70
83	0	sun_moon	52	90	55	60	58	62	127	medium_fast	normal	flying	51	39	128	20	70
84	0	-	35	85	45	75	35	35	127	medium_fast	normal	flying	50	48	77	20	70
85	0	-	60	110	70	100	60	60	127	medium_fast	normal	flying	50	48	77	20	70
85	0	sun_moon	60	110	70	110	60	60	127	medium_fast	normal	flying	50	48	77	20	70
86	0	-	65	45	55	45	45	70	127	medium_fast	water	water	47	93	115	20	70
87	0	-	90	70	80	70	70	95	127	medium_fast	water	ice	47	93	115	20	70
88	0	-	80	80	50	25	40	50	127	medium_fast	poison	poison	1	60	143	20	70
88	1	sun_moon	80	80	50	25	40	50	127	medium_fast	poison	dark	143	82	223	20	70
89	0	-	105	105	75	50	65	100	127	medium_fast	poison	poison	1	60	143	20	70
89	1	sun_moon	105	105	75	50	65	100	127	medium_fast	poison	dark	143	82	223	20	70
90	0	-	30	65	100	40	45	25	127	slow	water	water	75	92	142	20	70
91	0	-	50	95	180	70	85	45	127	slow	water	ice	75	92	142	20	70
92	0	-	30	35	30	80	100	35	127	medium_slow	ghost	poison	26	26	26	20	70
93	0	-	45	50	45	95	115	55	127	medium_slow	ghost	poison	26	26	26	20	70
94	0	-	60	65	60	110	130	75	127	medium_slow	ghost	poison	26	26	26	20	70
94	0	sun_moon	60	65	60	110	130	75	127	medium_slow	ghost	poison	130	130	130	20	70
94	1	-	60	65	80	130	170	95	127	medium_slow	ghost	poison	23	23	23	20	70
95	0	-	35	45	160	70	30	45	127	medium_fast	rock	ground	69	5	133	25	70
96	0	-	60	48	45	42	43	90	127	medium_fast	psychic	psychic	15	108	39	20	70
97	0	-	85	73	70	67	73	115	127	medium_fast	psychic	psychic	15	108	39	20	70
98	0	-	30	105	90	50	25	25	127	medium_fast	water	water	52	75	125	20	70
99	0	-	55	130	115	75	50	50	127	medium_fast	water	water	52	75	125	20	70
100	0	-	40	30	50	100	55	55	255	medium_fast	electric	electric	43	9	106	20	70
101	0	-	60	50	70	140	80	80	255	medium_fast	electric	electric	43	9	106	20	70
101	0	sun_moon	60	50	70	150	80	80	255	medium_fast	electric	electric	43	9	106	20	70
102	0	-	60	40	80	40	60	45	127	slow	grass	psychic	34	34	139	20	70
103	0	-	95	95	85	55	125	65	127	slow	grass	psychic	34	34	139	20	70
103	0	sun_moon	95	95	85	55	125	75	127	slow	grass	psychic	34	34	139	20	70
103	1	sun_moon	95	105	85	45	125	75	127	slow	grass	dragon	119	119	139	20	70
104	0	-	50	50	95	35	40	50	127	medium_fast	ground	ground	69	31	4	20	70
105	0	-	60	80	110	45	50	80	127	medium_fast	ground	ground	69	31	4	20	70
105	1	sun_moon	60	80	110	45	50	80	127	medium_fast	fire	ghost	130	31	69	20	70
105	2	ultra_sun_ultra_moon	60	80	110	45	50	80	127	medium_fast	fire	ghost	130	31	69	20	70
106	0	-	50	120	53	87	35	110	0	medium_fast	fighting	fighting	7	120	84	25	70
107	0	-	50	105	79	76	35	110	0	medium_fast	fighting	fighting	51	89	39	25	70
108	0	-	90	55	75	30	60	75	127	medium_fast	normal	normal	20	12	13	20	70
109	0	-	40	65	95	35	60	45	127	medium_fast	poison	poison	26	26	26	20	70
110	0	-	65	90	120	60	85	70	127	medium_fast	poison	poison	26	26	26	20	70
111	0	-	80	85	95	25	30	30	127	slow	ground	rock	31	69	120	20	70
112	0	-	105	130	120	40	45	45	127	slow	ground	rock	31	69	120	20	70
113	0	-	250	5	5	50	35	105	254	fast	normal	normal	30	32	131	40	140
114	0	-	65	55	115	60	100	40	127	medium_fast	grass	grass	34	102	144	20	70
115	0	-	105	95	80	90	40	80	254	medium_fast	normal	normal	48	113	39	20	70
115	1	-	105	125	100	100	60	100	254	medium_fast	normal	normal	185	185	185	20	70
116	0	-	30	40	70	60	70	25	127	medium_fast	water	water	33	97	6	20	70
117	0	-	55	65	95	85	95	45	127	medium_fast	water	water	38	97	6	20	70
118	0	-	45	67	60	63	35	50	127	medium_fast	water	water	33	41	31	20	70
119	0	-	80	92	65	68	65	80	127	medium_fast	water	water	33	41	31	20	70
120	0	-	30	45	55	85	70	55	255	slow	water	water	35	30	148	20	70
121	0	-	60	75	85	115	100	85	255	slow	water	psychic	35	30	148	20	70
122	0	-	40	45	65	90	100	120	127	medium_fast	psychic	fairy	43	111	101	25	70
123	0	-	70	110	80	105	55	80	127	medium_fast	bug	flying	68	101	80	25	70
124	0	-	65	50	35	95	115	95	254	medium_fast	ice	psychic	12	108	87	25	70
125	0	-	65	83	57	105	95	85	63	medium_fast	electric	electric	9	9	72	25	70
126	0	-	65	95	57	93	100	85	63	medium_fast	fire	fire	49	49	72	25	70
127	0	-	65	125	100	85	55	70	127	slow	bug	bug	52	104	153	25	70
127	1	-	65	155	120	105	65	90	127	slow	bug	flying	184	184	184	25	70
128	0	-	75	100	95	110	40	70	0	slow	normal	normal	22	83	125	20	70
129	0	-	20	10	55	80	15	20	127	slow	water	water	33	33	155	5	70
130	0	-	95	125	79	81	60	100	127	slow	water	flying	22	22	153	5	70
130	1	-	95	155	109	81	70	130	127	slow	water	dark	104	104	104	5	70
131	0	-	130	85	80	60	85	95	127	slow	water	ice	11	75	93	40	70
132	0	-	48	48	48	48	48	48	255	medium_fast	normal	normal	7	7	150	20	70
133	0	-	55	55	50	55	45	65	31	medium_fast	normal	normal	50	91	107	35	70
134	0	-	130	65	60	65	110	95	31	medium_fast	water	water	11	11	93	35	70
135	0	-	65	65	60	130	110	95	31	medium_fast	electric	electric	10	10	95	35	70
136	0	-	65	130	60	65	95	110	31	medium_fast	fire	fire	18	18	62	35	70
137	0	-	65	60	70	40	85	75	255	medium_fast	normal	normal	36	88	148	20	70
138	0	-	35	40	100	35	90	55	31	medium_fast	rock	water	33	75	133	30	70
139	0	-	70	60	125	55	115	70	31	medium_fast	rock	water	33	75	133	30	70
140	0	-	30	80	90	55	55	45	31	medium_fast	rock	water	33	4	133	30	70
141	0	-	60	115	105	80	65	70	31	medium_fast	rock	water	33	4	133	30	70
142	0	-	80	105	65	130	60	75	31	slow	rock	flying	69	46	127	35	70
142	1	-	80	135	85	150	70	95	31	slow	rock	flying	181	181	181	35	70
143	0	-	160	110	65	30	65	110	31	slow	normal	normal	17	47	82	40	70
144	0	-	90	85	100	85	95	125	255	slow	ice	flying	46	46	81	80	35
145	0	-	90	90	85	100	125	90	255	slow	electric	flying	46	46	9	80	35
146	0	-	90	100	90	90	125	85	255	slow	fire	flying	46	46	49	80	35
147	0	-	41	64	45	50	50	50	127	slow	dragon	dragon	61	61	63	40	35
148	0	-	61	84	65	70	70	70	127	slow	dragon	dragon	61	61	63	40	35
149	0	-	91	134	95	80	100	100	127	slow	dragon	flying	39	39	136	40	35
150	0	-	106	110	90	130	154	90	255	slow	psychic	psychic	46	46	127	120	0
150	1	-	106	190	100	130	154	100	255	slow	psychic	fighting	80	80	80	120	0
150	2	-	106	150	70	140	194	120	255	slow	psychic	psychic	15	15	15	120	0
151	0	-	100	100	100	100	100	100	255	medium_slow	psychic	psychic	28	28	28	120	100
152	0	-	45	49	65	45	49	65	31	medium_slow	grass	grass	65	65	102	20	70
153	0	-	60	62	80	60	63	80	31	medium_slow	grass	grass	65	65	102	20	70
154	0	-	80	82	100	80	83	100	31	medium_slow	grass	grass	65	65	102	20	70
155	0	-	39	52	43	65	60	50	31	medium_slow	fire	fire	66	66	18	20	70
156	0	-	58	64	58	80	80	65	31	medium_slow	fire	fire	66	66	18	20	70
157	0	-	78	84	78	100	109	85	31	medium_slow	fire	fire	66	66	18	20	70
158	0	-	50	65	64	43	44	48	31	medium_slow	water	water	67	67	125	20	70
159	0	-	65	80	80	58	59	63	31	medium_slow	water	water	67	67	125	20	70
160	0	-	85	105	100	78	79	83	31	medium_slow	water	water	67	67	125	20	70
161	0	-	35	46	34	20	35	45	127	medium_fast	normal	normal	50	51	119	15	70
162	0	-	85	76	64	90	45	55	127	medium_fast	normal	normal	50	51	119	15	70
163	0	-	60	30	30	50	36	56	127	medium_fast	normal	flying	15	51	110	15	70
164	0	-	100	50	50	70	76	96	127	medium_fast	normal	flying	15	51	110	15	70
164	0	sun_moon	100	50	50	70	86	96	127	medium_fast	normal	flying	15	51	110	15	70
165	0	-	40	20	30	55	40	80	127	fast	bug	flying	68	48	155	15	70
166	0	-	55	35	50	85	55	110	127	fast	bug	flying	68	48	89	15	70
167	0	-	40	60	40	30	40	40	127	fast	bug	poison	68	15	97	15	70
168	0	-	70	90	70	40	60	60	127	fast	bug	poison	68	15	97	15	70
168	0	sun_moon	70	90	70	40	60	70	127	fast	bug	poison	68	15	97	15	70
169	0	-	85	90	80	130	70	80	127	medium_fast	poison	flying	39	39	151	15	70
170	0	-	75	38	38	67	56	56	127	slow	water	electric	10	35	11	20	70
171	0	-	125	58	58	67	76	76	127	slow	water	electric	10	35	11	20	70
172	0	-	20	40	15	60	35	35	127	medium_fast	electric	electric	9	9	31	10	70
173	0	-	50	25	28	15	45	55	191	fast	fairy	fairy	56	98	132	10	140
174	0	-	90	30	15	15	40	20	191	fast	normal	fairy	56	172	132	10	70
175	0	-	35	20	65	20	40	65	31	fast	fairy	fairy	55	32	105	10	70
176	0	-	55	40	85	40	80	105	31	fast	fairy	flying	55	32	105	10	70
177	0	-	40	50	45	70	70	45	127	medium_fast	psychic	flying	28	48	156	20	70
178	0	-	65	75	70	95	95	70	127	medium_fast	psychic	flying	28	48	156	20	70
179	0	-	55	40	40	35	65	45	127	medium_slow	electric	electric	9	9	57	20	70
180	0	-	70	55	55	45	80	60	127	medium_slow	electric	electric	9	9	57	20	70
181	0	-	90	75	85	55	115	90	127	medium_slow	electric	electric	9	9	57	20	70
181	1	-	90	95	105	45	165	110	127	medium_slow	electric	dragon	104	104	104	20	70
182	0	-	75	80	95	50	90	100	127	medium_slow	grass	grass	34	34	131	20	70
183	0	-	70	20	50	40	20	50	127	fast	water	fairy	47	37	157	10	70
184	0	-	100	50	80	50	60	80	127	fast	water	fairy	47	37	157	10	70
185	0	-	70	100	115	30	30	65	127	medium_fast	rock	rock	5	69	155	20	70
186	0	-	90	75	75	70	90	100	127	medium_slow	water	water	11	6	2	20	70
187	0	-	35	35	40	50	35	55	127	medium_slow	grass	flying	34	102	151	20	70
188	0	-	55	45	50	80	45	65	127	medium_slow	grass	flying	34	102	151	20	70
189	0	-	75	55	70	110	55	95	127	medium_slow	grass	flying	34	102	151	20	70
190	0	-	55	70	55	85	40	55	127	fast	normal	normal	50	53	92	20	70
191	0	-	30	30	30	30	30	30	127	medium_slow	grass	grass	34	94	48	20	70
192	0	-	75	75	55	30	105	85	127	medium_slow	grass	grass	34	94	48	20	70
193	0	-	65	65	45	95	75	45	127	medium_fast	bug	flying	3	14	119	20	70
194	0	-	55	45	45	15	25	25	127	medium_fast	water	ground	6	11	109	20	70
195	0	-	95	85	85	35	65	65	127	medium_fast	water	ground	6	11	109	20	70
196	0	-	65	65	60	110	130	95	31	medium_fast	psychic	psychic	28	28	156	35	70
197	0	-	95	65	110	65	60	130	31	medium_fast	dark	dark	28	28	39	35	35
198	0	-	60	85	42	91	85	42	127	medium_slow	dark	flying	15	105	158	20	35
199	0	-	95	75	80	30	100	110	127	medium_fast	water	psychic	12	20	144	20	70
200	0	-	60	60	60	85	85	85	127	fast	ghost	ghost	26	26	26	25	35
201	0	-	48	72	48	48	72	48	255	medium_fast	psychic	psychic	26	26	26	40	70
202	0	-	190	33	58	33	33	58	127	medium_fast	psychic	psychic	23	23	140	20	70
203	0	-	70	80	65	85	90	65	127	medium_fast	normal	psychic	39	48	157	20	70
204	0	-	50	65	90	15	35	35	127	medium_fast	bug	bug	5	5	142	20	70
205	0	-	75	90	140	40	60	60	127	medium_fast	bug	steel	5	5	142	20	70
206	0	-	100	70	70	45	65	65	127	medium_fast	normal	normal	32	50	155	20	70
207	0	-	65	75	105	85	35	65	127	medium_slow	ground	flying	52	8	17	20	70
208	0	-	75	85	200	30	55	65	127	medium_fast	steel	ground	69	5	125	25	70
208	1	omega_ruby_alpha_sapphire	75	125	230	30	55	95	127	medium_fast	steel	ground	159	159	159	25	70
209	0	-	60	80	50	30	40	40	191	fast	fairy	fairy	22	50	155	20	70
210	0	-	90	120	75	45	60	60	191	fast	fairy	fairy	22	95	155	20	70
211	0	-	65	95	75	85	55	55	127	medium_fast	water	poison	38	33	22	20	70
211	0	sun_moon	65	95	85	85	55	55	127	medium_fast	water	poison	38	33	22	20	70
212	0	-	70	130	100	65	55	80	127	medium_fast	bug	steel	68	101	135	25	70
212	1	-	70	150	140	75	65	100	127	medium_fast	bug	steel	101	101	101	25	70
213	0	-	20	10	230	5	10	230	127	medium_slow	bug	rock	5	82	126	20	70
214	0	-	80	125	75	85	40	95	127	slow	bug	fighting	68	62	153	25	70
214	1	-	80	185	115	75	40	105	127	slow	bug	fighting	92	92	92	25	70
215	0	-	55	95	55	115	35	75	127	medium_slow	dark	ice	39	51	124	20	35
216	0	-	60	80	50	40	50	50	127	medium_fast	normal	normal	53	95	118	20	70
217	0	-	90	130	75	55	75	75	127	medium_fast	normal	normal	62	95	127	20	70
218	0	-	40	40	40	20	70	40	127	medium_fast	fire	fire	40	49	133	20	70
219	0	-	50	50	120	30	80	80	127	medium_fast	fire	rock	40	49	133	20	70
219	0	sun_moon	60	50	120	30	90	80	127	medium_fast	fire	rock	40	49	133	20	70
220	0	-	50	50	40	50	30	30	127	slow	ice	ground	12	81	47	20	70
221	0	-	100	100	80	50	60	60	127	slow	ice	ground	12	81	47	20	70
222	0	-	55	55	85	35	65	85	191	fast	water	rock	55	30	144	20	70
222	0	sun_moon	65	55	95	35	65	95	191	fast	water	rock	55	30	144	20	70
223	0	-	35	65	35	65	65	35	127	medium_fast	water	water	55	97	141	20	70
224	0	-	75	105	75	45	105	75	127	medium_fast	water	water	21	97	141	20	70
225	0	-	45	55	45	75	65	45	127	fast	ice	flying	72	55	15	20	70
226	0	-	65	40	70	70	80	140	127	slow	water	flying	33	11	41	25	70
226	0	sun_moon	85	40	70	70	80	140	127	slow	water	flying	33	11	41	25	70
227	0	-	65	80	140	70	40	70	127	slow	steel	flying	51	5	133	25	70
228	0	-	45	60	30	65	80	50	127	slow	dark	fire	48	18	127	20	35
229	0	-	75	90	50	95	110	80	127	slow	dark	fire	48	18	127	20	35
229	1	-	75	90	90	115	140	90	127	slow	dark	fire	94	94	94	20	35
230	0	-	75	95	95	85	95	95	127	medium_fast	water	dragon	33	97	6	20	70
231	0	-	90	60	60	40	40	40	127	medium_fast	ground	ground	53	53	8	20	70
232	0	-	90	120	120	50	60	60	127	medium_fast	ground	ground	5	5	8	20	70
233	0	-	85	80	90	60	105	95	255	medium_fast	normal	normal	36	88	148	20	70
234	0	-	73	95	62	85	85	65	127	slow	normal	normal	22	119	157	20	70
235	0	-	55	20	35	75	20	45	127	fast	normal	normal	20	101	141	20	70
236	0	-	35	35	35	35	35	35	0	medium_fast	fighting	fighting	62	80	72	25	70
237	0	-	50	95	95	70	35	110	0	medium_fast	fighting	fighting	22	101	80	25	70
238	0	-	45	30	15	65	85	65	254	medium_fast	ice	psychic	12	108	93	25	70
239	0	-	45	63	37	95	65	55	63	medium_fast	electric	electric	9	9	72	25	70
240	0	-	45	75	37	83	70	55	63	medium_fast	fire	fire	49	49	72	25	70
241	0	-	95	80	105	100	40	70	254	slow	normal	normal	47	113	157	20	70
242	0	-	255	10	10	55	75	135	254	fast	normal	normal	30	32	131	40	140
243	0	-	90	85	75	115	115	100	255	slow	electric	electric	46	46	10	80	35
243	0	sun_moon	90	85	75	115	115	100	255	slow	electric	electric	46	46	39	80	35
244	0	-	115	115	85	100	90	75	255	slow	fire	fire	46	46	18	80	35
244	0	sun_moon	115	115	85	100	90	75	255	slow	fire	fire	46	46	39	80	35
245	0	-	100	75	115	85	90	115	255	slow	water	water	46	46	11	80	35
245	0	sun_moon	100	75	115	85	90	115	255	slow	water	water	46	46	39	80	35
246	0	-	50	64	50	41	45	50	127	slow	rock	ground	62	62	8	40	35
247	0	-	70	84	70	51	65	70	127	slow	rock	ground	61	61	61	40	35
248	0	-	100	134	110	61	95	100	127	slow	rock	dark	45	45	127	40	35
248	1	-	100	164	150	71	95	120	127	slow	rock	dark	45	45	45	40	35
249	0	-	106	90	130	110	90	154	255	slow	psychic	flying	46	46	136	120	0
250	0	-	106	130	90	90	110	154	255	slow	fire	flying	46	46	144	120	0
251	0	-	100	100	100	100	100	100	255	medium_slow	psychic	grass	30	30	30	120	100
252	0	-	40	45	35	70	65	55	31	medium_slow	grass	grass	65	65	84	20	70
253	0	-	50	65	45	95	85	65	31	medium_slow	grass	grass	65	65	84	20	70
254	0	-	70	85	65	120	105	85	31	medium_slow	grass	grass	65	65	84	20	70
254	1	omega_ruby_alpha_sapphire	70	110	75	145	145	85	31	medium_slow	grass	dragon	31	31	31	20	70
255	0	-	45	60	40	45	70	50	31	medium_slow	fire	fire	66	66	3	20	70
256	0	-	60	85	60	55	85	60	31	medium_slow	fire	fighting	66	66	3	20	70
257	0	-	80	120	70	80	110	70	31	medium_slow	fire	fighting	66	66	3	20	70
257	1	-	80	160	80	100	130	80	31	medium_slow	fire	fighting	3	3	3	20	70
258	0	-	50	70	50	40	50	50	31	medium_slow	water	water	67	67	6	20	70
259	0	-	70	85	70	50	60	70	31	medium_slow	water	ground	67	67	6	20	70
260	0	-	100	110	90	60	85	90	31	medium_slow	water	ground	67	67	6	20	70
260	1	omega_ruby_alpha_sapphire	100	150	110	70	95	110	31	medium_slow	water	ground	33	33	33	20	70
261	0	-	35	55	35	35	30	30	127	medium_fast	dark	dark	50	95	155	15	70
262	0	-	70	90	70	70	60	60	127	medium_fast	dark	dark	22	95	153	15	70
263	0	-	38	30	41	60	30	41	127	medium_fast	normal	normal	53	82	95	15	70
264	0	-	78	70	61	100	50	61	127	medium_fast	normal	normal	53	82	95	15	70
265	0	-	45	45	35	20	20	30	127	medium_fast	bug	bug	19	19	50	15	70
266	0	-	50	35	55	15	25	25	127	medium_fast	bug	bug	61	61	61	15	70
267	0	-	60	70	50	65	100	50	127	medium_fast	bug	flying	68	68	79	15	70
268	0	-	50	35	55	15	25	25	127	medium_fast	bug	bug	61	61	61	15	70
269	0	-	60	50	70	65	50	90	127	medium_fast	bug	poison	19	19	14	15	70
270	0	-	40	30	30	30	40	50	127	medium_slow	water	grass	33	44	20	15	70
271	0	-	60	50	50	50	60	70	127	medium_slow	water	grass	33	44	20	15	70
272	0	-	80	70	70	70	90	100	127	medium_slow	water	grass	33	44	20	15	70
273	0	-	40	40	50	30	30	30	127	medium_slow	grass	grass	34	48	124	15	70
274	0	-	70	70	40	60	60	40	127	medium_slow	grass	dark	34	48	124	15	70
275	0	-	90	100	60	80	90	60	127	medium_slow	grass	dark	34	48	124	15	70
276	0	-	40	55	30	85	30	30	127	medium_slow	normal	flying	62	62	113	15	70
277	0	-	60	85	60	125	50	50	127	medium_slow	normal	flying	62	62	113	15	70
277	0	sun_moon	60	85	60	125	75	50	127	medium_slow	normal	flying	62	62	113	15	70
278	0	-	40	30	30	85	55	30	127	medium_fast	water	flying	51	51	44	20	70
278	0	sun_moon	40	30	30	85	55	30	127	medium_fast	water	flying	51	93	44	20	70
279	0	-	60	50	100	65	85	70	127	medium_fast	water	flying	51	51	44	20	70
279	0	sun_moon	60	50	100	65	95	70	127	medium_fast	water	flying	51	2	44	20	70
280	0	-	28	25	25	40	45	35	127	slow	psychic	fairy	28	36	140	20	35
281	0	-	38	35	35	50	65	55	127	slow	psychic	fairy	28	36	140	20	35
282	0	-	68	65	65	80	125	115	127	slow	psychic	fairy	28	36	140	20	35
282	1	-	68	85	65	100	165	135	127	slow	psychic	fairy	182	182	182	20	35
283	0	-	40	30	32	65	50	52	127	medium_fast	bug	water	33	33	44	15	70
284	0	-	70	60	62	60	80	82	127	medium_fast	bug	flying	22	22	127	15	70
284	0	sun_moon	70	60	62	80	100	82	127	medium_fast	bug	flying	22	22	127	15	70
285	0	-	60	40	60	35	40	60	127	fluctuating	grass	grass	27	90	95	15	70
286	0	-	60	130	80	70	60	60	127	fluctuating	grass	fighting	27	90	101	15	70
287	0	-	60	60	60	30	35	35	127	slow	normal	normal	54	54	54	15	70
288	0	-	80	80	80	90	55	55	127	slow	normal	normal	72	72	72	15	70
289	0	-	150	160	100	100	95	65	127	slow	normal	normal	54	54	54	15	70
290	0	-	31	45	90	40	30	30	127	erratic	bug	ground	14	14	50	15	70
291	0	-	61	90	45	160	50	50	127	erratic	bug	flying	3	3	151	15	70
292	0	-	1	90	45	40	30	30	255	erratic	bug	ghost	25	25	25	15	70
293	0	-	64	51	23	28	51	23	127	medium_slow	normal	normal	43	43	155	20	70
294	0	-	84	71	43	48	71	43	127	medium_slow	normal	normal	43	43	113	20	70
295	0	-	104	91	63	68	91	73	127	medium_slow	normal	normal	43	43	113	20	70
296	0	-	72	60	30	25	20	30	63	fluctuating	fighting	fighting	47	62	125	20	70
297	0	-	144	120	60	50	40	60	63	fluctuating	fighting	fighting	47	62	125	20	70
298	0	-	50	20	40	20	20	40	191	fast	normal	fairy	47	37	157	10	70
299	0	-	30	45	135	30	45	90	127	medium_fast	rock	rock	5	42	159	20	70
300	0	-	50	45	45	50	35	35	191	fast	normal	normal	56	96	147	15	70
301	0	-	70	65	65	70	55	55	191	fast	normal	normal	56	96	147	15	70
301	0	sun_moon	70	65	65	90	55	55	191	fast	normal	normal	56	96	147	15	70
302	0	-	50	75	75	50	65	65	127	medium_slow	dark	ghost	51	100	158	25	35
302	1	omega_ruby_alpha_sapphire	50	85	125	20	85	115	127	medium_slow	dark	ghost	156	156	156	25	35
303	0	-	50	85	85	50	55	55	127	fast	steel	fairy	52	22	125	20	70
303	1	-	50	105	125	50	55	95	127	fast	steel	fairy	37	37	37	20	70
304	0	-	50	70	100	30	40	40	127	slow	steel	rock	5	69	134	35	35
305	0	-	60	90	140	40	50	50	127	slow	steel	rock	5	69	134	35	35
306	0	-	70	110	180	50	60	60	127	slow	steel	rock	5	69	134	35	35
306	1	-	70	140	230	50	60	80	127	slow	steel	steel	111	111	111	35	35
307	0	-	30	40	55	60	40	55	127	medium_fast	fighting	psychic	74	74	140	20	70
308	0	-	60	60	75	80	60	75	127	medium_fast	fighting	psychic	74	74	140	20	70
308	1	-	60	100	85	100	80	85	127	medium_fast	fighting	psychic	74	74	74	20	70
309	0	-	40	45	40	65	65	40	127	slow	electric	electric	9	31	58	20	70
310	0	-	70	75	60	105	105	60	127	slow	electric	electric	9	31	58	20	70
310	1	-	70	75	80	135	135	80	127	slow	electric	electric	22	22	22	20	70
311	0	-	60	50	40	95	85	75	127	medium_fast	electric	electric	57	57	31	20	70
312	0	-	60	40	50	95	75	85	127	medium_fast	electric	electric	58	58	10	20	70
313	0	-	65	73	55	85	47	75	0	erratic	bug	bug	35	68	158	15	70
313	0	sun_moon	65	73	75	85	47	85	0	erratic	bug	bug	35	68	158	15	70
314	0	-	65	47	55	85	73	75	254	fluctuating	bug	bug	12	110	158	15	70
314	0	sun_moon	65	47	75	85	73	85	254	fluctuating	bug	bug	12	110	158	15	70
315	0	-	50	60	45	65	100	80	127	medium_slow	grass	poison	30	38	102	20	70
316	0	-	70	43	53	40	43	53	127	fluctuating	poison	poison	64	60	82	20	70
317	0	-	100	73	83	55	73	83	127	fluctuating	poison	poison	64	60	82	20	70
318	0	-	45	90	20	65	65	20	127	slow	water	dark	24	24	3	20	35
319	0	-	70	120	40	95	95	40	127	slow	water	dark	24	24	3	20	35
319	1	omega_ruby_alpha_sapphire	70	140	70	105	110	65	127	slow	water	dark	173	173	173	20	35
320	0	-	130	70	35	60	70	35	127	fluctuating	water	water	41	12	46	40	70
321	0	-	170	90	45	60	90	45	127	fluctuating	water	water	41	12	46	40	70
322	0	-	60	60	40	35	65	45	127	medium_fast	fire	ground	12	86	20	20	70
323	0	-	70	100	70	40	105	75	127	medium_fast	fire	ground	40	116	83	20	70
323	1	omega_ruby_alpha_sapphire	70	120	100	20	145	105	127	medium_fast	fire	ground	125	125	125	20	70
324	0	-	70	85	140	20	85	70	127	medium_fast	fire	fire	73	73	75	20	70
324	0	sun_moon	70	85	140	20	85	70	127	medium_fast	fire	fire	73	70	75	20	70
325	0	-	60	25	35	60	70	80	127	fast	psychic	psychic	47	20	82	20	70
326	0	-	80	45	65	80	90	110	127	fast	psychic	psychic	47	20	82	20	70
327	0	-	60	60	60	60	60	60	127	fast	normal	normal	20	77	126	15	70
328	0	-	45	100	45	10	45	45	127	medium_slow	ground	ground	52	71	125	20	70
329	0	-	50	70	50	70	50	50	127	medium_slow	ground	dragon	26	26	26	20	70
330	0	-	80	100	80	100	80	80	127	medium_slow	ground	dragon	26	26	26	20	70
331	0	-	50	85	40	35	85	40	127	medium_slow	grass	grass	8	8	11	20	35
332	0	-	70	115	60	55	115	60	127	medium_slow	grass	dark	8	8	11	20	35
333	0	-	45	40	60	50	40	75	127	erratic	normal	flying	30	30	13	20	70
334	0	-	75	70	90	80	70	105	127	erratic	dragon	flying	30	30	13	20	70
334	1	omega_ruby_alpha_sapphire	75	110	110	80	110	105	127	erratic	dragon	fairy	182	182	182	20	70
335	0	-	73	115	60	90	60	60	127	erratic	normal	normal	17	17	137	20	70
336	0	-	73	100	60	65	100	60	127	fluctuating	poison	poison	61	61	151	20	70
337	0	-	70	55	65	70	95	85	255	fast	rock	psychic	26	26	26	25	70
337	0	sun_moon	90	55	65	70	95	85	255	fast	rock	psychic	26	26	26	25	70
338	0	-	70	95	85	70	55	65	255	fast	rock	psychic	26	26	26	25	70
338	0	sun_moon	90	95	85	70	55	65	255	fast	rock	psychic	26	26	26	25	70
339	0	-	50	48	43	60	46	41	127	medium_fast	water	ground	12	107	93	20	70
340	0	-	110	78	73	60	76	71	127	medium_fast	water	ground	12	107	93	20	70
341	0	-	43	80	65	35	50	35	127	fluctuating	water	water	52	75	91	15	70
342	0	-	63	120	85	55	90	55	127	fluctuating	water	dark	52	75	91	15	70
343	0	-	40	40	55	55	40	70	255	medium_fast	ground	psychic	26	26	26	20	70
344	0	-	60	70	105	75	70	120	255	medium_fast	ground	psychic	26	26	26	20	70
345	0	-	66	41	77	23	61	87	31	erratic	rock	grass	21	21	114	30	70
346	0	-	86	81	97	43	81	107	31	erratic	rock	grass	21	21	114	30	70
347	0	-	45	95	50	75	40	50	31	erratic	rock	bug	4	4	33	30	70
348	0	-	75	125	100	45	70	80	31	erratic	rock	bug	4	4	33	30	70
349	0	-	20	15	20	80	10	55	127	erratic	water	water	33	12	91	20	70
350	0	-	95	60	79	81	100	125	127	erratic	water	water	63	172	56	20	70
351	0	-	70	70	70	70	70	70	127	medium_fast	normal	normal	59	59	59	25	70
351	1	-	70	70	70	70	70	70	127	medium_fast	fire	fire	59	59	59	25	70
351	2	-	70	70	70	70	70	70	127	medium_fast	water	water	59	59	59	25	70
351	3	-	70	70	70	70	70	70	127	medium_fast	ice	ice	59	59	59	25	70
352	0	-	60	90	70	40	60	120	127	medium_slow	normal	normal	16	16	168	20	70
353	0	-	44	75	35	45	63	33	127	fast	ghost	ghost	15	119	130	25	35
354	0	-	64	115	65	65	83	63	127	fast	ghost	ghost	15	119	130	25	35
354	1	-	64	165	75	75	93	83	127	fast	ghost	ghost	158	158	158	25	35
355	0	-	20	40	90	25	30	90	127	fast	ghost	ghost	26	26	119	25	35
356	0	-	40	70	130	25	60	130	127	fast	ghost	ghost	46	46	119	25	35
357	0	-	99	68	83	51	72	87	127	slow	grass	flying	34	94	139	25	70
358	0	-	65	50	70	65	95	80	127	fast	psychic	psychic	26	26	26	25	70
358	0	sun_moon	75	50	80	65	95	90	127	fast	psychic	psychic	26	26	26	25	70
359	0	-	65	130	60	75	75	60	127	medium_slow	dark	dark	46	105	154	25	35
359	1	-	65	150	60	115	115	60	127	medium_slow	dark	dark	156	156	156	25	35
360	0	-	95	23	48	23	23	48	127	medium_fast	psychic	psychic	23	23	140	20	70
361	0	-	50	50	50	50	50	50	127	medium_fast	ice	ice	39	115	141	20	70
362	0	-	80	80	80	80	80	80	127	medium_fast	ice	ice	39	115	141	20	70
362	1	omega_ruby_alpha_sapphire	80	120	80	100	120	80	127	medium_fast	ice	ice	174	174	174	20	70
363	0	-	70	40	50	25	55	50	127	medium_slow	ice	water	47	115	12	20	70
364	0	-	90	60	70	45	75	70	127	medium_slow	ice	water	47	115	12	20	70
365	0	-	110	80	90	65	95	90	127	medium_slow	ice	water	47	115	12	20	70
366	0	-	35	64	85	32	74	55	127	erratic	water	water	75	75	155	20	70
367	0	-	55	104	105	52	94	75	127	erratic	water	water	33	33	41	20	70
368	0	-	55	84	105	52	114	75	127	erratic	water	water	33	33	93	20	70
369	0	-	100	90	130	55	45	65	31	slow	water	rock	33	69	5	40	70
370	0	-	43	30	55	97	40	65	191	fast	water	water	33	33	93	20	70
371	0	-	45	75	60	50	40	30	127	slow	dragon	dragon	69	69	125	40	35
372	0	-	65	95	100	50	60	50	127	slow	dragon	dragon	69	69	142	40	35
373	0	-	95	135	80	100	110	80	127	slow	dragon	flying	22	22	153	40	35
373	1	omega_ruby_alpha_sapphire	95	145	130	120	120	90	127	slow	dragon	flying	184	184	184	40	35
374	0	-	40	55	80	30	35	60	255	slow	steel	psychic	29	29	135	40	35
375	0	-	60	75	100	50	55	80	255	slow	steel	psychic	29	29	135	40	35
376	0	-	80	135	130	70	95	90	255	slow	steel	psychic	29	29	135	40	35
376	1	omega_ruby_alpha_sapphire	80	145	150	110	105	110	255	slow	steel	psychic	181	181	181	40	35
377	0	-	80	100	200	50	50	100	255	slow	rock	rock	29	29	5	80	35
378	0	-	80	50	100	50	100	200	255	slow	ice	ice	29	29	115	80	35
379	0	-	80	75	150	50	75	150	255	slow	steel	steel	29	29	135	80	35
380	0	-	80	80	90	110	110	130	254	slow	dragon	psychic	26	26	26	120	90
380	1	-	80	100	120	110	140	150	254	slow	dragon	psychic	26	26	26	120	90
381	0	-	80	90	80	110	130	110	0	slow	dragon	psychic	26	26	26	120	90
381	1	-	80	130	100	110	160	120	0	slow	dragon	psychic	26	26	26	120	90
382	0	-	100	100	90	90	150	140	255	slow	water	water	2	2	2	120	0
382	1	omega_ruby_alpha_sapphire	100	150	90	90	180	160	255	slow	water	water	189	189	189	120	0
383	0	-	100	150	140	90	100	90	255	slow	ground	ground	70	70	70	120	0
383	1	omega_ruby_alpha_sapphire	100	180	160	90	150	90	255	slow	ground	fire	190	190	190	120	0
384	0	-	105	150	90	95	150	90	255	slow	dragon	flying	76	76	76	120	0
384	1	omega_ruby_alpha_sapphire	105	180	100	115	180	100	255	slow	dragon	flying	191	191	191	120	0
385	0	-	100	100	100	100	100	100	255	slow	steel	psychic	32	32	32	120	100
386	0	-	50	150	50	150	150	50	255	slow	psychic	psychic	46	46	46	120	0
386	1	-	50	180	20	150	180	20	255	slow	psychic	psychic	46	46	46	120	0
386	2	-	50	70	160	90	70	160	255	slow	psychic	psychic	46	46	46	120	0
386	3	-	50	95	90	180	95	90	255	slow	psychic	psychic	46	46	46	120	0
387	0	-	55	68	64	31	45	55	31	medium_slow	grass	grass	65	65	75	20	70
388	0	-	75	89	85	36	55	65	31	medium_slow	grass	grass	65	65	75	20	70
389	0	-	95	109	105	56	75	85	31	medium_slow	grass	ground	65	65	75	20	70
390	0	-	44	58	44	61	58	44	31	medium_slow	fire	fire	66	66	89	20	70
391	0	-	64	78	52	81	78	52	31	medium_slow	fire	fighting	66	66	89	20	70
392	0	-	76	104	71	108	104	71	31	medium_slow	fire	fighting	66	66	89	20	70
393	0	-	53	51	53	40	61	56	31	medium_slow	water	water	67	67	128	20	70
394	0	-	64	66	68	50	81	76	31	medium_slow	water	water	67	67	128	20	70
395	0	-	84	86	88	60	111	101	31	medium_slow	water	steel	67	67	128	20	70
396	0	-	40	55	30	60	30	30	127	medium_slow	normal	flying	51	51	120	15	70
397	0	-	55	75	50	80	40	40	127	medium_slow	normal	flying	22	22	120	15	70
398	0	-	85	120	70	100	50	60	127	medium_slow	normal	flying	22	22	120	15	70
399	0	-	59	45	40	31	35	40	127	medium_fast	normal	normal	86	109	141	15	70
400	0	-	79	85	60	71	55	60	127	medium_fast	normal	water	86	109	141	15	70
401	0	-	37	25	41	25	25	41	127	medium_slow	bug	bug	61	61	50	15	70
402	0	-	77	85	51	65	55	51	127	medium_slow	bug	bug	68	68	101	15	70
403	0	-	45	65	34	45	40	34	127	medium_slow	electric	electric	79	22	62	20	70
404	0	-	60	85	49	60	60	49	127	medium_slow	electric	electric	79	22	62	20	100
405	0	-	80	120	79	70	95	79	127	medium_slow	electric	electric	79	22	62	20	70
406	0	-	40	30	35	55	50	70	127	medium_slow	grass	poison	30	38	102	20	70
407	0	-	60	70	65	90	125	105	127	medium_slow	grass	poison	30	38	101	20	70
408	0	-	67	125	40	58	30	30	31	erratic	rock	rock	104	104	125	30	70
409	0	-	97	165	60	58	65	50	31	erratic	rock	rock	104	104	125	30	70
410	0	-	30	42	118	30	42	88	31	erratic	rock	steel	5	5	43	30	70
411	0	-	60	52	168	30	47	138	31	erratic	rock	steel	5	5	43	30	70
412	0	-	40	29	45	36	29	45	127	medium_fast	bug	bug	61	61	142	15	70
413	0	-	60	59	85	36	79	105	254	medium_fast	bug	grass	107	107	142	15	70
413	1	-	60	79	105	36	59	85	254	medium_fast	bug	ground	107	107	142	15	70
413	2	-	60	69	95	36	69	95	254	medium_fast	bug	steel	107	107	142	15	70
414	0	-	70	94	50	66	94	50	0	medium_fast	bug	flying	68	68	110	15	70
415	0	-	30	30	42	70	30	42	31	medium_slow	bug	flying	118	118	55	15	70
416	0	-	70	80	102	40	80	102	254	medium_slow	bug	flying	46	46	127	15	70
417	0	-	60	45	70	95	45	90	127	medium_fast	electric	electric	50	53	10	10	100
418	0	-	55	65	35	85	60	30	127	medium_fast	water	water	33	33	41	20	70
419	0	-	85	105	55	115	85	50	127	medium_fast	water	water	33	33	41	20	70
420	0	-	45	35	45	35	62	53	127	medium_fast	grass	grass	34	34	34	20	70
421	0	-	70	60	70	85	87	78	127	medium_fast	grass	grass	122	122	122	20	70
422	0	-	76	48	48	34	57	62	127	medium_fast	water	water	60	114	159	20	70
423	0	-	111	83	68	39	92	82	127	medium_fast	water	ground	60	114	159	20	70
424	0	-	75	100	66	115	60	66	127	fast	normal	normal	101	53	92	20	100
425	0	-	90	50	34	70	60	44	127	fluctuating	ghost	flying	106	84	138	30	70
426	0	-	150	80	44	80	90	54	127	fluctuating	ghost	flying	106	84	138	30	70
427	0	-	55	66	44	85	44	56	127	medium_fast	normal	normal	50	103	7	20	0
428	0	-	65	76	84	105	54	96	127	medium_fast	normal	normal	56	103	7	20	140
428	1	omega_ruby_alpha_sapphire	65	136	94	135	54	96	127	medium_fast	normal	fighting	113	113	113	20	140
429	0	-	60	60	60	105	105	105	127	fast	ghost	ghost	26	26	26	25	35
430	0	-	100	125	52	71	105	52	127	medium_slow	dark	flying	15	105	153	20	35
431	0	-	49	55	42	85	42	37	191	fast	normal	normal	7	20	51	20	70
432	0	-	71	82	64	112	64	59	191	fast	normal	normal	47	20	128	20	70
433	0	-	45	30	50	45	65	50	127	fast	psychic	psychic	26	26	26	25	70
434	0	-	63	63	47	74	41	41	127	medium_fast	poison	dark	1	106	51	20	70
435	0	-	103	93	67	84	71	61	127	medium_fast	poison	dark	1	106	51	20	70
436	0	-	57	24	86	23	24	86	255	medium_fast	steel	psychic	26	85	134	20	70
437	0	-	67	89	116	33	79	116	255	medium_fast	steel	psychic	26	85	134	20	70
438	0	-	50	80	95	10	10	45	127	medium_fast	rock	rock	5	69	155	20	70
439	0	-	20	25	45	60	70	90	127	medium_fast	psychic	fairy	43	111	101	25	70
440	0	-	100	5	5	30	15	65	254	fast	normal	normal	30	32	132	40	140
441	0	-	76	65	45	91	92	42	127	medium_slow	normal	flying	51	77	145	20	35
442	0	-	50	92	108	35	92	108	127	medium_fast	ghost	dark	46	46	151	30	70
443	0	-	58	70	45	42	40	45	127	slow	dragon	ground	8	8	24	40	70
444	0	-	68	90	65	82	50	55	127	slow	dragon	ground	8	8	24	40	70
445	0	-	108	130	95	102	80	85	127	slow	dragon	ground	8	8	24	40	70
445	1	-	108	170	115	92	120	95	127	slow	dragon	ground	159	159	159	40	70
446	0	-	135	85	40	5	40	85	31	slow	normal	normal	53	47	82	40	70
447	0	-	40	70	40	60	35	40	31	medium_slow	fighting	fighting	80	39	158	25	70
448	0	-	70	110	70	90	115	70	31	medium_slow	fighting	steel	80	39	154	25	70
448	1	-	70	145	88	112	140	70	31	medium_slow	fighting	steel	91	91	91	25	70
449	0	-	68	72	78	32	38	42	127	slow	ground	ground	45	45	159	30	70
450	0	-	108	112	118	47	68	72	127	slow	ground	ground	45	45	159	30	70
451	0	-	40	50	90	65	30	55	127	slow	poison	bug	4	97	51	20	70
452	0	-	70	90	110	95	60	75	127	slow	poison	dark	4	97	51	20	70
453	0	-	48	61	40	50	61	40	127	medium_fast	poison	fighting	107	87	143	10	100
454	0	-	83	106	65	85	86	65	127	medium_fast	poison	fighting	107	87	143	20	70
455	0	-	74	100	72	46	90	72	127	slow	grass	grass	26	26	26	25	70
456	0	-	49	49	56	66	49	61	127	erratic	water	water	33	114	41	20	70
457	0	-	69	69	76	91	69	86	127	erratic	water	water	33	114	41	20	70
458	0	-	45	20	50	50	60	120	127	slow	water	flying	33	11	41	25	70
459	0	-	60	62	50	40	62	60	127	slow	grass	ice	117	117	43	20	70
460	0	-	90	92	75	60	92	85	127	slow	grass	ice	117	117	43	20	70
460	1	-	90	132	105	30	132	105	127	slow	grass	ice	117	117	117	20	70
461	0	-	70	120	65	125	45	85	127	medium_slow	dark	ice	46	46	124	20	35
462	0	-	70	70	115	60	130	90	255	medium_fast	electric	steel	42	5	148	20	70
463	0	-	110	85	95	50	80	95	127	medium_fast	normal	normal	20	12	13	20	70
464	0	-	115	140	130	40	55	55	127	slow	ground	rock	31	116	120	20	70
465	0	-	100	100	125	50	110	50	127	medium_fast	grass	grass	34	102	144	20	70
466	0	-	75	123	67	95	95	85	63	medium_fast	electric	electric	78	78	72	25	70
467	0	-	75	95	67	83	125	95	63	medium_fast	fire	fire	49	49	72	25	70
468	0	-	85	50	95	80	120	115	31	fast	fairy	flying	55	32	105	10	70
469	0	-	86	76	86	95	116	56	127	medium_fast	bug	flying	3	110	119	20	70
470	0	-	65	110	130	95	60	65	31	medium_fast	grass	grass	102	102	34	35	35
471	0	-	65	60	110	65	130	95	31	medium_fast	ice	ice	81	81	115	35	35
472	0	-	75	95	125	95	45	75	127	medium_slow	ground	flying	52	8	90	20	70
473	0	-	110	130	80	80	70	60	127	slow	ice	ground	12	81	47	20	70
474	0	-	85	80	70	90	135	75	255	medium_fast	normal	normal	91	88	148	20	70
475	0	-	68	125	65	80	65	115	0	slow	psychic	fighting	80	80	154	20	35
475	1	omega_ruby_alpha_sapphire	68	165	95	110	65	115	0	slow	psychic	fighting	39	39	39	20	35
476	0	-	60	55	145	40	75	150	127	medium_fast	rock	steel	5	42	159	20	70
477	0	-	45	100	135	45	65	135	127	fast	ghost	ghost	46	46	119	25	35
478	0	-	70	80	70	110	80	70	254	medium_fast	ice	ghost	81	81	130	20	70
479	0	-	50	50	77	91	95	77	255	medium_fast	electric	ghost	26	26	26	20	70
479	1	-	50	65	107	86	105	107	255	medium_fast	electric	fire	26	26	26	20	70
479	2	-	50	65	107	86	105	107	255	medium_fast	electric	water	26	26	26	20	70
479	3	-	50	65	107	86	105	107	255	medium_fast	electric	ice	26	26	26	20	70
479	4	-	50	65	107	86	105	107	255	medium_fast	electric	flying	26	26	26	20	70
479	5	-	50	65	107	86	105	107	255	medium_fast	electric	grass	26	26	26	20	70
480	0	-	75	75	130	95	75	130	255	slow	psychic	psychic	26	26	26	80	140
481	0	-	80	105	105	80	105	105	255	slow	psychic	psychic	26	26	26	80	140
482	0	-	75	125	70	115	125	70	255	slow	psychic	psychic	26	26	26	80	140
483	0	-	100	120	120	90	150	100	255	slow	steel	dragon	46	46	140	120	0
484	0	-	90	120	100	100	150	120	255	slow	water	dragon	46	46	140	120	0
485	0	-	91	90	106	77	130	106	127	slow	fire	steel	18	18	49	10	100
486	0	-	110	160	110	100	80	110	255	slow	normal	normal	112	112	112	120	0
487	0	-	150	100	120	90	100	120	255	slow	ghost	dragon	46	46	140	120	0
487	1	-	150	120	100	90	120	100	255	slow	ghost	dragon	26	26	26	120	0
488	0	-	120	70	120	85	75	130	254	slow	psychic	psychic	26	26	26	120	100
489	0	-	80	80	80	80	80	80	255	slow	water	water	93	93	93	40	70
490	0	-	100	100	100	100	100	100	255	slow	water	water	93	93	93	10	70
491	0	-	70	90	90	125	135	90	255	slow	dark	dark	123	123	123	120	0
492	0	-	100	100	100	100	100	100	255	medium_slow	grass	grass	30	30	30	120	100
492	1	-	100	103	75	127	120	75	255	medium_slow	grass	flying	32	32	32	120	100
493	0	-	120	120	120	120	120	120	255	slow	normal	normal	121	121	121	120	0
494	0	-	100	100	100	100	100	100	255	slow	psychic	fire	162	162	162	120	100
495	0	-	45	45	55	63	45	55	31	medium_slow	grass	grass	65	65	126	20	70
496	0	-	60	60	75	83	60	75	31	medium_slow	grass	grass	65	65	126	20	70
497	0	-	75	75	95	113	75	95	31	medium_slow	grass	grass	65	65	126	20	70
498	0	-	65	63	45	45	45	45	31	medium_slow	fire	fire	66	66	47	20	70
499	0	-	90	93	55	55	70	55	31	medium_slow	fire	fighting	66	66	47	20	70
500	0	-	110	123	65	65	100	65	31	medium_slow	fire	fighting	66	66	120	20	70
501	0	-	55	55	45	45	63	45	31	medium_slow	water	water	67	67	75	20	70
502	0	-	75	75	60	60	83	60	31	medium_slow	water	water	67	67	75	20	70
503	0	-	95	100	85	70	108	70	31	medium_slow	water	water	67	67	75	20	70
504	0	-	45	55	39	42	35	39	127	medium_fast	normal	normal	50	51	148	15	70
505	0	-	60	85	69	77	60	69	127	medium_fast	normal	normal	35	51	148	20	70
506	0	-	45	60	45	55	25	45	127	medium_slow	normal	normal	72	53	50	15	70
507	0	-	65	80	65	60	35	65	127	medium_slow	normal	normal	22	146	113	15	70
508	0	-	85	110	90	80	45	90	127	medium_slow	normal	normal	22	146	113	15	70
509	0	-	41	50	37	66	50	37	127	medium_fast	dark	dark	7	84	158	20	70
510	0	-	64	88	50	106	88	50	127	medium_fast	dark	dark	7	84	158	20	70
511	0	-	50	53	48	64	53	48	31	medium_fast	grass	grass	82	82	65	20	70
512	0	-	75	98	63	101	98	63	31	medium_fast	grass	grass	82	82	65	20	70
513	0	-	50	53	48	64	53	48	31	medium_fast	fire	fire	82	82	66	20	70
514	0	-	75	98	63	101	98	63	31	medium_fast	fire	fire	82	82	66	20	70
515	0	-	50	53	48	64	53	48	31	medium_fast	water	water	82	82	67	20	70
516	0	-	75	98	63	101	98	63	31	medium_fast	water	water	82	82	67	20	70
517	0	-	76	25	45	24	67	55	127	fast	psychic	psychic	108	28	140	10	70
518	0	-	116	55	85	29	107	95	127	fast	psychic	psychic	108	28	140	10	70
519	0	-	50	55	50	43	36	30	127	medium_slow	normal	flying	145	105	79	15	70
520	0	-	62	77	62	65	50	42	127	medium_slow	normal	flying	145	105	79	15	70
521	0	-	80	115	80	93	65	55	127	medium_slow	normal	flying	145	105	79	15	70
522	0	-	45	60	32	76	50	32	127	medium_fast	electric	electric	31	78	157	20	70
523	0	-	75	100	63	116	80	63	127	medium_fast	electric	electric	31	78	157	20	70
524	0	-	55	75	85	15	25	25	127	medium_slow	rock	rock	5	5	159	15	70
524	0	sun_moon	55	75	85	15	25	25	127	medium_slow	rock	rock	5	133	159	15	70
525	0	-	70	105	105	20	50	40	127	medium_slow	rock	rock	5	5	159	15	70
525	0	sun_moon	70	105	105	20	50	40	127	medium_slow	rock	rock	5	133	159	15	70
526	0	-	85	135	130	25	60	80	127	medium_slow	rock	rock	5	5	159	15	70
526	0	sun_moon	85	135	130	25	60	80	127	medium_slow	rock	rock	5	45	159	15	70
527	0	-	55	45	43	72	55	43	127	medium_fast	psychic	flying	109	103	86	15	70
527	0	sun_moon	65	45	43	72	55	43	127	medium_fast	psychic	flying	109	103	86	15	70
528	0	-	67	57	55	114	77	55	127	medium_fast	psychic	flying	109	103	86	15	70
529	0	-	60	85	40	68	30	45	127	medium_fast	ground	ground	146	159	104	20	70
530	0	-	110	135	60	88	50	65	127	medium_fast	ground	steel	146	159	104	20	70
531	0	-	103	60	86	50	60	86	127	fast	normal	normal	131	144	103	20	70
531	1	omega_ruby_alpha_sapphire	103	60	126	50	80	126	127	fast	normal	fairy	131	131	131	20	70
532	0	-	75	80	55	35	25	35	63	medium_slow	fighting	fighting	62	125	89	20	70
533	0	-	85	105	85	40	40	50	63	medium_slow	fighting	fighting	62	125	89	20	70
534	0	-	105	140	95	45	55	65	63	medium_slow	fighting	fighting	62	125	89	20	70
535	0	-	50	50	40	64	50	40	127	medium_slow	water	water	33	93	11	20	70
536	0	-	75	65	55	69	65	55	127	medium_slow	water	ground	33	93	11	20	70
537	0	-	105	95	75	74	85	75	127	medium_slow	water	ground	33	143	11	20	70
538	0	-	120	100	85	45	30	85	0	medium_fast	fighting	fighting	62	39	104	20	70
539	0	-	75	125	75	85	30	75	0	medium_fast	fighting	fighting	5	39	104	20	70
540	0	-	45	53	70	42	40	60	127	medium_slow	bug	grass	68	34	142	15	70
541	0	-	55	63	90	42	50	80	127	medium_slow	bug	grass	102	34	142	15	70
542	0	-	75	103	80	92	70	80	127	medium_slow	bug	grass	68	34	142	15	70
543	0	-	30	45	59	57	30	39	127	medium_slow	bug	poison	38	68	3	15	70
544	0	-	40	55	99	47	40	79	127	medium_slow	bug	poison	38	68	3	15	70
545	0	-	60	100	89	112	55	69	127	medium_slow	bug	poison	38	68	3	20	70
546	0	-	40	27	60	66	37	50	127	medium_fast	grass	fairy	158	151	34	20	70
547	0	-	60	67	85	116	77	75	127	medium_fast	grass	fairy	158	151	34	20	70
548	0	-	45	35	50	30	70	50	254	medium_fast	grass	grass	34	20	102	20	70
549	0	-	70	60	75	90	110	75	254	medium_fast	grass	grass	34	20	102	20	70
550	0	-	70	92	65	98	80	55	127	medium_fast	water	water	120	91	104	40	70
550	1	-	70	92	65	98	80	55	127	medium_fast	water	water	69	91	104	40	70
551	0	-	50	72	35	65	35	35	127	medium_slow	ground	dark	22	153	83	20	70
552	0	-	60	82	45	74	45	45	127	medium_slow	ground	dark	22	153	83	20	70
553	0	-	95	117	80	92	65	70	127	medium_slow	ground	dark	22	153	83	20	70
554	0	-	70	90	45	50	15	45	127	medium_slow	fire	fire	55	55	39	20	70
555	0	-	105	140	55	95	30	55	127	medium_slow	fire	fire	125	125	161	20	70
555	1	-	105	30	105	55	140	105	127	medium_slow	fire	psychic	125	125	161	20	70
556	0	-	75	86	67	60	106	67	127	medium_fast	grass	grass	11	34	114	20	70
557	0	-	50	65	85	55	35	35	127	medium_fast	bug	rock	5	75	133	20	70
558	0	-	70	95	125	45	65	75	127	medium_fast	bug	rock	5	75	133	20	70
558	0	sun_moon	70	105	125	45	65	75	127	medium_fast	bug	rock	5	75	133	20	70
559	0	-	50	75	70	48	35	70	127	medium_fast	dark	fighting	61	153	22	15	35
560	0	-	65	90	115	58	45	115	127	medium_fast	dark	fighting	61	153	22	15	70
561	0	-	72	58	80	97	103	80	127	medium_fast	psychic	flying	147	98	110	20	70
562	0	-	38	30	85	30	55	65	127	medium_fast	ghost	ghost	152	152	152	25	70
563	0	-	58	50	145	30	95	105	127	medium_fast	ghost	ghost	152	152	152	25	70
564	0	-	54	78	103	22	53	45	31	medium_fast	water	rock	116	5	33	30	70
565	0	-	74	108	133	32	83	65	31	medium_fast	water	rock	116	5	33	30	70
566	0	-	55	112	45	70	74	45	31	medium_fast	rock	flying	129	129	129	30	70
567	0	-	75	140	65	110	112	65	31	medium_fast	rock	flying	129	129	129	30	70
568	0	-	50	50	62	65	40	62	127	medium_fast	poison	poison	1	60	106	20	70
569	0	-	80	95	82	75	60	82	127	medium_fast	poison	poison	1	133	106	20	70
570	0	-	40	65	40	65	80	40	31	medium_slow	dark	dark	149	149	149	25	70
571	0	-	60	105	60	105	120	60	31	medium_slow	dark	dark	149	149	149	20	70
572	0	-	55	50	40	75	40	40	191	fast	normal	normal	56	101	92	15	70
573	0	-	75	95	60	115	65	60	191	fast	normal	normal	56	101	92	15	70
574	0	-	45	30	50	45	55	65	191	medium_slow	psychic	psychic	119	172	23	20	70
575	0	-	60	45	70	55	75	85	191	medium_slow	psychic	psychic	119	172	23	20	70
576	0	-	70	55	95	65	95	110	191	medium_slow	psychic	psychic	119	172	23	20	70
577	0	-	45	30	40	20	105	50	127	medium_slow	psychic	psychic	142	98	144	20	70
578	0	-	65	40	50	30	125	60	127	medium_slow	psychic	psychic	142	98	144	20	70
579	0	-	110	65	75	30	125	85	127	medium_slow	psychic	psychic	142	98	144	20	70
580	0	-	62	44	50	55	44	50	127	medium_fast	water	flying	51	145	93	20	70
581	0	-	75	87	63	98	87	63	127	medium_fast	water	flying	51	145	93	20	70
582	0	-	36	50	50	44	65	60	127	slow	ice	ice	115	115	133	20	70
582	0	sun_moon	36	50	50	44	65	60	127	slow	ice	ice	115	81	133	20	70
583	0	-	51	65	65	59	80	75	127	slow	ice	ice	115	115	133	20	70
583	0	sun_moon	51	65	65	59	80	75	127	slow	ice	ice	115	81	133	20	70
584	0	-	71	95	85	79	110	95	127	slow	ice	ice	115	115	133	20	70
584	0	sun_moon	71	95	85	79	110	95	127	slow	ice	ice	115	117	133	20	70
585	0	-	60	60	50	75	40	50	127	medium_fast	normal	grass	34	157	32	20	70
586	0	-	80	100	70	95	60	70	127	medium_fast	normal	grass	34	157	32	20	70
587	0	-	55	75	60	103	75	60	127	medium_fast	electric	flying	9	9	78	20	70
588	0	-	50	75	45	60	40	45	127	medium_fast	bug	bug	68	61	99	15	70
589	0	-	70	135	105	20	60	105	127	medium_fast	bug	steel	68	75	142	15	70
590	0	-	69	55	45	15	55	55	127	medium_fast	grass	poison	27	27	144	20	70
591	0	-	114	85	70	30	85	80	127	medium_fast	grass	poison	27	27	144	20	70
592	0	-	55	40	50	40	65	85	127	medium_fast	water	ghost	11	130	6	20	70
593	0	-	100	60	70	60	85	105	127	medium_fast	water	ghost	11	130	6	20	70
594	0	-	165	75	80	65	40	45	127	fast	water	water	131	93	144	40	70
595	0	-	50	47	50	65	57	50	127	medium_fast	bug	electric	14	127	68	20	70
596	0	-	70	77	60	108	97	60	127	medium_fast	bug	electric	14	127	68	20	70
597	0	-	44	50	91	10	24	86	127	medium_fast	grass	steel	160	160	160	20	70
598	0	-	74	94	131	20	54	116	127	medium_fast	grass	steel	160	160	107	20	70
599	0	-	40	55	70	30	45	60	255	medium_slow	steel	steel	57	58	29	20	70
600	0	-	60	80	95	50	70	85	255	medium_slow	steel	steel	57	58	29	20	70
601	0	-	60	100	115	90	70	85	255	medium_slow	steel	steel	57	58	29	20	70
602	0	-	35	55	40	60	45	40	127	slow	electric	electric	26	26	26	20	70
603	0	-	65	85	70	40	75	70	127	slow	electric	electric	26	26	26	20	70
604	0	-	85	115	80	50	105	80	127	slow	electric	electric	26	26	26	20	70
605	0	-	55	55	55	30	85	55	127	medium_fast	psychic	psychic	140	28	148	20	70
606	0	-	75	75	75	40	125	95	127	medium_fast	psychic	psychic	140	28	148	20	70
607	0	-	50	30	55	20	65	55	127	medium_slow	ghost	fire	18	49	151	20	70
608	0	-	60	40	60	55	95	60	127	medium_slow	ghost	fire	18	49	151	20	70
609	0	-	60	55	90	80	145	90	127	medium_slow	ghost	fire	18	49	151	20	70
610	0	-	46	87	60	57	30	40	127	slow	dragon	dragon	79	104	127	40	35
611	0	-	66	117	70	67	40	50	127	slow	dragon	dragon	79	104	127	40	35
612	0	-	76	147	90	97	60	70	127	slow	dragon	dragon	79	104	127	40	35
613	0	-	55	70	40	40	60	40	127	medium_fast	ice	ice	81	81	155	20	70
613	0	sun_moon	55	70	40	40	60	40	127	medium_fast	ice	ice	81	202	155	20	70
614	0	-	95	110	80	50	70	80	127	medium_fast	ice	ice	81	81	33	20	70
614	0	sun_moon	95	130	80	50	70	80	127	medium_fast	ice	ice	81	202	33	20	70
615	0	-	70	50	30	105	95	135	255	medium_fast	ice	ice	26	26	26	25	70
615	0	sun_moon	80	50	50	105	95	135	255	medium_fast	ice	ice	26	26	26	25	70
616	0	-	50	40	85	25	40	65	127	medium_fast	bug	bug	93	75	142	15	70
617	0	-	80	70	40	145	100	60	127	medium_fast	bug	bug	93	60	84	15	70
618	0	-	109	66	84	32	81	99	127	medium_fast	ground	electric	9	7	8	20	70
619	0	-	45	85	50	65	55	50	127	medium_slow	fighting	fighting	39	144	120	25	70
620	0	-	65	125	60	105	95	60	127	medium_slow	fighting	fighting	39	144	120	25	70
621	0	-	77	120	90	48	60	90	127	medium_fast	dragon	dragon	24	125	104	30	70
622	0	-	59	74	50	35	35	50	255	medium_fast	ground	ghost	89	103	99	25	70
623	0	-	89	124	80	55	55	80	255	medium_fast	ground	ghost	89	103	99	25	70
624	0	-	45	85	70	60	40	40	127	medium_fast	dark	steel	128	39	46	20	35
625	0	-	65	125	100	70	60	70	127	medium_fast	dark	steel	128	39	46	20	35
626	0	-	95	110	95	55	40	95	127	medium_fast	normal	normal	120	157	43	20	70
627	0	-	70	83	50	60	37	50	0	slow	normal	flying	51	125	55	20	70
628	0	-	100	123	75	80	57	75	0	slow	normal	flying	51	125	128	20	70
629	0	-	70	55	75	60	45	65	254	slow	dark	flying	145	142	133	20	35
630	0	-	110	65	105	80	55	95	254	slow	dark	flying	145	142	133	20	35
631	0	-	85	97	66	65	105	66	127	medium_fast	fire	fire	82	18	73	20	70
632	0	-	58	109	112	109	48	48	127	medium_fast	bug	steel	68	55	54	20	70
633	0	-	52	65	50	38	45	50	127	slow	dark	dragon	55	55	55	40	35
634	0	-	72	85	70	58	65	70	127	slow	dark	dragon	55	55	55	40	35
635	0	-	92	105	90	98	125	90	127	slow	dark	dragon	26	26	26	40	35
636	0	-	55	85	55	60	50	55	127	slow	bug	fire	49	49	68	40	70
637	0	-	85	60	65	100	135	105	127	slow	bug	fire	49	49	68	40	70
638	0	-	91	90	129	108	90	72	255	slow	steel	fighting	154	154	154	80	35
639	0	-	91	129	90	108	72	90	255	slow	rock	fighting	154	154	154	80	35
640	0	-	91	90	72	108	90	129	255	slow	grass	fighting	154	154	154	80	35
641	0	-	79	115	70	111	125	80	0	slow	flying	flying	158	158	128	120	90
641	1	-	79	100	80	121	110	90	0	slow	flying	flying	144	144	144	120	90
642	0	-	79	115	70	111	125	80	0	slow	electric	flying	158	158	128	120	90
642	1	-	79	105	70	101	145	80	0	slow	electric	flying	10	10	10	120	90
643	0	-	100	120	100	90	150	120	255	slow	dragon	fire	163	163	163	120	0
644	0	-	100	150	120	90	120	100	255	slow	dragon	electric	164	164	164	120	0
645	0	-	89	125	90	101	115	80	0	slow	ground	flying	159	159	125	120	90
645	1	-	89	145	90	91	105	80	0	slow	ground	flying	22	22	22	120	90
646	0	-	125	130	90	95	130	90	255	slow	dragon	ice	46	46	46	120	0
646	1	-	125	120	90	95	170	100	255	slow	dragon	ice	163	163	163	120	0
646	2	-	125	170	100	95	120	90	255	slow	dragon	ice	164	164	164	120	0
647	0	-	91	72	90	108	129	90	255	slow	water	fighting	154	154	154	80	35
648	0	-	100	77	77	90	128	128	255	slow	normal	psychic	32	32	32	120	100
648	1	-	100	128	90	128	77	77	255	slow	normal	fighting	32	32	32	120	100
649	0	-	71	120	95	99	120	95	255	slow	bug	steel	88	88	88	120	0
650	0	-	56	61	65	38	48	45	31	medium_slow	grass	grass	65	65	171	20	70
651	0	-	61	78	95	57	56	58	31	medium_slow	grass	grass	65	65	171	20	70
652	0	-	88	107	122	64	74	75	31	medium_slow	grass	fighting	65	65	171	20	70
653	0	-	40	45	40	60	62	60	31	medium_slow	fire	fire	66	66	170	20	70
654	0	-	59	59	58	73	90	70	31	medium_slow	fire	fire	66	66	170	20	70
655	0	-	75	69	72	104	114	100	31	medium_slow	fire	psychic	66	66	170	20	70
656	0	-	41	56	40	71	62	44	31	medium_slow	water	water	67	67	168	20	70
657	0	-	54	63	52	97	83	56	31	medium_slow	water	water	67	67	168	20	70
658	0	-	72	95	67	122	103	71	31	medium_slow	water	dark	67	67	168	20	70
658	1	sun_moon	72	95	67	122	103	71	0	medium_slow	water	dark	210	210	210	20	70
658	2	sun_moon	72	145	67	132	153	71	0	medium_slow	water	dark	210	210	210	20	70
659	0	-	38	36	38	57	32	36	127	medium_fast	normal	normal	53	167	37	15	70
660	0	-	85	56	77	78	50	77	127	medium_fast	normal	ground	53	167	37	15	70
661	0	-	45	50	43	62	40	38	127	medium_slow	normal	flying	145	145	177	15	70
662	0	-	62	73	55	84	56	52	127	medium_slow	fire	flying	49	49	177	15	70
663	0	-	78	81	71	126	74	69	127	medium_slow	fire	flying	49	49	177	15	70
664	0	-	38	35	40	35	27	25	127	medium_fast	bug	bug	19	14	132	15	70
665	0	-	45	22	60	29	27	30	127	medium_fast	bug	bug	61	61	132	15	70
666	0	-	80	52	50	89	90	50	127	medium_fast	bug	flying	19	14	132	15	70
667	0	-	62	50	58	72	73	54	225	medium_slow	fire	normal	79	127	153	20	70
668	0	-	86	68	72	106	109	66	225	medium_slow	fire	normal	79	127	153	20	70
669	0	-	44	38	39	42	61	79	254	medium_fast	fairy	fairy	166	166	180	20	70
670	0	-	54	45	47	52	75	98	254	medium_fast	fairy	fairy	166	166	180	20	70
670	5	-	74	65	67	92	125	128	254	medium_fast	fairy	fairy	166	166	180	20	70
671	0	-	78	65	68	75	112	154	254	medium_fast	fairy	fairy	166	166	180	20	70
672	0	-	66	65	48	52	62	57	127	medium_fast	grass	grass	157	157	179	20	70
673	0	-	123	100	62	68	97	81	127	medium_fast	grass	grass	157	157	179	20	70
674	0	-	67	82	62	43	46	48	127	medium_fast	fighting	fighting	89	104	113	25	70
675	0	-	95	124	78	58	69	71	127	medium_fast	fighting	dark	89	104	113	25	70
676	0	-	75	80	60	102	65	90	127	medium_fast	normal	normal	169	169	169	20	70
677	0	-	62	48	54	68	63	60	127	medium_fast	psychic	psychic	51	151	20	20	70
678	0	-	74	48	76	104	83	81	127	medium_fast	psychic	psychic	51	151	158	20	70
678	1	-	74	48	76	104	83	81	127	medium_fast	psychic	psychic	51	151	172	20	70
679	0	-	45	80	100	28	35	37	127	medium_fast	steel	ghost	99	99	99	20	70
680	0	-	59	110	150	35	45	49	127	medium_fast	steel	ghost	99	99	99	20	70
681	0	-	60	50	150	60	50	150	127	medium_fast	steel	ghost	176	176	176	20	70
681	1	-	60	150	50	60	150	50	127	medium_fast	steel	ghost	176	176	176	20	70
682	0	-	78	52	60	23	63	65	127	medium_fast	fairy	fairy	131	131	165	20	70
683	0	-	101	72	72	29	99	89	127	medium_fast	fairy	fairy	131	131	165	20	70
684	0	-	62	48	66	49	59	57	127	medium_fast	fairy	fairy	175	175	84	20	70
685	0	-	82	80	86	72	85	75	127	medium_fast	fairy	fairy	175	175	84	20	70
686	0	-	53	54	53	45	37	46	127	medium_fast	dark	psychic	126	21	151	20	70
687	0	-	86	92	88	73	68	75	127	medium_fast	dark	psychic	126	21	151	20	70
688	0	-	42	52	67	50	39	56	127	medium_fast	rock	water	181	97	124	20	70
689	0	-	72	105	115	68	54	86	127	medium_fast	rock	water	181	97	124	20	70
690	0	-	50	60	60	30	60	60	127	medium_fast	poison	water	38	143	91	20	70
691	0	-	65	75	90	44	97	123	127	medium_fast	poison	dragon	38	143	91	20	70
692	0	-	50	53	62	44	58	63	127	slow	water	water	178	178	178	15	70
693	0	-	71	73	88	59	120	89	127	slow	water	water	178	178	178	15	70
694	0	-	44	38	33	70	61	43	127	medium_fast	electric	normal	87	8	94	20	70
695	0	-	62	55	52	109	109	94	127	medium_fast	electric	normal	87	8	94	20	70
696	0	-	58	89	77	48	45	45	31	medium_fast	rock	dragon	173	173	5	30	70
697	0	-	82	121	119	71	69	59	31	medium_fast	rock	dragon	173	173	69	30	70
698	0	-	77	59	50	46	67	63	31	medium_fast	rock	ice	174	174	117	30	70
699	0	-	123	77	72	58	99	92	31	medium_fast	rock	ice	174	174	117	30	70
700	0	-	95	65	65	60	110	130	31	medium_fast	fairy	fairy	56	56	182	35	70
701	0	-	78	92	75	118	74	63	127	medium_fast	fighting	flying	7	84	104	20	70
702	0	-	67	58	57	101	81	67	127	medium_fast	electric	fairy	167	53	57	20	70
703	0	-	50	50	150	50	50	150	255	slow	rock	fairy	29	29	5	25	70
704	0	-	45	50	35	40	55	75	127	slow	dragon	dragon	157	93	183	40	35
705	0	-	68	75	53	60	83	113	127	slow	dragon	dragon	157	93	183	40	35
706	0	-	90	100	70	80	110	150	127	slow	dragon	dragon	157	93	183	40	35
707	0	-	57	80	91	75	80	87	127	fast	steel	fairy	158	158	170	20	70
708	0	-	43	70	48	38	50	60	127	medium_fast	ghost	grass	30	119	139	20	70
709	0	-	85	110	76	56	65	82	127	medium_fast	ghost	grass	30	119	139	20	70
710	0	-	49	66	70	51	44	55	127	medium_fast	ghost	grass	53	119	15	20	70
710	1	-	44	66	70	56	44	55	127	medium_fast	ghost	grass	53	119	15	20	70
710	2	-	54	66	70	46	44	55	127	medium_fast	ghost	grass	53	119	15	20	70
710	3	-	59	66	70	41	44	55	127	medium_fast	ghost	grass	53	119	15	20	70
711	0	-	65	90	122	84	58	75	127	medium_fast	ghost	grass	53	119	15	20	70
711	1	-	55	85	122	99	58	75	127	medium_fast	ghost	grass	53	119	15	20	70
711	2	-	75	95	122	69	58	75	127	medium_fast	ghost	grass	53	119	15	20	70
711	3	-	85	100	122	54	58	75	127	medium_fast	ghost	grass	53	119	15	20	70
712	0	-	55	69	85	28	32	35	127	medium_fast	ice	ice	20	115	5	20	70
713	0	-	95	117	184	28	44	46	127	medium_fast	ice	ice	20	115	5	20	70
714	0	-	40	30	35	55	45	40	127	medium_fast	flying	dragon	119	151	140	20	70
715	0	-	85	70	80	123	97	80	127	medium_fast	flying	dragon	119	151	140	20	70
716	0	-	126	131	95	99	131	98	255	slow	fairy	fairy	187	187	187	120	0
717	0	-	126	131	95	99	131	98	255	slow	dark	flying	186	186	186	120	0
718	0	-	108	100	121	95	81	95	255	slow	dragon	ground	188	188	188	120	0
718	1	sun_moon	54	100	71	115	61	85	255	slow	dragon	ground	188	188	188	120	0
718	2	sun_moon	54	100	71	115	61	85	255	slow	dragon	ground	211	211	211	120	0
718	3	sun_moon	108	100	121	95	81	95	255	slow	dragon	ground	211	211	211	120	0
718	4	sun_moon	216	100	121	85	91	95	255	slow	dragon	ground	211	211	211	120	0
719	0	-	50	100	150	50	100	150	255	slow	rock	fairy	29	29	29	25	70
719	1	omega_ruby_alpha_sapphire	50	160	110	110	160	110	255	slow	rock	fairy	156	156	156	25	70
720	0	-	80	110	60	70	150	130	255	slow	psychic	ghost	170	170	170	120	100
720	1	omega_ruby_alpha_sapphire	80	160	60	80	170	130	255	slow	psychic	dark	170	170	170	120	100
721	0	-	80	110	120	70	130	90	255	slow	fire	water	11	11	11	120	100
722	0	sun_moon	68	55	55	42	50	50	31	medium_slow	grass	flying	65	65	203	15	70
723	0	sun_moon	78	75	75	52	70	70	31	medium_slow	grass	flying	65	65	203	15	70
724	0	sun_moon	78	107	75	70	100	100	31	medium_slow	grass	ghost	65	65	203	15	70
725	0	sun_moon	45	65	40	70	60	40	31	medium_slow	fire	fire	66	66	22	15	70
726	0	sun_moon	65	85	50	90	80	50	31	medium_slow	fire	fire	66	66	22	15	70
727	0	sun_moon	95	115	90	60	80	90	31	medium_slow	fire	dark	66	66	22	15	70
728	0	sun_moon	50	54	54	40	66	56	31	medium_slow	water	water	67	67	204	15	70
729	0	sun_moon	60	69	69	50	91	81	31	medium_slow	water	water	67	67	204	15	70
730	0	sun_moon	80	74	74	60	126	116	31	medium_slow	water	fairy	67	67	204	15	70
731	0	sun_moon	35	75	30	65	30	30	127	medium_fast	normal	flying	51	92	53	15	70
732	0	sun_moon	55	85	50	75	40	50	127	medium_fast	normal	flying	51	92	53	15	70
733	0	sun_moon	80	120	75	60	75	75	127	medium_fast	normal	flying	51	92	125	15	70
734	0	sun_moon	48	70	30	45	30	30	127	medium_fast	normal	normal	198	173	91	15	70
735	0	sun_moon	88	110	60	45	55	60	127	medium_fast	normal	normal	198	173	91	15	70
736	0	sun_moon	47	62	45	46	55	45	127	medium_fast	bug	bug	68	68	68	15	70
737	0	sun_moon	57	82	95	36	55	75	127	medium_fast	bug	electric	217	217	217	15	70
738	0	sun_moon	77	70	90	43	145	75	127	medium_fast	bug	electric	26	26	26	15	70
739	0	sun_moon	47	82	57	63	42	47	127	medium_fast	fighting	fighting	52	89	83	20	70
740	0	sun_moon	97	132	77	43	62	67	127	medium_fast	fighting	ice	52	89	83	20	70
741	0	sun_moon	75	70	70	93	98	70	191	medium_fast	fire	flying	216	216	216	20	70
741	1	sun_moon	75	70	70	93	98	70	191	medium_fast	electric	flying	216	216	216	20	70
741	2	sun_moon	75	70	70	93	98	70	191	medium_fast	psychic	flying	216	216	216	20	70
741	3	sun_moon	75	70	70	93	98	70	191	medium_fast	ghost	flying	216	216	216	20	70
742	0	sun_moon	40	45	40	84	55	40	127	medium_fast	bug	fairy	118	19	175	20	70
743	0	sun_moon	60	55	60	124	95	70	127	medium_fast	bug	fairy	118	19	175	20	70
744	0	sun_moon	45	65	40	60	30	40	127	medium_fast	rock	rock	51	72	80	15	70
744	1	ultra_sun_ultra_moon	45	65	40	60	30	40	127	medium_fast	rock	rock	20	20	20	15	70
745	0	sun_moon	75	115	65	112	55	65	127	medium_fast	rock	rock	51	146	80	15	70
745	1	sun_moon	85	115	75	82	55	75	127	medium_fast	rock	rock	51	72	99	15	70
745	2	ultra_sun_ultra_moon	75	117	65	110	55	65	127	medium_fast	rock	rock	181	181	181	15	70
746	0	sun_moon	45	20	20	40	25	25	127	fast	water	water	208	208	208	15	70
746	1	sun_moon	45	140	130	30	140	135	127	fast	water	water	208	208	208	15	70
747	0	sun_moon	50	53	62	45	43	52	127	medium_fast	poison	water	196	7	144	20	70
748	0	sun_moon	50	63	152	35	53	142	127	medium_fast	poison	water	196	7	144	20	70
749	0	sun_moon	70	100	70	45	45	55	127	medium_fast	ground	ground	20	192	39	20	70
750	0	sun_moon	100	125	100	35	55	85	127	medium_fast	ground	ground	20	192	39	20	70
751	0	sun_moon	38	40	52	27	40	72	127	medium_fast	water	bug	199	199	11	15	70
752	0	sun_moon	68	70	92	42	50	132	127	medium_fast	water	bug	199	199	11	15	70
753	0	sun_moon	40	55	35	35	50	35	127	medium_fast	grass	grass	102	102	126	20	70
754	0	sun_moon	70	105	90	45	80	90	127	medium_fast	grass	grass	102	102	126	20	70
755	0	sun_moon	40	35	55	15	65	75	127	medium_fast	grass	fairy	35	27	44	20	70
756	0	sun_moon	60	45	80	30	90	100	127	medium_fast	grass	fairy	35	27	44	20	70
757	0	sun_moon	48	44	40	77	71	40	31	medium_fast	poison	fire	212	212	12	20	70
758	0	sun_moon	68	64	60	117	111	60	254	medium_fast	poison	fire	212	212	12	20	70
759	0	sun_moon	70	75	50	50	45	50	127	medium_fast	normal	fighting	218	103	56	15	70
760	0	sun_moon	120	125	80	60	55	60	127	medium_fast	normal	fighting	218	103	127	15	70
761	0	sun_moon	42	30	38	32	30	38	254	medium_slow	grass	grass	102	12	175	20	70
762	0	sun_moon	52	40	48	62	40	48	254	medium_slow	grass	grass	102	12	175	20	70
763	0	sun_moon	72	120	98	72	50	98	254	medium_slow	grass	grass	102	214	175	20	70
764	0	sun_moon	51	52	90	100	82	110	191	fast	fairy	fairy	166	205	30	20	70
765	0	sun_moon	90	60	80	60	90	110	127	slow	normal	psychic	39	140	180	20	70
766	0	sun_moon	100	120	90	80	40	60	127	slow	fighting	fighting	222	222	128	20	70
767	0	sun_moon	25	35	40	80	20	30	127	medium_fast	bug	water	193	193	193	20	70
768	0	sun_moon	75	125	140	40	60	90	127	medium_fast	bug	water	194	194	194	20	70
769	0	sun_moon	55	55	80	15	70	45	127	medium_fast	ghost	ground	195	195	8	15	70
770	0	sun_moon	85	75	110	35	100	75	127	medium_fast	ghost	ground	195	195	8	15	70
771	0	sun_moon	55	60	130	5	30	130	127	fast	water	water	215	215	109	15	70
772	0	sun_moon	95	95	95	59	95	95	255	slow	normal	normal	4	4	4	120	0
773	0	sun_moon	95	95	95	95	95	95	255	slow	normal	normal	225	225	225	120	0
774	0	sun_moon	60	60	100	60	60	100	255	medium_slow	rock	flying	197	197	197	25	70
774	7	sun_moon	60	100	60	120	100	60	255	medium_slow	rock	flying	197	197	197	25	70
774	8	sun_moon	60	100	60	120	100	60	255	medium_slow	rock	flying	197	197	197	25	70
774	9	sun_moon	60	100	60	120	100	60	255	medium_slow	rock	flying	197	197	197	25	70
774	10	sun_moon	60	100	60	120	100	60	255	medium_slow	rock	flying	197	197	197	25	70
774	11	sun_moon	60	100	60	120	100	60	255	medium_slow	rock	flying	197	197	197	25	70
774	12	sun_moon	60	100	60	120	100	60	255	medium_slow	rock	flying	197	197	197	25	70
774	13	sun_moon	60	100	60	120	100	60	255	medium_slow	rock	flying	197	197	197	25	70
775	0	sun_moon	65	115	65	65	75	95	127	slow	normal	normal	213	213	213	20	70
776	0	sun_moon	60	78	135	36	91	85	127	medium_fast	fire	dragon	75	75	75	20	70
777	0	sun_moon	65	98	63	96	40	73	127	medium_fast	electric	steel	160	31	5	10	70
778	0	sun_moon	55	90	80	96	50	105	127	medium_fast	ghost	fairy	209	209	209	20	70
779	0	sun_moon	68	105	70	92	70	70	127	medium_fast	water	psychic	219	173	147	15	70
780	0	sun_moon	78	60	85	36	135	91	127	medium_fast	normal	dragon	201	157	13	20	70
781	0	sun_moon	70	131	100	40	86	90	255	medium_fast	ghost	grass	200	200	200	25	70
782	0	sun_moon	45	55	65	45	45	45	127	slow	dragon	dragon	171	43	142	40	70
783	0	sun_moon	55	75	90	65	65	70	127	slow	dragon	fighting	171	43	142	40	70
784	0	sun_moon	75	110	125	85	100	105	127	slow	dragon	fighting	171	43	142	40	70
785	0	sun_moon	70	115	85	130	95	75	255	slow	electric	fairy	226	226	140	15	70
786	0	sun_moon	70	85	75	95	130	115	255	slow	psychic	fairy	227	227	140	15	70
787	0	sun_moon	70	130	115	75	85	95	255	slow	grass	fairy	229	229	140	15	70
788	0	sun_moon	70	75	115	85	95	130	255	slow	water	fairy	228	228	140	15	70
789	0	sun_moon	43	29	31	37	29	31	255	slow	psychic	psychic	109	109	109	120	0
790	0	sun_moon	43	29	131	37	29	131	255	slow	psychic	psychic	5	5	5	120	0
791	0	sun_moon	137	137	107	97	113	89	255	slow	psychic	steel	230	230	230	120	0
792	0	sun_moon	137	113	89	97	137	107	255	slow	psychic	ghost	231	231	231	120	0
793	0	sun_moon	109	53	47	103	127	131	255	slow	rock	poison	224	224	224	120	0
794	0	sun_moon	107	139	139	79	53	53	255	slow	bug	fighting	224	224	224	120	0
795	0	sun_moon	71	137	37	151	137	37	255	slow	bug	fighting	224	224	224	120	0
796	0	sun_moon	83	89	71	83	173	71	255	slow	electric	electric	224	224	224	120	0
797	0	sun_moon	97	101	103	61	107	101	255	slow	steel	flying	224	224	224	120	0
798	0	sun_moon	59	181	131	109	59	31	255	slow	grass	steel	224	224	224	120	0
799	0	sun_moon	223	101	53	43	97	53	255	slow	dark	dragon	224	224	224	120	0
800	0	sun_moon	97	107	101	79	127	89	255	slow	psychic	psychic	232	232	232	120	0
800	1	ultra_sun_ultra_moon	97	157	127	77	113	109	255	slow	psychic	steel	232	232	232	120	0
800	2	ultra_sun_ultra_moon	97	113	109	77	157	127	255	slow	psychic	ghost	232	232	232	120	0
800	3	ultra_sun_ultra_moon	97	167	97	129	167	97	255	slow	psychic	dragon	233	233	233	120	0
801	0	sun_moon	80	95	115	65	130	115	255	slow	steel	fairy	220	220	220	120	0
802	0	sun_moon	90	125	80	125	90	90	255	slow	fighting	ghost	101	101	101	120	0
803	0	ultra_sun_ultra_moon	67	73	67	73	73	67	255	slow	poison	poison	224	224	224	120	0
804	0	ultra_sun_ultra_moon	73	73	73	121	127	73	255	slow	poison	dragon	224	224	224	120	0
805	0	ultra_sun_ultra_moon	61	131	211	13	53	101	255	slow	rock	steel	224	224	224	120	0
806	0	ultra_sun_ultra_moon	53	127	53	107	151	79	255	slow	fire	ghost	224	224	224	120	0
807	0	ultra_sun_ultra_moon	88	112	75	143	102	80	255	slow	electric	electric	10	10	10	120	0
