code	character
0001	U+3000
0002	U+3041
0003	U+3042
0004	U+3043
0005	U+3044
0006	U+3045
0007	U+3046
0008	U+3047
0009	U+3048
000A	U+3049
000B	U+304A
000C	U+304B
000D	U+304C
000E	U+304D
000F	U+304E
0010	U+304F
0011	U+3050
0012	U+3051
0013	U+3052
0014	U+3053
0015	U+3054
0016	U+3055
0017	U+3056
0018	U+3057
0019	U+3058
001A	U+3059
001B	U+305A
001C	U+305B
001D	U+305C
001E	U+305D
001F	U+305E
0020	U+305F
0021	U+3060
0022	U+3061
0023	U+3062
0024	U+3063
0025	U+3064
0026	U+3065
0027	U+3066
0028	U+3067
0029	U+3068
002A	U+3069
002B	U+306A
002C	U+306B
002D	U+306C
002E	U+306D
002F	U+306E
0030	U+306F
0031	U+3070
0032	U+3071
0033	U+3072
0034	U+3073
0035	U+3074
0036	U+3075
0037	U+3076
0038	U+3077
0039	U+3078
003A	U+3079
003B	U+307A
003C	U+307B
003D	U+307C
003E	U+307D
003F	U+307E
0040	U+307F
0041	U+3080
0042	U+3081
0043	U+3082
0044	U+3083
0045	U+3084
0046	U+3085
0047	U+3086
0048	U+3087
0049	U+3088
004A	U+3089
004B	U+308A
004C	U+308B
004D	U+308C
004E	U+308D
004F	U+308F
0050	U+3092
0051	U+3093
0052	U+30A1
0053	U+30A2
0054	U+30A3
0055	U+30A4
0056	U+30A5
0057	U+30A6
0058	U+30A7
0059	U+30A8
005A	U+30A9
005B	U+30AA
005C	U+30AB
005D	U+30AC
005E	U+30AD
005F	U+30AE
0060	U+30AF
0061	U+30B0
0062	U+30B1
0063	U+30B2
0064	U+30B3
0065	U+30B4
0066	U+30B5
0067	U+30B6
0068	U+30B7
0069	U+30B8
006A	U+30B9
006B	U+30BA
006C	U+30BB
006D	U+30BC
006E	U+30BD
006F	U+30BE
0070	U+30BF
0071	U+30C0
0072	U+30C1
0073	U+30C2
0074	U+30C3
0075	U+30C4
0076	U+30C5
0077	U+30C6
0078	U+30C7
0079	U+30C8
007A	U+30C9
007B	U+30CA
007C	U+30CB
007D	U+30CC
007E	U+30CD
007F	U+30CE
0080	U+30CF
0081	U+30D0
0082	U+30D1
0083	U+30D2
0084	U+30D3
0085	U+30D4
0086	U+30D5
0087	U+30D6
0088	U+30D7
0089	U+30D8
008A	U+30D9
008B	U+30DA
008C	U+30DB
008D	U+30DC
008E	U+30DD
008F	U+30DE
0090	U+30DF
0091	U+30E0
0092	U+30E1
0093	U+30E2
0094	U+30E3
0095	U+30E4
0096	U+30E5
0097	U+30E6
0098	U+30E7
0099	U+30E8
009A	U+30E9
009B	U+30EA
009C	U+30EB
009D	U+30EC
009E	U+30ED
009F	U+30EF
00A0	U+30F2
00A1	U+30F3
00A2	U+FF10
00A3	U+FF11
00A4	U+FF12
00A5	U+FF13
00A6	U+FF14
00A7	U+FF15
00A8	U+FF16
00A9	U+FF17
00AA	U+FF18
00AB	U+FF19
00AC	U+FF21
00AD	U+FF22
00AE	U+FF23
00AF	U+FF24
00B0	U+FF25
00B1	U+FF26
00B2	U+FF27
00B3	U+FF28
00B4	U+FF29
00B5	U+FF2A
00B6	U+FF2B
00B7	U+FF2C
00B8	U+FF2D
00B9	U+FF2E
00BA	U+FF2F
00BB	U+FF30
00BC	U+FF31
00BD	U+FF32
00BE	U+FF33
00BF	U+FF34
00C0	U+FF35
00C1	U+FF36
00C2	U+FF37
00C3	U+FF38
00C4	U+FF39
00C5	U+FF3A
00C6	U+FF41
00C7	U+FF42
00C8	U+FF43
00C9	U+FF44
00CA	U+FF45
00CB	U+FF46
00CC	U+FF47
00CD	U+FF48
00CE	U+FF49
00CF	U+FF4A
00D0	U+FF4B
00D1	U+FF4C
00D2	U+FF4D
00D3	U+FF4E
00D4	U+FF4F
00D5	U+FF50
00D6	U+FF51
00D7	U+FF52
00D8	U+FF53
00D9	U+FF54
00DA	U+FF55
00DB	U+FF56
00DC	U+FF57
00DD	U+FF58
00DE	U+FF59
00DF	U+FF5A
00E1	U+FF01
00E2	U+FF1F
00E3	U+3001
00E4	U+3002
00E5	U+2026
00E6	U+30FB
00E7	U+FF0F
00E8	U+300C
00E9	U+300D
00EA	U+300E
00EB	U+300F
00EC	U+FF08
00ED	U+FF09
00EE	U+2642
00EF	U+2640
00F0	U+FF0B
00F1	U+30FC
00F2	U+00D7
00F3	U+00F7
00F4	U+FF1D
00F5	U+FF5E
00F6	U+FF1A
00F7	U+FF1B
00F8	U+FF0E
00F9	U+FF0C
00FA	U+2660
00FB	U+2663
00FC	U+2665
00FD	U+2666
00FE	U+2605
00FF	U+25CE
0100	U+25CB
0101	U+25A1
0102	U+25B3
0103	U+25C7
0104	U+FF20
0105	U+266A
0106	U+FF05
0107	U+2600
0108	U+2601
0109	U+2602
010A	U+2603
010B	U+E081
010C	U+E082
010D	U+E083
010E	U+E084
010F	U+E085
0110	U+E086
0111	U+E087
0112	U+5186
0113	U+2648
0114	U+2649
0115	U+264A
0116	U+264B
0117	U+264C
0118	U+264D
0119	U+264E
011A	U+264F
011B	U+2190
011C	U+2191
011D	U+2193
011E	U+2192
011F	U+25B6
0120	U+FF06
0121	U+0030
0122	U+0031
0123	U+0032
0124	U+0033
0125	U+0034
0126	U+0035
0127	U+0036
0128	U+0037
0129	U+0038
012A	U+0039
012B	U+0041
012C	U+0042
012D	U+0043
012E	U+0044
012F	U+0045
0130	U+0046
0131	U+0047
0132	U+0048
0133	U+0049
0134	U+004A
0135	U+004B
0136	U+004C
0137	U+004D
0138	U+004E
0139	U+004F
013A	U+0050
013B	U+0051
013C	U+0052
013D	U+0053
013E	U+0054
013F	U+0055
0140	U+0056
0141	U+0057
0142	U+0058
0143	U+0059
0144	U+005A
0145	U+0061
0146	U+0062
0147	U+0063
0148	U+0064
0149	U+0065
014A	U+0066
014B	U+0067
014C	U+0068
014D	U+0069
014E	U+006A
014F	U+006B
0150	U+006C
0151	U+006D
0152	U+006E
0153	U+006F
0154	U+0070
0155	U+0071
0156	U+0072
0157	U+0073
0158	U+0074
0159	U+0075
015A	U+0076
015B	U+0077
015C	U+0078
015D	U+0079
015E	U+007A
015F	U+00C0
0160	U+00C1
0161	U+00C2
0162	U+00C3
0163	U+00C4
0164	U+00C5
0165	U+00C6
0166	U+00C7
0167	U+00C8
0168	U+00C9
0169	U+00CA
016A	U+00CB
016B	U+00CC
016C	U+00CD
016D	U+00CE
016E	U+00CF
016F	U+00D0
0170	U+00D1
0171	U+00D2
0172	U+00D3
0173	U+00D4
0174	U+00D5
0175	U+00D6
0176	U+E088
0177	U+00D8
0178	U+00D9
0179	U+00DA
017A	U+00DB
017B	U+00DC
017C	U+00DD
017D	U+00DE
017E	U+00DF
017F	U+00E0
0180	U+00E1
0181	U+00E2
0182	U+00E3
0183	U+00E4
0184	U+00E5
0185	U+00E6
0186	U+00E7
0187	U+00E8
0188	U+00E9
0189	U+00EA
018A	U+00EB
018B	U+00EC
018C	U+00ED
018D	U+00EE
018E	U+00EF
018F	U+00F0
0190	U+00F1
0191	U+00F2
0192	U+00F3
0193	U+00F4
0194	U+00F5
0195	U+00F6
0196	U+E089
0197	U+00F8
0198	U+00F9
0199	U+00FA
019A	U+00FB
019B	U+00FC
019C	U+00FD
019D	U+00FE
019E	U+00FF
019F	U+0152
01A0	U+0153
01A1	U+015E
01A2	U+015F
01A3	U+00AA
01A4	U+00BA
01A5	U+E08A
01A6	U+E08B
01A7	U+E08C
01A8	U+0024
01A9	U+00A1
01AA	U+00BF
01AB	U+0021
01AC	U+003F
01AD	U+002C
01AE	U+002E
01AF	U+E08D
01B0	U+00B7
01B1	U+002F
01B2	U+2018
01B3	U+2019
01B4	U+201C
01B5	U+201D
01B6	U+201E
01B7	U+00AB
01B8	U+00BB
01B9	U+0028
01BA	U+0029
01BB	U+2642
01BC	U+2640
01BD	U+002B
01BE	U+002D
01BF	U+002A
01C0	U+0023
01C1	U+003D
01C2	U+0026
01C3	U+007E
01C4	U+003A
01C5	U+003B
01C6	U+E090
01C7	U+E091
01C8	U+E092
01C9	U+E093
01CA	U+E094
01CB	U+E095
01CC	U+E096
01CD	U+E097
01CE	U+E098
01CF	U+E099
01D0	U+0040
01D1	U+E09A
01D2	U+0025
01D3	U+E09B
01D4	U+E09C
01D5	U+E09D
01D6	U+E09E
01D7	U+E09F
01D8	U+E0A0
01D9	U+E0A1
01DA	U+E0A2
01DB	U+E0A3
01DC	U+E0A4
01DD	U+E0A5
01DE	U+0020
01DF	U+E0A6
01E0	U+E0A7
01E1	U+E0A8
01E2	U+2009
01E8	U+00B0
01E9	U+005F
01EA	U+FF3F
0400	U+AC00
0401	U+AC01
0402	U+AC04
0403	U+AC07
0404	U+AC08
0405	U+AC09
0406	U+AC0A
0407	U+AC10
0408	U+AC11
0409	U+AC12
040A	U+AC13
040B	U+AC14
040C	U+AC15
040D	U+AC16
040E	U+AC17
0410	U+AC19
0411	U+AC1A
0412	U+AC1B
0413	U+AC1C
0414	U+AC1D
0415	U+AC20
0416	U+AC24
0417	U+AC2C
0418	U+AC2D
0419	U+AC2F
041A	U+AC30
041B	U+AC31
041C	U+AC38
041D	U+AC39
041E	U+AC3C
041F	U+AC40
0420	U+AC4B
0421	U+AC4D
0422	U+AC54
0423	U+AC58
0424	U+AC5C
0425	U+AC70
0426	U+AC71
0427	U+AC74
0428	U+AC77
0429	U+AC78
042A	U+AC7A
042B	U+AC80
042C	U+AC81
042D	U+AC83
042E	U+AC84
042F	U+AC85
0430	U+AC86
0431	U+AC89
0432	U+AC8A
0433	U+AC8B
0434	U+AC8C
0435	U+AC90
0436	U+AC94
0437	U+AC9C
0438	U+AC9D
0439	U+AC9F
043A	U+ACA0
043B	U+ACA1
043C	U+ACA8
043D	U+ACA9
043E	U+ACAA
043F	U+ACAC
0440	U+ACAF
0441	U+ACB0
0442	U+ACB8
0443	U+ACB9
0444	U+ACBB
0445	U+ACBC
0446	U+ACBD
0447	U+ACC1
0448	U+ACC4
0449	U+ACC8
044A	U+ACCC
044B	U+ACD5
044C	U+ACD7
044D	U+ACE0
044E	U+ACE1
044F	U+ACE4
0450	U+ACE7
0451	U+ACE8
0452	U+ACEA
0453	U+ACEC
0454	U+ACEF
0455	U+ACF0
0456	U+ACF1
0457	U+ACF3
0458	U+ACF5
0459	U+ACF6
045A	U+ACFC
045B	U+ACFD
045C	U+AD00
045D	U+AD04
045E	U+AD06
045F	U+AD0C
0460	U+AD0D
0461	U+AD0F
0462	U+AD11
0463	U+AD18
0464	U+AD1C
0465	U+AD20
0466	U+AD29
0467	U+AD2C
0468	U+AD2D
0469	U+AD34
046A	U+AD35
046B	U+AD38
046C	U+AD3C
046D	U+AD44
046E	U+AD45
046F	U+AD47
0470	U+AD49
0471	U+AD50
0472	U+AD54
0473	U+AD58
0474	U+AD61
0475	U+AD63
0476	U+AD6C
0477	U+AD6D
0478	U+AD70
0479	U+AD73
047A	U+AD74
047B	U+AD75
047C	U+AD76
047D	U+AD7B
047E	U+AD7C
047F	U+AD7D
0480	U+AD7F
0481	U+AD81
0482	U+AD82
0483	U+AD88
0484	U+AD89
0485	U+AD8C
0486	U+AD90
0487	U+AD9C
0488	U+AD9D
0489	U+ADA4
048A	U+ADB7
048B	U+ADC0
048C	U+ADC1
048D	U+ADC4
048E	U+ADC8
048F	U+ADD0
0490	U+ADD1
0491	U+ADD3
0492	U+ADDC
0493	U+ADE0
0494	U+ADE4
0495	U+ADF8
0496	U+ADF9
0497	U+ADFC
0498	U+ADFF
0499	U+AE00
049A	U+AE01
049B	U+AE08
049C	U+AE09
049D	U+AE0B
049E	U+AE0D
049F	U+AE14
04A0	U+AE30
04A1	U+AE31
04A2	U+AE34
04A3	U+AE37
04A4	U+AE38
04A5	U+AE3A
04A6	U+AE40
04A7	U+AE41
04A8	U+AE43
04A9	U+AE45
04AA	U+AE46
04AB	U+AE4A
04AC	U+AE4C
04AD	U+AE4D
04AE	U+AE4E
04AF	U+AE50
04B0	U+AE54
04B1	U+AE56
04B2	U+AE5C
04B3	U+AE5D
04B4	U+AE5F
04B5	U+AE60
04B6	U+AE61
04B7	U+AE65
04B8	U+AE68
04B9	U+AE69
04BA	U+AE6C
04BB	U+AE70
04BC	U+AE78
04BD	U+AE79
04BE	U+AE7B
04BF	U+AE7C
04C0	U+AE7D
04C1	U+AE84
04C2	U+AE85
04C3	U+AE8C
04C4	U+AEBC
04C5	U+AEBD
04C6	U+AEBE
04C7	U+AEC0
04C8	U+AEC4
04C9	U+AECC
04CA	U+AECD
04CB	U+AECF
04CC	U+AED0
04CD	U+AED1
04CE	U+AED8
04CF	U+AED9
04D0	U+AEDC
04D1	U+AEE8
04D2	U+AEEB
04D3	U+AEED
04D4	U+AEF4
04D5	U+AEF8
04D6	U+AEFC
04D7	U+AF07
04D8	U+AF08
04D9	U+AF0D
04DA	U+AF10
04DB	U+AF2C
04DC	U+AF2D
04DD	U+AF30
04DE	U+AF32
04DF	U+AF34
04E0	U+AF3C
04E1	U+AF3D
04E2	U+AF3F
04E3	U+AF41
04E4	U+AF42
04E5	U+AF43
04E6	U+AF48
04E7	U+AF49
04E8	U+AF50
04E9	U+AF5C
04EA	U+AF5D
04EB	U+AF64
04EC	U+AF65
04ED	U+AF79
04EE	U+AF80
04EF	U+AF84
04F0	U+AF88
04F1	U+AF90
04F2	U+AF91
04F3	U+AF95
04F4	U+AF9C
04F5	U+AFB8
04F6	U+AFB9
04F7	U+AFBC
04F8	U+AFC0
04F9	U+AFC7
04FA	U+AFC8
04FB	U+AFC9
04FC	U+AFCB
04FD	U+AFCD
04FE	U+AFCE
04FF	U+AFD4
0500	U+AFDC
0501	U+AFE8
0502	U+AFE9
0503	U+AFF0
0504	U+AFF1
0505	U+AFF4
0506	U+AFF8
0507	U+B000
0508	U+B001
0509	U+B004
050A	U+B00C
050B	U+B010
050C	U+B014
050D	U+B01C
050E	U+B01D
050F	U+B028
0510	U+B044
0511	U+B045
0512	U+B048
0513	U+B04A
0514	U+B04C
0515	U+B04E
0516	U+B053
0517	U+B054
0518	U+B055
0519	U+B057
051A	U+B059
051B	U+B05D
051C	U+B07C
051D	U+B07D
051E	U+B080
051F	U+B084
0520	U+B08C
0521	U+B08D
0522	U+B08F
0523	U+B091
0524	U+B098
0525	U+B099
0526	U+B09A
0527	U+B09C
0528	U+B09F
0529	U+B0A0
052A	U+B0A1
052B	U+B0A2
052C	U+B0A8
052D	U+B0A9
052E	U+B0AB
052F	U+B0AC
0530	U+B0AD
0531	U+B0AE
0532	U+B0AF
0533	U+B0B1
0534	U+B0B3
0535	U+B0B4
0536	U+B0B5
0537	U+B0B8
0538	U+B0BC
0539	U+B0C4
053A	U+B0C5
053B	U+B0C7
053C	U+B0C8
053D	U+B0C9
053E	U+B0D0
053F	U+B0D1
0540	U+B0D4
0541	U+B0D8
0542	U+B0E0
0543	U+B0E5
0544	U+B108
0545	U+B109
0546	U+B10B
0547	U+B10C
0548	U+B110
0549	U+B112
054A	U+B113
054B	U+B118
054C	U+B119
054D	U+B11B
054E	U+B11C
054F	U+B11D
0550	U+B123
0551	U+B124
0552	U+B125
0553	U+B128
0554	U+B12C
0555	U+B134
0556	U+B135
0557	U+B137
0558	U+B138
0559	U+B139
055A	U+B140
055B	U+B141
055C	U+B144
055D	U+B148
055E	U+B150
055F	U+B151
0560	U+B154
0561	U+B155
0562	U+B158
0563	U+B15C
0564	U+B160
0565	U+B178
0566	U+B179
0567	U+B17C
0568	U+B180
0569	U+B182
056A	U+B188
056B	U+B189
056C	U+B18B
056D	U+B18D
056E	U+B192
056F	U+B193
0570	U+B194
0571	U+B198
0572	U+B19C
0573	U+B1A8
0574	U+B1CC
0575	U+B1D0
0576	U+B1D4
0577	U+B1DC
0578	U+B1DD
0579	U+B1DF
057A	U+B1E8
057B	U+B1E9
057C	U+B1EC
057D	U+B1F0
057E	U+B1F9
057F	U+B1FB
0580	U+B1FD
0581	U+B204
0582	U+B205
0583	U+B208
0584	U+B20B
0585	U+B20C
0586	U+B214
0587	U+B215
0588	U+B217
0589	U+B219
058A	U+B220
058B	U+B234
058C	U+B23C
058D	U+B258
058E	U+B25C
058F	U+B260
0590	U+B268
0591	U+B269
0592	U+B274
0593	U+B275
0594	U+B27C
0595	U+B284
0596	U+B285
0597	U+B289
0598	U+B290
0599	U+B291
059A	U+B294
059B	U+B298
059C	U+B299
059D	U+B29A
059E	U+B2A0
059F	U+B2A1
05A0	U+B2A3
05A1	U+B2A5
05A2	U+B2A6
05A3	U+B2AA
05A4	U+B2AC
05A5	U+B2B0
05A6	U+B2B4
05A7	U+B2C8
05A8	U+B2C9
05A9	U+B2CC
05AA	U+B2D0
05AB	U+B2D2
05AC	U+B2D8
05AD	U+B2D9
05AE	U+B2DB
05AF	U+B2DD
05B0	U+B2E2
05B1	U+B2E4
05B2	U+B2E5
05B3	U+B2E6
05B4	U+B2E8
05B5	U+B2EB
05B6	U+B2EC
05B7	U+B2ED
05B8	U+B2EE
05B9	U+B2EF
05BA	U+B2F3
05BB	U+B2F4
05BC	U+B2F5
05BD	U+B2F7
05BE	U+B2F8
05BF	U+B2F9
05C0	U+B2FA
05C1	U+B2FB
05C2	U+B2FF
05C3	U+B300
05C4	U+B301
05C5	U+B304
05C6	U+B308
05C7	U+B310
05C8	U+B311
05C9	U+B313
05CA	U+B314
05CB	U+B315
05CC	U+B31C
05CD	U+B354
05CE	U+B355
05CF	U+B356
05D0	U+B358
05D1	U+B35B
05D2	U+B35C
05D3	U+B35E
05D4	U+B35F
05D5	U+B364
05D6	U+B365
05D7	U+B367
05D8	U+B369
05D9	U+B36B
05DA	U+B36E
05DB	U+B370
05DC	U+B371
05DD	U+B374
05DE	U+B378
05DF	U+B380
05E0	U+B381
05E1	U+B383
05E2	U+B384
05E3	U+B385
05E4	U+B38C
05E5	U+B390
05E6	U+B394
05E7	U+B3A0
05E8	U+B3A1
05E9	U+B3A8
05EA	U+B3AC
05EB	U+B3C4
05EC	U+B3C5
05ED	U+B3C8
05EE	U+B3CB
05EF	U+B3CC
05F0	U+B3CE
05F1	U+B3D0
05F2	U+B3D4
05F3	U+B3D5
05F4	U+B3D7
05F5	U+B3D9
05F6	U+B3DB
05F7	U+B3DD
05F8	U+B3E0
05F9	U+B3E4
05FA	U+B3E8
05FB	U+B3FC
05FC	U+B410
05FD	U+B418
05FE	U+B41C
05FF	U+B420
0600	U+B428
0601	U+B429
0602	U+B42B
0603	U+B434
0604	U+B450
0605	U+B451
0606	U+B454
0607	U+B458
0608	U+B460
0609	U+B461
060A	U+B463
060B	U+B465
060C	U+B46C
060D	U+B480
060E	U+B488
060F	U+B49D
0610	U+B4A4
0611	U+B4A8
0612	U+B4AC
0613	U+B4B5
0614	U+B4B7
0615	U+B4B9
0616	U+B4C0
0617	U+B4C4
0618	U+B4C8
0619	U+B4D0
061A	U+B4D5
061B	U+B4DC
061C	U+B4DD
061D	U+B4E0
061E	U+B4E3
061F	U+B4E4
0620	U+B4E6
0621	U+B4EC
0622	U+B4ED
0623	U+B4EF
0624	U+B4F1
0625	U+B4F8
0626	U+B514
0627	U+B515
0628	U+B518
0629	U+B51B
062A	U+B51C
062B	U+B524
062C	U+B525
062D	U+B527
062E	U+B528
062F	U+B529
0630	U+B52A
0631	U+B530
0632	U+B531
0633	U+B534
0634	U+B538
0635	U+B540
0636	U+B541
0637	U+B543
0638	U+B544
0639	U+B545
063A	U+B54B
063B	U+B54C
063C	U+B54D
063D	U+B550
063E	U+B554
063F	U+B55C
0640	U+B55D
0641	U+B55F
0642	U+B560
0643	U+B561
0644	U+B5A0
0645	U+B5A1
0646	U+B5A4
0647	U+B5A8
0648	U+B5AA
0649	U+B5AB
064A	U+B5B0
064B	U+B5B1
064C	U+B5B3
064D	U+B5B4
064E	U+B5B5
064F	U+B5BB
0650	U+B5BC
0651	U+B5BD
0652	U+B5C0
0653	U+B5C4
0654	U+B5CC
0655	U+B5CD
0656	U+B5CF
0657	U+B5D0
0658	U+B5D1
0659	U+B5D8
065A	U+B5EC
065B	U+B610
065C	U+B611
065D	U+B614
065E	U+B618
065F	U+B625
0660	U+B62C
0661	U+B634
0662	U+B648
0663	U+B664
0664	U+B668
0665	U+B69C
0666	U+B69D
0667	U+B6A0
0668	U+B6A4
0669	U+B6AB
066A	U+B6AC
066B	U+B6B1
066C	U+B6D4
066D	U+B6F0
066E	U+B6F4
066F	U+B6F8
0670	U+B700
0671	U+B701
0672	U+B705
0673	U+B728
0674	U+B729
0675	U+B72C
0676	U+B72F
0677	U+B730
0678	U+B738
0679	U+B739
067A	U+B73B
067B	U+B744
067C	U+B748
067D	U+B74C
067E	U+B754
067F	U+B755
0680	U+B760
0681	U+B764
0682	U+B768
0683	U+B770
0684	U+B771
0685	U+B773
0686	U+B775
0687	U+B77C
0688	U+B77D
0689	U+B780
068A	U+B784
068B	U+B78C
068C	U+B78D
068D	U+B78F
068E	U+B790
068F	U+B791
0690	U+B792
0691	U+B796
0692	U+B797
0693	U+B798
0694	U+B799
0695	U+B79C
0696	U+B7A0
0697	U+B7A8
0698	U+B7A9
0699	U+B7AB
069A	U+B7AC
069B	U+B7AD
069C	U+B7B4
069D	U+B7B5
069E	U+B7B8
069F	U+B7C7
06A0	U+B7C9
06A1	U+B7EC
06A2	U+B7ED
06A3	U+B7F0
06A4	U+B7F4
06A5	U+B7FC
06A6	U+B7FD
06A7	U+B7FF
06A8	U+B800
06A9	U+B801
06AA	U+B807
06AB	U+B808
06AC	U+B809
06AD	U+B80C
06AE	U+B810
06AF	U+B818
06B0	U+B819
06B1	U+B81B
06B2	U+B81D
06B3	U+B824
06B4	U+B825
06B5	U+B828
06B6	U+B82C
06B7	U+B834
06B8	U+B835
06B9	U+B837
06BA	U+B838
06BB	U+B839
06BC	U+B840
06BD	U+B844
06BE	U+B851
06BF	U+B853
06C0	U+B85C
06C1	U+B85D
06C2	U+B860
06C3	U+B864
06C4	U+B86C
06C5	U+B86D
06C6	U+B86F
06C7	U+B871
06C8	U+B878
06C9	U+B87C
06CA	U+B88D
06CB	U+B8A8
06CC	U+B8B0
06CD	U+B8B4
06CE	U+B8B8
06CF	U+B8C0
06D0	U+B8C1
06D1	U+B8C3
06D2	U+B8C5
06D3	U+B8CC
06D4	U+B8D0
06D5	U+B8D4
06D6	U+B8DD
06D7	U+B8DF
06D8	U+B8E1
06D9	U+B8E8
06DA	U+B8E9
06DB	U+B8EC
06DC	U+B8F0
06DD	U+B8F8
06DE	U+B8F9
06DF	U+B8FB
06E0	U+B8FD
06E1	U+B904
06E2	U+B918
06E3	U+B920
06E4	U+B93C
06E5	U+B93D
06E6	U+B940
06E7	U+B944
06E8	U+B94C
06E9	U+B94F
06EA	U+B951
06EB	U+B958
06EC	U+B959
06ED	U+B95C
06EE	U+B960
06EF	U+B968
06F0	U+B969
06F1	U+B96B
06F2	U+B96D
06F3	U+B974
06F4	U+B975
06F5	U+B978
06F6	U+B97C
06F7	U+B984
06F8	U+B985
06F9	U+B987
06FA	U+B989
06FB	U+B98A
06FC	U+B98D
06FD	U+B98E
06FE	U+B9AC
06FF	U+B9AD
0700	U+B9B0
0701	U+B9B4
0702	U+B9BC
0703	U+B9BD
0704	U+B9BF
0705	U+B9C1
0706	U+B9C8
0707	U+B9C9
0708	U+B9CC
0709	U+B9CE
070A	U+B9CF
070B	U+B9D0
070C	U+B9D1
070D	U+B9D2
070E	U+B9D8
070F	U+B9D9
0710	U+B9DB
0711	U+B9DD
0712	U+B9DE
0713	U+B9E1
0714	U+B9E3
0715	U+B9E4
0716	U+B9E5
0717	U+B9E8
0718	U+B9EC
0719	U+B9F4
071A	U+B9F5
071B	U+B9F7
071C	U+B9F8
071D	U+B9F9
071E	U+B9FA
071F	U+BA00
0720	U+BA01
0721	U+BA08
0722	U+BA15
0723	U+BA38
0724	U+BA39
0725	U+BA3C
0726	U+BA40
0727	U+BA42
0728	U+BA48
0729	U+BA49
072A	U+BA4B
072B	U+BA4D
072C	U+BA4E
072D	U+BA53
072E	U+BA54
072F	U+BA55
0730	U+BA58
0731	U+BA5C
0732	U+BA64
0733	U+BA65
0734	U+BA67
0735	U+BA68
0736	U+BA69
0737	U+BA70
0738	U+BA71
0739	U+BA74
073A	U+BA78
073B	U+BA83
073C	U+BA84
073D	U+BA85
073E	U+BA87
073F	U+BA8C
0740	U+BAA8
0741	U+BAA9
0742	U+BAAB
0743	U+BAAC
0744	U+BAB0
0745	U+BAB2
0746	U+BAB8
0747	U+BAB9
0748	U+BABB
0749	U+BABD
074A	U+BAC4
074B	U+BAC8
074C	U+BAD8
074D	U+BAD9
074E	U+BAFC
074F	U+BB00
0750	U+BB04
0751	U+BB0D
0752	U+BB0F
0753	U+BB11
0754	U+BB18
0755	U+BB1C
0756	U+BB20
0757	U+BB29
0758	U+BB2B
0759	U+BB34
075A	U+BB35
075B	U+BB36
075C	U+BB38
075D	U+BB3B
075E	U+BB3C
075F	U+BB3D
0760	U+BB3E
0761	U+BB44
0762	U+BB45
0763	U+BB47
0764	U+BB49
0765	U+BB4D
0766	U+BB4F
0767	U+BB50
0768	U+BB54
0769	U+BB58
076A	U+BB61
076B	U+BB63
076C	U+BB6C
076D	U+BB88
076E	U+BB8C
076F	U+BB90
0770	U+BBA4
0771	U+BBA8
0772	U+BBAC
0773	U+BBB4
0774	U+BBB7
0775	U+BBC0
0776	U+BBC4
0777	U+BBC8
0778	U+BBD0
0779	U+BBD3
077A	U+BBF8
077B	U+BBF9
077C	U+BBFC
077D	U+BBFF
077E	U+BC00
077F	U+BC02
0780	U+BC08
0781	U+BC09
0782	U+BC0B
0783	U+BC0C
0784	U+BC0D
0785	U+BC0F
0786	U+BC11
0787	U+BC14
0788	U+BC15
0789	U+BC16
078A	U+BC17
078B	U+BC18
078C	U+BC1B
078D	U+BC1C
078E	U+BC1D
078F	U+BC1E
0790	U+BC1F
0791	U+BC24
0792	U+BC25
0793	U+BC27
0794	U+BC29
0795	U+BC2D
0796	U+BC30
0797	U+BC31
0798	U+BC34
0799	U+BC38
079A	U+BC40
079B	U+BC41
079C	U+BC43
079D	U+BC44
079E	U+BC45
079F	U+BC49
07A0	U+BC4C
07A1	U+BC4D
07A2	U+BC50
07A3	U+BC5D
07A4	U+BC84
07A5	U+BC85
07A6	U+BC88
07A7	U+BC8B
07A8	U+BC8C
07A9	U+BC8E
07AA	U+BC94
07AB	U+BC95
07AC	U+BC97
07AD	U+BC99
07AE	U+BC9A
07AF	U+BCA0
07B0	U+BCA1
07B1	U+BCA4
07B2	U+BCA7
07B3	U+BCA8
07B4	U+BCB0
07B5	U+BCB1
07B6	U+BCB3
07B7	U+BCB4
07B8	U+BCB5
07B9	U+BCBC
07BA	U+BCBD
07BB	U+BCC0
07BC	U+BCC4
07BD	U+BCCD
07BE	U+BCCF
07BF	U+BCD0
07C0	U+BCD1
07C1	U+BCD5
07C2	U+BCD8
07C3	U+BCDC
07C4	U+BCF4
07C5	U+BCF5
07C6	U+BCF6
07C7	U+BCF8
07C8	U+BCFC
07C9	U+BD04
07CA	U+BD05
07CB	U+BD07
07CC	U+BD09
07CD	U+BD10
07CE	U+BD14
07CF	U+BD24
07D0	U+BD2C
07D1	U+BD40
07D2	U+BD48
07D3	U+BD49
07D4	U+BD4C
07D5	U+BD50
07D6	U+BD58
07D7	U+BD59
07D8	U+BD64
07D9	U+BD68
07DA	U+BD80
07DB	U+BD81
07DC	U+BD84
07DD	U+BD87
07DE	U+BD88
07DF	U+BD89
07E0	U+BD8A
07E1	U+BD90
07E2	U+BD91
07E3	U+BD93
07E4	U+BD95
07E5	U+BD99
07E6	U+BD9A
07E7	U+BD9C
07E8	U+BDA4
07E9	U+BDB0
07EA	U+BDB8
07EB	U+BDD4
07EC	U+BDD5
07ED	U+BDD8
07EE	U+BDDC
07EF	U+BDE9
07F0	U+BDF0
07F1	U+BDF4
07F2	U+BDF8
07F3	U+BE00
07F4	U+BE03
07F5	U+BE05
07F6	U+BE0C
07F7	U+BE0D
07F8	U+BE10
07F9	U+BE14
07FA	U+BE1C
07FB	U+BE1D
07FC	U+BE1F
07FD	U+BE44
07FE	U+BE45
07FF	U+BE48
0800	U+BE4C
0801	U+BE4E
0802	U+BE54
0803	U+BE55
0804	U+BE57
0805	U+BE59
0806	U+BE5A
0807	U+BE5B
0808	U+BE60
0809	U+BE61
080A	U+BE64
080B	U+BE68
080C	U+BE6A
080D	U+BE70
080E	U+BE71
080F	U+BE73
0810	U+BE74
0811	U+BE75
0812	U+BE7B
0813	U+BE7C
0814	U+BE7D
0815	U+BE80
0816	U+BE84
0817	U+BE8C
0818	U+BE8D
0819	U+BE8F
081A	U+BE90
081B	U+BE91
081C	U+BE98
081D	U+BE99
081E	U+BEA8
081F	U+BED0
0820	U+BED1
0821	U+BED4
0822	U+BED7
0823	U+BED8
0824	U+BEE0
0825	U+BEE3
0826	U+BEE4
0827	U+BEE5
0828	U+BEEC
0829	U+BF01
082A	U+BF08
082B	U+BF09
082C	U+BF18
082D	U+BF19
082E	U+BF1B
082F	U+BF1C
0830	U+BF1D
0831	U+BF40
0832	U+BF41
0833	U+BF44
0834	U+BF48
0835	U+BF50
0836	U+BF51
0837	U+BF55
0838	U+BF94
0839	U+BFB0
083A	U+BFC5
083B	U+BFCC
083C	U+BFCD
083D	U+BFD0
083E	U+BFD4
083F	U+BFDC
0840	U+BFDF
0841	U+BFE1
0842	U+C03C
0843	U+C051
0844	U+C058
0845	U+C05C
0846	U+C060
0847	U+C068
0848	U+C069
0849	U+C090
084A	U+C091
084B	U+C094
084C	U+C098
084D	U+C0A0
084E	U+C0A1
084F	U+C0A3
0850	U+C0A5
0851	U+C0AC
0852	U+C0AD
0853	U+C0AF
0854	U+C0B0
0855	U+C0B3
0856	U+C0B4
0857	U+C0B5
0858	U+C0B6
0859	U+C0BC
085A	U+C0BD
085B	U+C0BF
085C	U+C0C0
085D	U+C0C1
085E	U+C0C5
085F	U+C0C8
0860	U+C0C9
0861	U+C0CC
0862	U+C0D0
0863	U+C0D8
0864	U+C0D9
0865	U+C0DB
0866	U+C0DC
0867	U+C0DD
0868	U+C0E4
0869	U+C0E5
086A	U+C0E8
086B	U+C0EC
086C	U+C0F4
086D	U+C0F5
086E	U+C0F7
086F	U+C0F9
0870	U+C100
0871	U+C104
0872	U+C108
0873	U+C110
0874	U+C115
0875	U+C11C
0876	U+C11D
0877	U+C11E
0878	U+C11F
0879	U+C120
087A	U+C123
087B	U+C124
087C	U+C126
087D	U+C127
087E	U+C12C
087F	U+C12D
0880	U+C12F
0881	U+C130
0882	U+C131
0883	U+C136
0884	U+C138
0885	U+C139
0886	U+C13C
0887	U+C140
0888	U+C148
0889	U+C149
088A	U+C14B
088B	U+C14C
088C	U+C14D
088D	U+C154
088E	U+C155
088F	U+C158
0890	U+C15C
0891	U+C164
0892	U+C165
0893	U+C167
0894	U+C168
0895	U+C169
0896	U+C170
0897	U+C174
0898	U+C178
0899	U+C185
089A	U+C18C
089B	U+C18D
089C	U+C18E
089D	U+C190
089E	U+C194
089F	U+C196
08A0	U+C19C
08A1	U+C19D
08A2	U+C19F
08A3	U+C1A1
08A4	U+C1A5
08A5	U+C1A8
08A6	U+C1A9
08A7	U+C1AC
08A8	U+C1B0
08A9	U+C1BD
08AA	U+C1C4
08AB	U+C1C8
08AC	U+C1CC
08AD	U+C1D4
08AE	U+C1D7
08AF	U+C1D8
08B0	U+C1E0
08B1	U+C1E4
08B2	U+C1E8
08B3	U+C1F0
08B4	U+C1F1
08B5	U+C1F3
08B6	U+C1FC
08B7	U+C1FD
08B8	U+C200
08B9	U+C204
08BA	U+C20C
08BB	U+C20D
08BC	U+C20F
08BD	U+C211
08BE	U+C218
08BF	U+C219
08C0	U+C21C
08C1	U+C21F
08C2	U+C220
08C3	U+C228
08C4	U+C229
08C5	U+C22B
08C6	U+C22D
08C7	U+C22F
08C8	U+C231
08C9	U+C232
08CA	U+C234
08CB	U+C248
08CC	U+C250
08CD	U+C251
08CE	U+C254
08CF	U+C258
08D0	U+C260
08D1	U+C265
08D2	U+C26C
08D3	U+C26D
08D4	U+C270
08D5	U+C274
08D6	U+C27C
08D7	U+C27D
08D8	U+C27F
08D9	U+C281
08DA	U+C288
08DB	U+C289
08DC	U+C290
08DD	U+C298
08DE	U+C29B
08DF	U+C29D
08E0	U+C2A4
08E1	U+C2A5
08E2	U+C2A8
08E3	U+C2AC
08E4	U+C2AD
08E5	U+C2B4
08E6	U+C2B5
08E7	U+C2B7
08E8	U+C2B9
08E9	U+C2DC
08EA	U+C2DD
08EB	U+C2E0
08EC	U+C2E3
08ED	U+C2E4
08EE	U+C2EB
08EF	U+C2EC
08F0	U+C2ED
08F1	U+C2EF
08F2	U+C2F1
08F3	U+C2F6
08F4	U+C2F8
08F5	U+C2F9
08F6	U+C2FB
08F7	U+C2FC
08F8	U+C300
08F9	U+C308
08FA	U+C309
08FB	U+C30C
08FC	U+C30D
08FD	U+C313
08FE	U+C314
08FF	U+C315
0900	U+C318
0901	U+C31C
0902	U+C324
0903	U+C325
0904	U+C328
0905	U+C329
0906	U+C345
0907	U+C368
0908	U+C369
0909	U+C36C
090A	U+C370
090B	U+C372
090C	U+C378
090D	U+C379
090E	U+C37C
090F	U+C37D
0910	U+C384
0911	U+C388
0912	U+C38C
0913	U+C3C0
0914	U+C3D8
0915	U+C3D9
0916	U+C3DC
0917	U+C3DF
0918	U+C3E0
0919	U+C3E2
091A	U+C3E8
091B	U+C3E9
091C	U+C3ED
091D	U+C3F4
091E	U+C3F5
091F	U+C3F8
0920	U+C408
0921	U+C410
0922	U+C424
0923	U+C42C
0924	U+C430
0925	U+C434
0926	U+C43C
0927	U+C43D
0928	U+C448
0929	U+C464
092A	U+C465
092B	U+C468
092C	U+C46C
092D	U+C474
092E	U+C475
092F	U+C479
0930	U+C480
0931	U+C494
0932	U+C49C
0933	U+C4B8
0934	U+C4BC
0935	U+C4E9
0936	U+C4F0
0937	U+C4F1
0938	U+C4F4
0939	U+C4F8
093A	U+C4FA
093B	U+C4FF
093C	U+C500
093D	U+C501
093E	U+C50C
093F	U+C510
0940	U+C514
0941	U+C51C
0942	U+C528
0943	U+C529
0944	U+C52C
0945	U+C530
0946	U+C538
0947	U+C539
0948	U+C53B
0949	U+C53D
094A	U+C544
094B	U+C545
094C	U+C548
094D	U+C549
094E	U+C54A
094F	U+C54C
0950	U+C54D
0951	U+C54E
0952	U+C553
0953	U+C554
0954	U+C555
0955	U+C557
0956	U+C558
0957	U+C559
0958	U+C55D
0959	U+C55E
095A	U+C560
095B	U+C561
095C	U+C564
095D	U+C568
095E	U+C570
095F	U+C571
0960	U+C573
0961	U+C574
0962	U+C575
0963	U+C57C
0964	U+C57D
0965	U+C580
0966	U+C584
0967	U+C587
0968	U+C58C
0969	U+C58D
096A	U+C58F
096B	U+C591
096C	U+C595
096D	U+C597
096E	U+C598
096F	U+C59C
0970	U+C5A0
0971	U+C5A9
0972	U+C5B4
0973	U+C5B5
0974	U+C5B8
0975	U+C5B9
0976	U+C5BB
0977	U+C5BC
0978	U+C5BD
0979	U+C5BE
097A	U+C5C4
097B	U+C5C5
097C	U+C5C6
097D	U+C5C7
097E	U+C5C8
097F	U+C5C9
0980	U+C5CA
0981	U+C5CC
0982	U+C5CE
0983	U+C5D0
0984	U+C5D1
0985	U+C5D4
0986	U+C5D8
0987	U+C5E0
0988	U+C5E1
0989	U+C5E3
098A	U+C5E5
098B	U+C5EC
098C	U+C5ED
098D	U+C5EE
098E	U+C5F0
098F	U+C5F4
0990	U+C5F6
0991	U+C5F7
0992	U+C5FC
0993	U+C5FD
0994	U+C5FE
0995	U+C5FF
0996	U+C600
0997	U+C601
0998	U+C605
0999	U+C606
099A	U+C607
099B	U+C608
099C	U+C60C
099D	U+C610
099E	U+C618
099F	U+C619
09A0	U+C61B
09A1	U+C61C
09A2	U+C624
09A3	U+C625
09A4	U+C628
09A5	U+C62C
09A6	U+C62D
09A7	U+C62E
09A8	U+C630
09A9	U+C633
09AA	U+C634
09AB	U+C635
09AC	U+C637
09AD	U+C639
09AE	U+C63B
09AF	U+C640
09B0	U+C641
09B1	U+C644
09B2	U+C648
09B3	U+C650
09B4	U+C651
09B5	U+C653
09B6	U+C654
09B7	U+C655
09B8	U+C65C
09B9	U+C65D
09BA	U+C660
09BB	U+C66C
09BC	U+C66F
09BD	U+C671
09BE	U+C678
09BF	U+C679
09C0	U+C67C
09C1	U+C680
09C2	U+C688
09C3	U+C689
09C4	U+C68B
09C5	U+C68D
09C6	U+C694
09C7	U+C695
09C8	U+C698
09C9	U+C69C
09CA	U+C6A4
09CB	U+C6A5
09CC	U+C6A7
09CD	U+C6A9
09CE	U+C6B0
09CF	U+C6B1
09D0	U+C6B4
09D1	U+C6B8
09D2	U+C6B9
09D3	U+C6BA
09D4	U+C6C0
09D5	U+C6C1
09D6	U+C6C3
09D7	U+C6C5
09D8	U+C6CC
09D9	U+C6CD
09DA	U+C6D0
09DB	U+C6D4
09DC	U+C6DC
09DD	U+C6DD
09DE	U+C6E0
09DF	U+C6E1
09E0	U+C6E8
09E1	U+C6E9
09E2	U+C6EC
09E3	U+C6F0
09E4	U+C6F8
09E5	U+C6F9
09E6	U+C6FD
09E7	U+C704
09E8	U+C705
09E9	U+C708
09EA	U+C70C
09EB	U+C714
09EC	U+C715
09ED	U+C717
09EE	U+C719
09EF	U+C720
09F0	U+C721
09F1	U+C724
09F2	U+C728
09F3	U+C730
09F4	U+C731
09F5	U+C733
09F6	U+C735
09F7	U+C737
09F8	U+C73C
09F9	U+C73D
09FA	U+C740
09FB	U+C744
09FC	U+C74A
09FD	U+C74C
09FE	U+C74D
09FF	U+C74F
0A00	U+C751
0A01	U+C752
0A02	U+C753
0A03	U+C754
0A04	U+C755
0A05	U+C756
0A06	U+C757
0A07	U+C758
0A08	U+C75C
0A09	U+C760
0A0A	U+C768
0A0B	U+C76B
0A0C	U+C774
0A0D	U+C775
0A0E	U+C778
0A0F	U+C77C
0A10	U+C77D
0A11	U+C77E
0A12	U+C783
0A13	U+C784
0A14	U+C785
0A15	U+C787
0A16	U+C788
0A17	U+C789
0A18	U+C78A
0A19	U+C78E
0A1A	U+C790
0A1B	U+C791
0A1C	U+C794
0A1D	U+C796
0A1E	U+C797
0A1F	U+C798
0A20	U+C79A
0A21	U+C7A0
0A22	U+C7A1
0A23	U+C7A3
0A24	U+C7A4
0A25	U+C7A5
0A26	U+C7A6
0A27	U+C7AC
0A28	U+C7AD
0A29	U+C7B0
0A2A	U+C7B4
0A2B	U+C7BC
0A2C	U+C7BD
0A2D	U+C7BF
0A2E	U+C7C0
0A2F	U+C7C1
0A30	U+C7C8
0A31	U+C7C9
0A32	U+C7CC
0A33	U+C7CE
0A34	U+C7D0
0A35	U+C7D8
0A36	U+C7DD
0A37	U+C7E4
0A38	U+C7E8
0A39	U+C7EC
0A3A	U+C800
0A3B	U+C801
0A3C	U+C804
0A3D	U+C808
0A3E	U+C80A
0A3F	U+C810
0A40	U+C811
0A41	U+C813
0A42	U+C815
0A43	U+C816
0A44	U+C81C
0A45	U+C81D
0A46	U+C820
0A47	U+C824
0A48	U+C82C
0A49	U+C82D
0A4A	U+C82F
0A4B	U+C831
0A4C	U+C838
0A4D	U+C83C
0A4E	U+C840
0A4F	U+C848
0A50	U+C849
0A51	U+C84C
0A52	U+C84D
0A53	U+C854
0A54	U+C870
0A55	U+C871
0A56	U+C874
0A57	U+C878
0A58	U+C87A
0A59	U+C880
0A5A	U+C881
0A5B	U+C883
0A5C	U+C885
0A5D	U+C886
0A5E	U+C887
0A5F	U+C88B
0A60	U+C88C
0A61	U+C88D
0A62	U+C894
0A63	U+C89D
0A64	U+C89F
0A65	U+C8A1
0A66	U+C8A8
0A67	U+C8BC
0A68	U+C8BD
0A69	U+C8C4
0A6A	U+C8C8
0A6B	U+C8CC
0A6C	U+C8D4
0A6D	U+C8D5
0A6E	U+C8D7
0A6F	U+C8D9
0A70	U+C8E0
0A71	U+C8E1
0A72	U+C8E4
0A73	U+C8F5
0A74	U+C8FC
0A75	U+C8FD
0A76	U+C900
0A77	U+C904
0A78	U+C905
0A79	U+C906
0A7A	U+C90C
0A7B	U+C90D
0A7C	U+C90F
0A7D	U+C911
0A7E	U+C918
0A7F	U+C92C
0A80	U+C934
0A81	U+C950
0A82	U+C951
0A83	U+C954
0A84	U+C958
0A85	U+C960
0A86	U+C961
0A87	U+C963
0A88	U+C96C
0A89	U+C970
0A8A	U+C974
0A8B	U+C97C
0A8C	U+C988
0A8D	U+C989
0A8E	U+C98C
0A8F	U+C990
0A90	U+C998
0A91	U+C999
0A92	U+C99B
0A93	U+C99D
0A94	U+C9C0
0A95	U+C9C1
0A96	U+C9C4
0A97	U+C9C7
0A98	U+C9C8
0A99	U+C9CA
0A9A	U+C9D0
0A9B	U+C9D1
0A9C	U+C9D3
0A9D	U+C9D5
0A9E	U+C9D6
0A9F	U+C9D9
0AA0	U+C9DA
0AA1	U+C9DC
0AA2	U+C9DD
0AA3	U+C9E0
0AA4	U+C9E2
0AA5	U+C9E4
0AA6	U+C9E7
0AA7	U+C9EC
0AA8	U+C9ED
0AA9	U+C9EF
0AAA	U+C9F0
0AAB	U+C9F1
0AAC	U+C9F8
0AAD	U+C9F9
0AAE	U+C9FC
0AAF	U+CA00
0AB0	U+CA08
0AB1	U+CA09
0AB2	U+CA0B
0AB3	U+CA0C
0AB4	U+CA0D
0AB5	U+CA14
0AB6	U+CA18
0AB7	U+CA29
0AB8	U+CA4C
0AB9	U+CA4D
0ABA	U+CA50
0ABB	U+CA54
0ABC	U+CA5C
0ABD	U+CA5D
0ABE	U+CA5F
0ABF	U+CA60
0AC0	U+CA61
0AC1	U+CA68
0AC2	U+CA7D
0AC3	U+CA84
0AC4	U+CA98
0AC5	U+CABC
0AC6	U+CABD
0AC7	U+CAC0
0AC8	U+CAC4
0AC9	U+CACC
0ACA	U+CACD
0ACB	U+CACF
0ACC	U+CAD1
0ACD	U+CAD3
0ACE	U+CAD8
0ACF	U+CAD9
0AD0	U+CAE0
0AD1	U+CAEC
0AD2	U+CAF4
0AD3	U+CB08
0AD4	U+CB10
0AD5	U+CB14
0AD6	U+CB18
0AD7	U+CB20
0AD8	U+CB21
0AD9	U+CB41
0ADA	U+CB48
0ADB	U+CB49
0ADC	U+CB4C
0ADD	U+CB50
0ADE	U+CB58
0ADF	U+CB59
0AE0	U+CB5D
0AE1	U+CB64
0AE2	U+CB78
0AE3	U+CB79
0AE4	U+CB9C
0AE5	U+CBB8
0AE6	U+CBD4
0AE7	U+CBE4
0AE8	U+CBE7
0AE9	U+CBE9
0AEA	U+CC0C
0AEB	U+CC0D
0AEC	U+CC10
0AED	U+CC14
0AEE	U+CC1C
0AEF	U+CC1D
0AF0	U+CC21
0AF1	U+CC22
0AF2	U+CC27
0AF3	U+CC28
0AF4	U+CC29
0AF5	U+CC2C
0AF6	U+CC2E
0AF7	U+CC30
0AF8	U+CC38
0AF9	U+CC39
0AFA	U+CC3B
0AFB	U+CC3C
0AFC	U+CC3D
0AFD	U+CC3E
0AFE	U+CC44
0AFF	U+CC45
0B00	U+CC48
0B01	U+CC4C
0B02	U+CC54
0B03	U+CC55
0B04	U+CC57
0B05	U+CC58
0B06	U+CC59
0B07	U+CC60
0B08	U+CC64
0B09	U+CC66
0B0A	U+CC68
0B0B	U+CC70
0B0C	U+CC75
0B0D	U+CC98
0B0E	U+CC99
0B0F	U+CC9C
0B10	U+CCA0
0B11	U+CCA8
0B12	U+CCA9
0B13	U+CCAB
0B14	U+CCAC
0B15	U+CCAD
0B16	U+CCB4
0B17	U+CCB5
0B18	U+CCB8
0B19	U+CCBC
0B1A	U+CCC4
0B1B	U+CCC5
0B1C	U+CCC7
0B1D	U+CCC9
0B1E	U+CCD0
0B1F	U+CCD4
0B20	U+CCE4
0B21	U+CCEC
0B22	U+CCF0
0B23	U+CD01
0B24	U+CD08
0B25	U+CD09
0B26	U+CD0C
0B27	U+CD10
0B28	U+CD18
0B29	U+CD19
0B2A	U+CD1B
0B2B	U+CD1D
0B2C	U+CD24
0B2D	U+CD28
0B2E	U+CD2C
0B2F	U+CD39
0B30	U+CD5C
0B31	U+CD60
0B32	U+CD64
0B33	U+CD6C
0B34	U+CD6D
0B35	U+CD6F
0B36	U+CD71
0B37	U+CD78
0B38	U+CD88
0B39	U+CD94
0B3A	U+CD95
0B3B	U+CD98
0B3C	U+CD9C
0B3D	U+CDA4
0B3E	U+CDA5
0B3F	U+CDA7
0B40	U+CDA9
0B41	U+CDB0
0B42	U+CDC4
0B43	U+CDCC
0B44	U+CDD0
0B45	U+CDE8
0B46	U+CDEC
0B47	U+CDF0
0B48	U+CDF8
0B49	U+CDF9
0B4A	U+CDFB
0B4B	U+CDFD
0B4C	U+CE04
0B4D	U+CE08
0B4E	U+CE0C
0B4F	U+CE14
0B50	U+CE19
0B51	U+CE20
0B52	U+CE21
0B53	U+CE24
0B54	U+CE28
0B55	U+CE30
0B56	U+CE31
0B57	U+CE33
0B58	U+CE35
0B59	U+CE58
0B5A	U+CE59
0B5B	U+CE5C
0B5C	U+CE5F
0B5D	U+CE60
0B5E	U+CE61
0B5F	U+CE68
0B60	U+CE69
0B61	U+CE6B
0B62	U+CE6D
0B63	U+CE74
0B64	U+CE75
0B65	U+CE78
0B66	U+CE7C
0B67	U+CE84
0B68	U+CE85
0B69	U+CE87
0B6A	U+CE89
0B6B	U+CE90
0B6C	U+CE91
0B6D	U+CE94
0B6E	U+CE98
0B6F	U+CEA0
0B70	U+CEA1
0B71	U+CEA3
0B72	U+CEA4
0B73	U+CEA5
0B74	U+CEAC
0B75	U+CEAD
0B76	U+CEC1
0B77	U+CEE4
0B78	U+CEE5
0B79	U+CEE8
0B7A	U+CEEB
0B7B	U+CEEC
0B7C	U+CEF4
0B7D	U+CEF5
0B7E	U+CEF7
0B7F	U+CEF8
0B80	U+CEF9
0B81	U+CF00
0B82	U+CF01
0B83	U+CF04
0B84	U+CF08
0B85	U+CF10
0B86	U+CF11
0B87	U+CF13
0B88	U+CF15
0B89	U+CF1C
0B8A	U+CF20
0B8B	U+CF24
0B8C	U+CF2C
0B8D	U+CF2D
0B8E	U+CF2F
0B8F	U+CF30
0B90	U+CF31
0B91	U+CF38
0B92	U+CF54
0B93	U+CF55
0B94	U+CF58
0B95	U+CF5C
0B96	U+CF64
0B97	U+CF65
0B98	U+CF67
0B99	U+CF69
0B9A	U+CF70
0B9B	U+CF71
0B9C	U+CF74
0B9D	U+CF78
0B9E	U+CF80
0B9F	U+CF85
0BA0	U+CF8C
0BA1	U+CFA1
0BA2	U+CFA8
0BA3	U+CFB0
0BA4	U+CFC4
0BA5	U+CFE0
0BA6	U+CFE1
0BA7	U+CFE4
0BA8	U+CFE8
0BA9	U+CFF0
0BAA	U+CFF1
0BAB	U+CFF3
0BAC	U+CFF5
0BAD	U+CFFC
0BAE	U+D000
0BAF	U+D004
0BB0	U+D011
0BB1	U+D018
0BB2	U+D02D
0BB3	U+D034
0BB4	U+D035
0BB5	U+D038
0BB6	U+D03C
0BB7	U+D044
0BB8	U+D045
0BB9	U+D047
0BBA	U+D049
0BBB	U+D050
0BBC	U+D054
0BBD	U+D058
0BBE	U+D060
0BBF	U+D06C
0BC0	U+D06D
0BC1	U+D070
0BC2	U+D074
0BC3	U+D07C
0BC4	U+D07D
0BC5	U+D081
0BC6	U+D0A4
0BC7	U+D0A5
0BC8	U+D0A8
0BC9	U+D0AC
0BCA	U+D0B4
0BCB	U+D0B5
0BCC	U+D0B7
0BCD	U+D0B9
0BCE	U+D0C0
0BCF	U+D0C1
0BD0	U+D0C4
0BD1	U+D0C8
0BD2	U+D0C9
0BD3	U+D0D0
0BD4	U+D0D1
0BD5	U+D0D3
0BD6	U+D0D4
0BD7	U+D0D5
0BD8	U+D0DC
0BD9	U+D0DD
0BDA	U+D0E0
0BDB	U+D0E4
0BDC	U+D0EC
0BDD	U+D0ED
0BDE	U+D0EF
0BDF	U+D0F0
0BE0	U+D0F1
0BE1	U+D0F8
0BE2	U+D10D
0BE3	U+D130
0BE4	U+D131
0BE5	U+D134
0BE6	U+D138
0BE7	U+D13A
0BE8	U+D140
0BE9	U+D141
0BEA	U+D143
0BEB	U+D144
0BEC	U+D145
0BED	U+D14C
0BEE	U+D14D
0BEF	U+D150
0BF0	U+D154
0BF1	U+D15C
0BF2	U+D15D
0BF3	U+D15F
0BF4	U+D161
0BF5	U+D168
0BF6	U+D16C
0BF7	U+D17C
0BF8	U+D184
0BF9	U+D188
0BFA	U+D1A0
0BFB	U+D1A1
0BFC	U+D1A4
0BFD	U+D1A8
0BFE	U+D1B0
0BFF	U+D1B1
0C00	U+D1B3
0C01	U+D1B5
0C02	U+D1BA
0C03	U+D1BC
0C04	U+D1C0
0C05	U+D1D8
0C06	U+D1F4
0C07	U+D1F8
0C08	U+D207
0C09	U+D209
0C0A	U+D210
0C0B	U+D22C
0C0C	U+D22D
0C0D	U+D230
0C0E	U+D234
0C0F	U+D23C
0C10	U+D23D
0C11	U+D23F
0C12	U+D241
0C13	U+D248
0C14	U+D25C
0C15	U+D264
0C16	U+D280
0C17	U+D281
0C18	U+D284
0C19	U+D288
0C1A	U+D290
0C1B	U+D291
0C1C	U+D295
0C1D	U+D29C
0C1E	U+D2A0
0C1F	U+D2A4
0C20	U+D2AC
0C21	U+D2B1
0C22	U+D2B8
0C23	U+D2B9
0C24	U+D2BC
0C25	U+D2BF
0C26	U+D2C0
0C27	U+D2C2
0C28	U+D2C8
0C29	U+D2C9
0C2A	U+D2CB
0C2B	U+D2D4
0C2C	U+D2D8
0C2D	U+D2DC
0C2E	U+D2E4
0C2F	U+D2E5
0C30	U+D2F0
0C31	U+D2F1
0C32	U+D2F4
0C33	U+D2F8
0C34	U+D300
0C35	U+D301
0C36	U+D303
0C37	U+D305
0C38	U+D30C
0C39	U+D30D
0C3A	U+D30E
0C3B	U+D310
0C3C	U+D314
0C3D	U+D316
0C3E	U+D31C
0C3F	U+D31D
0C40	U+D31F
0C41	U+D320
0C42	U+D321
0C43	U+D325
0C44	U+D328
0C45	U+D329
0C46	U+D32C
0C47	U+D330
0C48	U+D338
0C49	U+D339
0C4A	U+D33B
0C4B	U+D33C
0C4C	U+D33D
0C4D	U+D344
0C4E	U+D345
0C4F	U+D37C
0C50	U+D37D
0C51	U+D380
0C52	U+D384
0C53	U+D38C
0C54	U+D38D
0C55	U+D38F
0C56	U+D390
0C57	U+D391
0C58	U+D398
0C59	U+D399
0C5A	U+D39C
0C5B	U+D3A0
0C5C	U+D3A8
0C5D	U+D3A9
0C5E	U+D3AB
0C5F	U+D3AD
0C60	U+D3B4
0C61	U+D3B8
0C62	U+D3BC
0C63	U+D3C4
0C64	U+D3C5
0C65	U+D3C8
0C66	U+D3C9
0C67	U+D3D0
0C68	U+D3D8
0C69	U+D3E1
0C6A	U+D3E3
0C6B	U+D3EC
0C6C	U+D3ED
0C6D	U+D3F0
0C6E	U+D3F4
0C6F	U+D3FC
0C70	U+D3FD
0C71	U+D3FF
0C72	U+D401
0C73	U+D408
0C74	U+D41D
0C75	U+D440
0C76	U+D444
0C77	U+D45C
0C78	U+D460
0C79	U+D464
0C7A	U+D46D
0C7B	U+D46F
0C7C	U+D478
0C7D	U+D479
0C7E	U+D47C
0C7F	U+D47F
0C80	U+D480
0C81	U+D482
0C82	U+D488
0C83	U+D489
0C84	U+D48B
0C85	U+D48D
0C86	U+D494
0C87	U+D4A9
0C88	U+D4CC
0C89	U+D4D0
0C8A	U+D4D4
0C8B	U+D4DC
0C8C	U+D4DF
0C8D	U+D4E8
0C8E	U+D4EC
0C8F	U+D4F0
0C90	U+D4F8
0C91	U+D4FB
0C92	U+D4FD
0C93	U+D504
0C94	U+D508
0C95	U+D50C
0C96	U+D514
0C97	U+D515
0C98	U+D517
0C99	U+D53C
0C9A	U+D53D
0C9B	U+D540
0C9C	U+D544
0C9D	U+D54C
0C9E	U+D54D
0C9F	U+D54F
0CA0	U+D551
0CA1	U+D558
0CA2	U+D559
0CA3	U+D55C
0CA4	U+D560
0CA5	U+D565
0CA6	U+D568
0CA7	U+D569
0CA8	U+D56B
0CA9	U+D56D
0CAA	U+D574
0CAB	U+D575
0CAC	U+D578
0CAD	U+D57C
0CAE	U+D584
0CAF	U+D585
0CB0	U+D587
0CB1	U+D588
0CB2	U+D589
0CB3	U+D590
0CB4	U+D5A5
0CB5	U+D5C8
0CB6	U+D5C9
0CB7	U+D5CC
0CB8	U+D5D0
0CB9	U+D5D2
0CBA	U+D5D8
0CBB	U+D5D9
0CBC	U+D5DB
0CBD	U+D5DD
0CBE	U+D5E4
0CBF	U+D5E5
0CC0	U+D5E8
0CC1	U+D5EC
0CC2	U+D5F4
0CC3	U+D5F5
0CC4	U+D5F7
0CC5	U+D5F9
0CC6	U+D600
0CC7	U+D601
0CC8	U+D604
0CC9	U+D608
0CCA	U+D610
0CCB	U+D611
0CCC	U+D613
0CCD	U+D614
0CCE	U+D615
0CCF	U+D61C
0CD0	U+D620
0CD1	U+D624
0CD2	U+D62D
0CD3	U+D638
0CD4	U+D639
0CD5	U+D63C
0CD6	U+D640
0CD7	U+D645
0CD8	U+D648
0CD9	U+D649
0CDA	U+D64B
0CDB	U+D64D
0CDC	U+D651
0CDD	U+D654
0CDE	U+D655
0CDF	U+D658
0CE0	U+D65C
0CE1	U+D667
0CE2	U+D669
0CE3	U+D670
0CE4	U+D671
0CE5	U+D674
0CE6	U+D683
0CE7	U+D685
0CE8	U+D68C
0CE9	U+D68D
0CEA	U+D690
0CEB	U+D694
0CEC	U+D69D
0CED	U+D69F
0CEE	U+D6A1
0CEF	U+D6A8
0CF0	U+D6AC
0CF1	U+D6B0
0CF2	U+D6B9
0CF3	U+D6BB
0CF4	U+D6C4
0CF5	U+D6C5
0CF6	U+D6C8
0CF7	U+D6CC
0CF8	U+D6D1
0CF9	U+D6D4
0CFA	U+D6D7
0CFB	U+D6D9
0CFC	U+D6E0
0CFD	U+D6E4
0CFE	U+D6E8
0CFF	U+D6F0
0D00	U+D6F5
0D01	U+D6FC
0D02	U+D6FD
0D03	U+D700
0D04	U+D704
0D05	U+D711
0D06	U+D718
0D07	U+D719
0D08	U+D71C
0D09	U+D720
0D0A	U+D728
0D0B	U+D729
0D0C	U+D72B
0D0D	U+D72D
0D0E	U+D734
0D0F	U+D735
0D10	U+D738
0D11	U+D73C
0D12	U+D744
0D13	U+D747
0D14	U+D749
0D15	U+D750
0D16	U+D751
0D17	U+D754
0D18	U+D756
0D19	U+D757
0D1A	U+D758
0D1B	U+D759
0D1C	U+D760
0D1D	U+D761
0D1E	U+D763
0D1F	U+D765
0D20	U+D769
0D21	U+D76C
0D22	U+D770
0D23	U+D774
0D24	U+D77C
0D25	U+D77D
0D26	U+D781
0D27	U+D788
0D28	U+D789
0D29	U+D78C
0D2A	U+D790
0D2B	U+D798
0D2C	U+D799
0D2D	U+D79B
0D2E	U+D79D
0D31	U+3131
0D32	U+3132
0D33	U+3134
0D34	U+3137
0D35	U+3138
0D36	U+3139
0D37	U+3141
0D38	U+3142
0D39	U+3143
0D3A	U+3145
0D3B	U+3146
0D3C	U+3147
0D3D	U+3148
0D3E	U+3149
0D3F	U+314A
0D40	U+314B
0D41	U+314C
0D42	U+314D
0D43	U+314E
0D44	U+314F
0D45	U+3150
0D46	U+3151
0D47	U+3152
0D48	U+3153
0D49	U+3154
0D4A	U+3155
0D4B	U+3156
0D4C	U+3157
0D4D	U+315B
0D4E	U+315C
0D4F	U+3160
0D50	U+3161
0D51	U+3163
0D61	U+B894
0D62	U+C330
0D63	U+C3BC
0D64	U+C4D4
0D65	U+CB2C
