byte	english	french_german	italian_spanish	japanese	japanese_hiragana
05	-	-	-	U+30AC	-
06	-	-	-	U+30AE	-
07	-	-	-	U+30B0	-
08	-	-	-	U+30B2	-
09	-	-	-	U+30B4	-
0A	-	-	-	U+30B6	-
0B	-	-	-	U+30B8	-
0C	-	-	-	U+30BA	-
0D	-	-	-	U+30BC	-
0E	-	-	-	U+30BE	-
0F	-	-	-	U+30C0	-
10	-	-	-	U+30C2	-
11	-	-	-	U+30C5	-
12	-	-	-	U+30C7	-
13	-	-	-	U+30C9	-
19	-	-	-	U+30D0	-
1A	-	-	-	U+30D3	-
1B	-	-	-	U+30D6	-
1C	-	-	-	U+30DC	-
26	-	-	-	U+304C	-
27	-	-	-	U+304E	-
28	-	-	-	U+3050	-
29	-	-	-	U+3052	-
2A	-	-	-	U+3054	-
2B	-	-	-	U+3056	-
2C	-	-	-	U+3058	-
2D	-	-	-	U+305A	-
2E	-	-	-	U+305C	-
2F	-	-	-	U+305E	-
30	-	-	-	U+3060	-
31	-	-	-	U+3062	-
32	-	-	-	U+3065	-
33	-	-	-	U+3067	-
34	-	-	-	U+3069	-
3A	-	-	-	U+3070	-
3B	-	-	-	U+3073	-
3C	-	-	-	U+3076	-
3D	-	-	-	U+30D9	U+3079
3E	-	-	-	U+307C	-
40	-	-	-	U+30D1	-
41	-	-	-	U+30D4	-
42	-	-	-	U+30D7	-
43	-	-	-	U+30DD	-
44	-	-	-	U+3071	-
45	-	-	-	U+3074	-
46	-	-	-	U+3077	-
47	-	-	-	U+30DA	U+307A
48	-	-	-	U+307D	-
60	-	-	-	U+FF21	-
61	-	-	-	U+FF22	-
62	-	-	-	U+FF23	-
63	-	-	-	U+FF24	-
64	-	-	-	U+FF25	-
65	-	-	-	U+FF26	-
66	-	-	-	U+FF27	-
67	-	-	-	U+FF28	-
68	-	-	-	U+FF29	-
69	-	-	-	U+FF36	-
6A	-	-	-	U+FF33	-
6B	-	-	-	U+FF2C	-
6C	-	-	-	U+FF2D	-
6D	-	-	-	U+FF1A	-
6E	U+3043	U+3043	U+3043	U+3043	-
6F	U+3045	U+3045	U+3045	U+3045	-
70	U+2018	U+2018	U+2018	U+300C	-
71	~U+2019	~U+2019	~U+2019	U+300D	-
72	U+201C	U+201C	U+201C	U+300E	-
73	U+201D	U+201D	U+201D	U+300F	-
74	U+00B7	U+00B7	U+00B7	U+30FB	-
75	U+E08D	U+E08D	U+E08D	U+2026	-
76	U+3041	U+3041	U+3041	U+3041	-
77	U+3047	U+3047	U+3047	U+3047	-
78	U+3049	U+3049	U+3049	U+3049	-
79	U+250C	U+250C	U+250C	U+250C	-
7A	U+2500	U+2500	U+2500	U+2500	-
7B	U+2510	U+2510	U+2510	U+2510	-
7C	U+2502	U+2502	U+2502	U+2502	-
7D	U+2514	U+2514	U+2514	U+2514	-
7E	U+2518	U+2518	U+2518	U+2518	-
7F	U+0020	U+0020	U+0020	U+3000	-
80	U+0041	U+0041	U+0041	U+30A2	-
81	U+0042	U+0042	U+0042	U+30A4	-
82	U+0043	U+0043	U+0043	U+30A6	-
83	U+0044	U+0044	U+0044	U+30A8	-
84	U+0045	U+0045	U+0045	U+30AA	-
85	U+0046	U+0046	U+0046	U+30AB	-
86	U+0047	U+0047	U+0047	U+30AD	-
87	U+0048	U+0048	U+0048	U+30AF	-
88	U+0049	U+0049	U+0049	U+30B1	-
89	U+004A	U+004A	U+004A	U+30B3	-
8A	U+004B	U+004B	U+004B	U+30B5	-
8B	U+004C	U+004C	U+004C	U+30B7	-
8C	U+004D	U+004D	U+004D	U+30B9	-
8D	U+004E	U+004E	U+004E	U+30BB	-
8E	U+004F	U+004F	U+004F	U+30BD	-
8F	U+0050	U+0050	U+0050	U+30BF	-
90	U+0051	U+0051	U+0051	U+30C1	-
91	U+0052	U+0052	U+0052	U+30C4	-
92	U+0053	U+0053	U+0053	U+30C6	-
93	U+0054	U+0054	U+0054	U+30C8	-
94	U+0055	U+0055	U+0055	U+30CA	-
95	U+0056	U+0056	U+0056	U+30CB	-
96	U+0057	U+0057	U+0057	U+30CC	-
97	U+0058	U+0058	U+0058	U+30CD	-
98	U+0059	U+0059	U+0059	U+30CE	-
99	U+005A	U+005A	U+005A	U+30CF	-
9A	U+0028	U+0028	U+0028	U+30D2	-
9B	U+0029	U+0029	U+0029	U+30D5	-
9C	U+003A	U+003A	U+003A	U+30DB	-
9D	U+003B	U+003B	U+003B	U+30DE	-
9E	U+005B	U+005B	U+005B	U+30DF	-
9F	U+005D	U+005D	U+005D	U+30E0	-
A0	U+0061	U+0061	U+0061	U+30E1	-
A1	U+0062	U+0062	U+0062	U+30E2	-
A2	U+0063	U+0063	U+0063	U+30E4	-
A3	U+0064	U+0064	U+0064	U+30E6	-
A4	U+0065	U+0065	U+0065	U+30E8	-
A5	U+0066	U+0066	U+0066	U+30E9	-
A6	U+0067	U+0067	U+0067	U+30EB	-
A7	U+0068	U+0068	U+0068	U+30EC	-
A8	U+0069	U+0069	U+0069	U+30ED	-
A9	U+006A	U+006A	U+006A	U+30EF	-
AA	U+006B	U+006B	U+006B	U+30F2	-
AB	U+006C	U+006C	U+006C	U+30F3	-
AC	U+006D	U+006D	U+006D	U+30C3	-
AD	U+006E	U+006E	U+006E	U+30E3	-
AE	U+006F	U+006F	U+006F	U+30E5	-
AF	U+0070	U+0070	U+0070	U+30E7	-
B0	U+0071	U+0071	U+0071	U+30A3	-
B1	U+0072	U+0072	U+0072	U+3042	-
B2	U+0073	U+0073	U+0073	U+3044	-
B3	U+0074	U+0074	U+0074	U+3046	-
B4	U+0075	U+0075	U+0075	U+3048	-
B5	U+0076	U+0076	U+0076	U+304A	-
B6	U+0077	U+0077	U+0077	U+304B	-
B7	U+0078	U+0078	U+0078	U+304D	-
B8	U+0079	U+0079	U+0079	U+304F	-
B9	U+007A	U+007A	U+007A	U+3051	-
BA	U+00E9	U+00E0	U+00E0	U+3053	-
BB	U+2019 U+0064	U+00E8	U+00E8	U+3055	-
BC	U+2019 U+006C	U+00E9	U+00E9	U+3057	-
BD	U+2019 U+0073	U+00F9	U+00F9	U+3059	-
BE	U+2019 U+0074	U+00DF	U+00C0	U+305B	-
BF	U+2019 U+0076	U+00E7	U+00C1	U+305D	-
C0	-	U+00C4	U+00C4	U+305F	-
C1	-	U+00D6	U+00D6	U+3061	-
C2	-	U+00DC	U+00DC	U+3064	-
C3	-	U+00E4	U+00E4	U+3066	-
C4	-	U+00F6	U+00F6	U+3068	-
C5	-	U+00FC	U+00FC	U+306A	-
C6	-	U+00EB	U+00C8	U+306B	-
C7	-	U+00EF	U+00C9	U+306C	-
C8	-	U+00E2	U+00CC	U+306D	-
C9	-	U+00F4	U+00CD	U+306E	-
CA	-	U+00FB	U+00D1	U+306F	-
CB	-	U+00EA	U+00D2	U+3072	-
CC	-	U+00EE	U+00D3	U+3075	-
CD	-	-	U+00D9	U+30D8	U+3078
CE	-	-	U+00DA	U+307B	-
CF	-	-	U+00E1	U+307E	-
D0	-	-	U+00EC	U+307F	-
D1	-	-	U+00ED	U+3080	-
D2	-	-	U+00F1	U+3081	-
D3	-	-	U+00F2	U+3082	-
D4	-	U+0063 U+2019	U+00F3	U+3084	-
D5	-	U+0064 U+2019	U+00FA	U+3086	-
D6	-	U+006A U+2019	U+00BA	U+3088	-
D7	-	U+006C U+2019	U+0026	U+3089	-
D8	-	U+006D U+2019	U+2019 U+0064	U+30EA	U+308A
D9	-	U+006E U+2019	U+2019 U+006C	U+308B	-
DA	-	U+0070 U+2019	U+2019 U+006D	U+308C	-
DB	-	U+0073 U+2019	U+2019 U+0072	U+308D	-
DC	-	U+2019 U+0073	U+2019 U+0073	U+308F	-
DD	-	U+0074 U+2019	U+2019 U+0074	U+3092	-
DE	-	U+0075 U+2019	U+2019 U+0076	U+3093	-
DF	-	U+0079 U+2019	-	U+3063	-
E0	U+2019	U+2019	U+2019	U+3083	-
E1	U+E0A7	U+E0A7	U+E0A7	U+3085	-
E2	U+E0A8	U+E0A8	U+E0A8	U+3087	-
E3	U+002D	U+002D	U+002D	U+30FC	-
E4	U+2019 U+0072	U+002B	U+00BF	U+309C	-
E5	U+2019 U+006D	-	U+00A1	U+309B	-
E6	U+003F	U+003F	U+003F	U+FF1F	-
E7	U+0021	U+0021	U+0021	U+FF01	-
E8	U+002E	U+002E	U+002E	U+3002	-
E9	U+30A1	U+30A1	U+30A1	U+30A1	-
EA	U+30A5	U+30A5	U+30A5	U+30A5	-
EB	U+30A7	U+30A7	U+30A7	U+30A7	-
EC	U+25B7	U+25B7	U+25B7	U+25B7	-
ED	U+25B6	U+25B6	U+25B6	U+25B6	-
EE	U+25BC	U+25BC	U+25BC	U+25BC	-
EF	U+2642	U+2642	U+2642	U+2642	-
F0	U+0024	U+0024	U+0024	U+5186	-
F1	U+E088	U+E088	U+E088	U+00D7	-
F2	~U+002E	~U+002E	~U+002E	U+FF0E	-
F3	U+002F	U+002F	U+002F	U+FF0F	-
F4	U+002C	U+002C	U+002C	U+30A9	-
F5	U+2640	U+2640	U+2640	U+2640	-
F6	U+0030	U+0030	U+0030	U+FF10	-
F7	U+0031	U+0031	U+0031	U+FF11	-
F8	U+0032	U+0032	U+0032	U+FF12	-
F9	U+0033	U+0033	U+0033	U+FF13	-
FA	U+0034	U+0034	U+0034	U+FF14	-
FB	U+0035	U+0035	U+0035	U+FF15	-
FC	U+0036	U+0036	U+0036	U+FF16	-
FD	U+0037	U+0037	U+0037	U+FF17	-
FE	U+0038	U+0038	U+0038	U+FF18	-
FF	U+0039	U+0039	U+0039	U+FF19	-
