byte	japanese	japanese_hiragana	english	french_german	italian_spanish
05	U+30AC	-	-	-	-
06	U+30AE	-	-	-	-
07	U+30B0	-	-	-	-
08	U+30B2	-	-	-	-
09	U+30B4	-	-	-	-
0A	U+30B6	-	-	-	-
0B	U+30B8	-	-	-	-
0C	U+30BA	-	-	-	-
0D	U+30BC	-	-	-	-
0E	U+30BE	-	-	-	-
0F	U+30C0	-	-	-	-
10	U+30C2	-	-	-	-
11	U+30C5	-	-	-	-
12	U+30C7	-	-	-	-
13	U+30C9	-	-	-	-
19	U+30D0	-	-	-	-
1A	U+30D3	-	-	-	-
1B	U+30D6	-	-	-	-
1C	U+30DC	-	-	-	-
26	U+304C	-	-	-	-
27	U+304E	-	-	-	-
28	U+3050	-	-	-	-
29	U+3052	-	-	-	-
2A	U+3054	-	-	-	-
2B	U+3056	-	-	-	-
2C	U+3058	-	-	-	-
2D	U+305A	-	-	-	-
2E	U+305C	-	-	-	-
2F	U+305E	-	-	-	-
30	U+3060	-	-	-	-
31	U+3062	-	-	-	-
32	U+3065	-	-	-	-
33	U+3067	-	-	-	-
34	U+3069	-	-	-	-
3A	U+3070	-	-	-	-
3B	U+3073	-	-	-	-
3C	U+3076	-	-	-	-
3D	U+30D9	U+3079	-	-	-
3E	U+307C	-	-	-	-
40	U+30D1	-	-	-	-
41	U+30D4	-	-	-	-
42	U+30D7	-	-	-	-
43	U+30DD	-	-	-	-
44	U+3071	-	-	-	-
45	U+3074	-	-	-	-
46	U+3077	-	-	-	-
47	U+30DA	U+307A	-	-	-
48	U+307D	-	-	-	-
60	U+FF21	-	-	-	-
61	U+FF22	-	-	-	-
62	U+FF23	-	-	-	-
63	U+FF24	-	-	-	-
64	U+FF25	-	-	-	-
65	U+FF26	-	-	-	-
66	U+FF27	-	-	-	-
67	U+FF28	-	-	-	-
68	U+FF29	-	-	-	-
69	U+FF36	-	-	-	-
6A	U+FF33	-	-	-	-
6B	U+FF2C	-	-	-	-
6C	U+FF2D	-	-	-	-
6D	U+FF1A	-	-	-	-
6E	U+3043	-	U+3043	U+3043	U+3043
6F	U+3045	-	U+3045	U+3045	U+3045
70	U+300C	-	-	-	-
71	U+300D	-	-	-	-
72	U+300E	-	U+201C	U+201C	U+201C
73	U+300F	-	U+201D	U+201D	U+201D
74	U+30FB	-	U+00B7	U+00B7	U+00B7
75	U+2026	-	U+E08D	U+E08D	U+E08D
76	U+3041	-	U+3041	U+3041	U+3041
77	U+3047	-	U+3047	U+3047	U+3047
78	U+3049	-	U+3049	U+3049	U+3049
79	U+250C	-	U+250C	U+250C	U+250C
7A	U+2500	-	U+2500	U+2500	U+2500
7B	U+2510	-	U+2510	U+2510	U+2510
7C	U+2502	-	U+2502	U+2502	U+2502
7D	U+2514	-	U+2514	U+2514	U+2514
7E	U+2518	-	U+2518	U+2518	U+2518
7F	U+3000	-	U+0020	U+0020	U+0020
80	U+30A2	-	U+0041	U+0041	U+0041
81	U+30A4	-	U+0042	U+0042	U+0042
82	U+30A6	-	U+0043	U+0043	U+0043
83	U+30A8	-	U+0044	U+0044	U+0044
84	U+30AA	-	U+0045	U+0045	U+0045
85	U+30AB	-	U+0046	U+0046	U+0046
86	U+30AD	-	U+0047	U+0047	U+0047
87	U+30AF	-	U+0048	U+0048	U+0048
88	U+30B1	-	U+0049	U+0049	U+0049
89	U+30B3	-	U+004A	U+004A	U+004A
8A	U+30B5	-	U+004B	U+004B	U+004B
8B	U+30B7	-	U+004C	U+004C	U+004C
8C	U+30B9	-	U+004D	U+004D	U+004D
8D	U+30BB	-	U+004E	U+004E	U+004E
8E	U+30BD	-	U+004F	U+004F	U+004F
8F	U+30BF	-	U+0050	U+0050	U+0050
90	U+30C1	-	U+0051	U+0051	U+0051
91	U+30C4	-	U+0052	U+0052	U+0052
92	U+30C6	-	U+0053	U+0053	U+0053
93	U+30C8	-	U+0054	U+0054	U+0054
94	U+30CA	-	U+0055	U+0055	U+0055
95	U+30CB	-	U+0056	U+0056	U+0056
96	U+30CC	-	U+0057	U+0057	U+0057
97	U+30CD	-	U+0058	U+0058	U+0058
98	U+30CE	-	U+0059	U+0059	U+0059
99	U+30CF	-	U+005A	U+005A	U+005A
9A	U+30D2	-	U+0028	U+0028	U+0028
9B	U+30D5	-	U+0029	U+0029	U+0029
9C	U+30DB	-	U+003A	U+003A	U+003A
9D	U+30DE	-	U+003B	U+003B	U+003B
9E	U+30DF	-	U+005B	U+005B	U+005B
9F	U+30E0	-	U+005D	U+005D	U+005D
A0	U+30E1	-	U+0061	U+0061	U+0061
A1	U+30E2	-	U+0062	U+0062	U+0062
A2	U+30E4	-	U+0063	U+0063	U+0063
A3	U+30E6	-	U+0064	U+0064	U+0064
A4	U+30E8	-	U+0065	U+0065	U+0065
A5	U+30E9	-	U+0066	U+0066	U+0066
A6	U+30EB	-	U+0067	U+0067	U+0067
A7	U+30EC	-	U+0068	U+0068	U+0068
A8	U+30ED	-	U+0069	U+0069	U+0069
A9	U+30EF	-	U+006A	U+006A	U+006A
AA	U+30F2	-	U+006B	U+006B	U+006B
AB	U+30F3	-	U+006C	U+006C	U+006C
AC	U+30C3	-	U+006D	U+006D	U+006D
AD	U+30E3	-	U+006E	U+006E	U+006E
AE	U+30E5	-	U+006F	U+006F	U+006F
AF	U+30E7	-	U+0070	U+0070	U+0070
B0	U+30A3	-	U+0071	U+0071	U+0071
B1	U+3042	-	U+0072	U+0072	U+0072
B2	U+3044	-	U+0073	U+0073	U+0073
B3	U+3046	-	U+0074	U+0074	U+0074
B4	U+3048	-	U+0075	U+0075	U+0075
B5	U+304A	-	U+0076	U+0076	U+0076
B6	U+304B	-	U+0077	U+0077	U+0077
B7	U+304D	-	U+0078	U+0078	U+0078
B8	U+304F	-	U+0079	U+0079	U+0079
B9	U+3051	-	U+007A	U+007A	U+007A
BA	U+3053	-	-	U+00E0	U+00E0
BB	U+3055	-	-	U+00E8	U+00E8
BC	U+3057	-	-	~U+00E9	~U+00E9
BD	U+3059	-	-	U+00F9	U+00F9
BE	U+305B	-	-	U+00DF	U+00C0
BF	U+305D	-	-	U+00E7	U+00C1
C0	U+305F	-	U+00C4	U+00C4	U+00C4
C1	U+3061	-	U+00D6	U+00D6	U+00D6
C2	U+3064	-	U+00DC	U+00DC	U+00DC
C3	U+3066	-	U+00E4	U+00E4	U+00E4
C4	U+3068	-	U+00F6	U+00F6	U+00F6
C5	U+306A	-	U+00FC	U+00FC	U+00FC
C6	U+306B	-	-	U+00EB	U+00C8
C7	U+306C	-	-	U+00EF	U+00C9
C8	U+306D	-	-	U+00E2	U+00CC
C9	U+306E	-	-	U+00F4	U+00CD
CA	U+306F	-	-	U+00FB	U+00D1
CB	U+3072	-	-	U+00EA	U+00D2
CC	U+3075	-	-	U+00EE	U+00D3
CD	U+30D8	U+3078	-	-	U+00D9
CE	U+307B	-	-	-	U+00DA
CF	U+307E	-	-	U+2190	U+00E1
D0	U+307F	-	U+2019 U+0064	-	U+00EC
D1	U+3080	-	U+2019 U+006C	-	U+00ED
D2	U+3081	-	U+2019 U+006D	-	U+00F1
D3	U+3082	-	U+2019 U+0072	-	U+00F2
D4	U+3084	-	U+2019 U+0073	U+0063 U+2019	U+00F3
D5	U+3086	-	U+2019 U+0074	U+0064 U+2019	U+00FA
D6	U+3088	-	U+2019 U+0076	U+006A U+2019	U+00BA
D7	U+3089	-	-	U+006C U+2019	~U+0026
D8	U+30EA	U+308A	-	U+006D U+2019	U+2019 U+0064
D9	U+308B	-	-	U+006E U+2019	U+2019 U+006C
DA	U+308C	-	-	U+0070 U+2019	U+2019 U+006D
DB	U+308D	-	-	U+0073 U+2019	U+2019 U+0072
DC	U+308F	-	-	U+2019 U+0073	U+2019 U+0073
DD	U+3092	-	-	U+0074 U+2019	U+2019 U+0074
DE	U+3093	-	-	U+0075 U+2019	U+2019 U+0076
DF	U+3063	-	U+2190	U+0079 U+2019	U+2190
E0	U+3083	-	U+2019	U+2019	U+2019
E1	U+3085	-	U+E0A7	U+E0A7	U+E0A7
E2	U+3087	-	U+E0A8	U+E0A8	U+E0A8
E3	U+30FC	-	U+002D	U+002D	U+002D
E4	U+309C	-	-	U+002B	U+00BF
E5	U+309B	-	-	-	U+00A1
E6	U+FF1F	-	U+003F	U+003F	U+003F
E7	U+FF01	-	U+0021	U+0021	U+0021
E8	U+3002	-	U+002E	U+002E	U+002E
E9	U+30A1	-	U+0026	U+0026	U+0026
EA	U+30A5	-	U+00E9	U+00E9	U+00E9
EB	U+30A7	-	U+2192	U+2192	U+2192
EC	U+25B7	-	U+25B7	U+25B7	U+25B7
ED	U+25B6	-	U+25B6	U+25B6	U+25B6
EE	U+25BC	-	U+25BC	U+25BC	U+25BC
EF	U+2642	-	U+2642	U+2642	U+2642
F0	U+5186	-	U+0024	U+0024	U+0024
F1	U+00D7	-	U+E088	U+E088	U+E088
F2	U+FF0E	-	~U+002E	~U+002E	~U+002E
F3	U+FF0F	-	U+002F	U+002F	U+002F
F4	U+30A9	-	U+002C	U+002C	U+002C
F5	U+2640	-	U+2640	U+2640	U+2640
F6	U+FF10	-	U+0030	U+0030	U+0030
F7	U+FF11	-	U+0031	U+0031	U+0031
F8	U+FF12	-	U+0032	U+0032	U+0032
F9	U+FF13	-	U+0033	U+0033	U+0033
FA	U+FF14	-	U+0034	U+0034	U+0034
FB	U+FF15	-	U+0035	U+0035	U+0035
FC	U+FF16	-	U+0036	U+0036	U+0036
FD	U+FF17	-	U+0037	U+0037	U+0037
FE	U+FF18	-	U+0038	U+0038	U+0038
FF	U+FF19	-	U+0039	U+0039	U+0039
