# Gen 2 species by National Dex number: pret pokecrystal data/pokemon/base_stats/*.asm, in BaseData's order;
# pokegold holds the same rows. gender_ratio is the stored byte: female when (Attack DV << 4 | Speed DV) is at most it,
# 0 always male, 254 always female, 255 genderless.
national	hp	attack	defense	speed	special_attack	special_defense	growth_rate	gender_ratio
1	45	49	49	45	65	65	medium_slow	31
2	60	62	63	60	80	80	medium_slow	31
3	80	82	83	80	100	100	medium_slow	31
4	39	52	43	65	60	50	medium_slow	31
5	58	64	58	80	80	65	medium_slow	31
6	78	84	78	100	109	85	medium_slow	31
7	44	48	65	43	50	64	medium_slow	31
8	59	63	80	58	65	80	medium_slow	31
9	79	83	100	78	85	105	medium_slow	31
10	45	30	35	45	20	20	medium_fast	127
11	50	20	55	30	25	25	medium_fast	127
12	60	45	50	70	80	80	medium_fast	127
13	40	35	30	50	20	20	medium_fast	127
14	45	25	50	35	25	25	medium_fast	127
15	65	80	40	75	45	80	medium_fast	127
16	40	45	40	56	35	35	medium_slow	127
17	63	60	55	71	50	50	medium_slow	127
18	83	80	75	91	70	70	medium_slow	127
19	30	56	35	72	25	35	medium_fast	127
20	55	81	60	97	50	70	medium_fast	127
21	40	60	30	70	31	31	medium_fast	127
22	65	90	65	100	61	61	medium_fast	127
23	35	60	44	55	40	54	medium_fast	127
24	60	85	69	80	65	79	medium_fast	127
25	35	55	30	90	50	40	medium_fast	127
26	60	90	55	100	90	80	medium_fast	127
27	50	75	85	40	20	30	medium_fast	127
28	75	100	110	65	45	55	medium_fast	127
29	55	47	52	41	40	40	medium_slow	254
30	70	62	67	56	55	55	medium_slow	254
31	90	82	87	76	75	85	medium_slow	254
32	46	57	40	50	40	40	medium_slow	0
33	61	72	57	65	55	55	medium_slow	0
34	81	92	77	85	85	75	medium_slow	0
35	70	45	48	35	60	65	fast	191
36	95	70	73	60	85	90	fast	191
37	38	41	40	65	50	65	medium_fast	191
38	73	76	75	100	81	100	medium_fast	191
39	115	45	20	20	45	25	fast	191
40	140	70	45	45	75	50	fast	191
41	40	45	35	55	30	40	medium_fast	127
42	75	80	70	90	65	75	medium_fast	127
43	45	50	55	30	75	65	medium_slow	127
44	60	65	70	40	85	75	medium_slow	127
45	75	80	85	50	100	90	medium_slow	127
46	35	70	55	25	45	55	medium_fast	127
47	60	95	80	30	60	80	medium_fast	127
48	60	55	50	45	40	55	medium_fast	127
49	70	65	60	90	90	75	medium_fast	127
50	10	55	25	95	35	45	medium_fast	127
51	35	80	50	120	50	70	medium_fast	127
52	40	45	35	90	40	40	medium_fast	127
53	65	70	60	115	65	65	medium_fast	127
54	50	52	48	55	65	50	medium_fast	127
55	80	82	78	85	95	80	medium_fast	127
56	40	80	35	70	35	45	medium_fast	127
57	65	105	60	95	60	70	medium_fast	127
58	55	70	45	60	70	50	slow	63
59	90	110	80	95	100	80	slow	63
60	40	50	40	90	40	40	medium_slow	127
61	65	65	65	90	50	50	medium_slow	127
62	90	85	95	70	70	90	medium_slow	127
63	25	20	15	90	105	55	medium_slow	63
64	40	35	30	105	120	70	medium_slow	63
65	55	50	45	120	135	85	medium_slow	63
66	70	80	50	35	35	35	medium_slow	63
67	80	100	70	45	50	60	medium_slow	63
68	90	130	80	55	65	85	medium_slow	63
69	50	75	35	40	70	30	medium_slow	127
70	65	90	50	55	85	45	medium_slow	127
71	80	105	65	70	100	60	medium_slow	127
72	40	40	35	70	50	100	slow	127
73	80	70	65	100	80	120	slow	127
74	40	80	100	20	30	30	medium_slow	127
75	55	95	115	35	45	45	medium_slow	127
76	80	110	130	45	55	65	medium_slow	127
77	50	85	55	90	65	65	medium_fast	127
78	65	100	70	105	80	80	medium_fast	127
79	90	65	65	15	40	40	medium_fast	127
80	95	75	110	30	100	80	medium_fast	127
81	25	35	70	45	95	55	medium_fast	255
82	50	60	95	70	120	70	medium_fast	255
83	52	65	55	60	58	62	medium_fast	127
84	35	85	45	75	35	35	medium_fast	127
85	60	110	70	100	60	60	medium_fast	127
86	65	45	55	45	45	70	medium_fast	127
87	90	70	80	70	70	95	medium_fast	127
88	80	80	50	25	40	50	medium_fast	127
89	105	105	75	50	65	100	medium_fast	127
90	30	65	100	40	45	25	slow	127
91	50	95	180	70	85	45	slow	127
92	30	35	30	80	100	35	medium_slow	127
93	45	50	45	95	115	55	medium_slow	127
94	60	65	60	110	130	75	medium_slow	127
95	35	45	160	70	30	45	medium_fast	127
96	60	48	45	42	43	90	medium_fast	127
97	85	73	70	67	73	115	medium_fast	127
98	30	105	90	50	25	25	medium_fast	127
99	55	130	115	75	50	50	medium_fast	127
100	40	30	50	100	55	55	medium_fast	255
101	60	50	70	140	80	80	medium_fast	255
102	60	40	80	40	60	45	slow	127
103	95	95	85	55	125	65	slow	127
104	50	50	95	35	40	50	medium_fast	127
105	60	80	110	45	50	80	medium_fast	127
106	50	120	53	87	35	110	medium_fast	0
107	50	105	79	76	35	110	medium_fast	0
108	90	55	75	30	60	75	medium_fast	127
109	40	65	95	35	60	45	medium_fast	127
110	65	90	120	60	85	70	medium_fast	127
111	80	85	95	25	30	30	slow	127
112	105	130	120	40	45	45	slow	127
113	250	5	5	50	35	105	fast	254
114	65	55	115	60	100	40	medium_fast	127
115	105	95	80	90	40	80	medium_fast	254
116	30	40	70	60	70	25	medium_fast	127
117	55	65	95	85	95	45	medium_fast	127
118	45	67	60	63	35	50	medium_fast	127
119	80	92	65	68	65	80	medium_fast	127
120	30	45	55	85	70	55	slow	255
121	60	75	85	115	100	85	slow	255
122	40	45	65	90	100	120	medium_fast	127
123	70	110	80	105	55	80	medium_fast	127
124	65	50	35	95	115	95	medium_fast	254
125	65	83	57	105	95	85	medium_fast	63
126	65	95	57	93	100	85	medium_fast	63
127	65	125	100	85	55	70	slow	127
128	75	100	95	110	40	70	slow	0
129	20	10	55	80	15	20	slow	127
130	95	125	79	81	60	100	slow	127
131	130	85	80	60	85	95	slow	127
132	48	48	48	48	48	48	medium_fast	255
133	55	55	50	55	45	65	medium_fast	31
134	130	65	60	65	110	95	medium_fast	31
135	65	65	60	130	110	95	medium_fast	31
136	65	130	60	65	95	110	medium_fast	31
137	65	60	70	40	85	75	medium_fast	255
138	35	40	100	35	90	55	medium_fast	31
139	70	60	125	55	115	70	medium_fast	31
140	30	80	90	55	55	45	medium_fast	31
141	60	115	105	80	65	70	medium_fast	31
142	80	105	65	130	60	75	slow	31
143	160	110	65	30	65	110	slow	31
144	90	85	100	85	95	125	slow	255
145	90	90	85	100	125	90	slow	255
146	90	100	90	90	125	85	slow	255
147	41	64	45	50	50	50	slow	127
148	61	84	65	70	70	70	slow	127
149	91	134	95	80	100	100	slow	127
150	106	110	90	130	154	90	slow	255
151	100	100	100	100	100	100	medium_slow	255
152	45	49	65	45	49	65	medium_slow	31
153	60	62	80	60	63	80	medium_slow	31
154	80	82	100	80	83	100	medium_slow	31
155	39	52	43	65	60	50	medium_slow	31
156	58	64	58	80	80	65	medium_slow	31
157	78	84	78	100	109	85	medium_slow	31
158	50	65	64	43	44	48	medium_slow	31
159	65	80	80	58	59	63	medium_slow	31
160	85	105	100	78	79	83	medium_slow	31
161	35	46	34	20	35	45	medium_fast	127
162	85	76	64	90	45	55	medium_fast	127
163	60	30	30	50	36	56	medium_fast	127
164	100	50	50	70	76	96	medium_fast	127
165	40	20	30	55	40	80	fast	127
166	55	35	50	85	55	110	fast	127
167	40	60	40	30	40	40	fast	127
168	70	90	70	40	60	60	fast	127
169	85	90	80	130	70	80	medium_fast	127
170	75	38	38	67	56	56	slow	127
171	125	58	58	67	76	76	slow	127
172	20	40	15	60	35	35	medium_fast	127
173	50	25	28	15	45	55	fast	191
174	90	30	15	15	40	20	fast	191
175	35	20	65	20	40	65	fast	31
176	55	40	85	40	80	105	fast	31
177	40	50	45	70	70	45	medium_fast	127
178	65	75	70	95	95	70	medium_fast	127
179	55	40	40	35	65	45	medium_slow	127
180	70	55	55	45	80	60	medium_slow	127
181	90	75	75	55	115	90	medium_slow	127
182	75	80	85	50	90	100	medium_slow	127
183	70	20	50	40	20	50	fast	127
184	100	50	80	50	50	80	fast	127
185	70	100	115	30	30	65	medium_fast	127
186	90	75	75	70	90	100	medium_slow	127
187	35	35	40	50	35	55	medium_slow	127
188	55	45	50	80	45	65	medium_slow	127
189	75	55	70	110	55	85	medium_slow	127
190	55	70	55	85	40	55	fast	127
191	30	30	30	30	30	30	medium_slow	127
192	75	75	55	30	105	85	medium_slow	127
193	65	65	45	95	75	45	medium_fast	127
194	55	45	45	15	25	25	medium_fast	127
195	95	85	85	35	65	65	medium_fast	127
196	65	65	60	110	130	95	medium_fast	31
197	95	65	110	65	60	130	medium_fast	31
198	60	85	42	91	85	42	medium_slow	127
199	95	75	80	30	100	110	medium_fast	127
200	60	60	60	85	85	85	fast	127
201	48	72	48	48	72	48	medium_fast	255
202	190	33	58	33	33	58	medium_fast	127
203	70	80	65	85	90	65	medium_fast	127
204	50	65	90	15	35	35	medium_fast	127
205	75	90	140	40	60	60	medium_fast	127
206	100	70	70	45	65	65	medium_fast	127
207	65	75	105	85	35	65	medium_slow	127
208	75	85	200	30	55	65	medium_fast	127
209	60	80	50	30	40	40	fast	191
210	90	120	75	45	60	60	fast	191
211	65	95	75	85	55	55	medium_fast	127
212	70	130	100	65	55	80	medium_fast	127
213	20	10	230	5	10	230	medium_slow	127
214	80	125	75	85	40	95	slow	127
215	55	95	55	115	35	75	medium_slow	127
216	60	80	50	40	50	50	medium_fast	127
217	90	130	75	55	75	75	medium_fast	127
218	40	40	40	20	70	40	medium_fast	127
219	50	50	120	30	80	80	medium_fast	127
220	50	50	40	50	30	30	slow	127
221	100	100	80	50	60	60	slow	127
222	55	55	85	35	65	85	fast	191
223	35	65	35	65	65	35	medium_fast	127
224	75	105	75	45	105	75	medium_fast	127
225	45	55	45	75	65	45	fast	127
226	65	40	70	70	80	140	slow	127
227	65	80	140	70	40	70	slow	127
228	45	60	30	65	80	50	slow	127
229	75	90	50	95	110	80	slow	127
230	75	95	95	85	95	95	medium_fast	127
231	90	60	60	40	40	40	medium_fast	127
232	90	120	120	50	60	60	medium_fast	127
233	85	80	90	60	105	95	medium_fast	255
234	73	95	62	85	85	65	slow	127
235	55	20	35	75	20	45	fast	127
236	35	35	35	35	35	35	medium_fast	0
237	50	95	95	70	35	110	medium_fast	0
238	45	30	15	65	85	65	medium_fast	254
239	45	63	37	95	65	55	medium_fast	63
240	45	75	37	83	70	55	medium_fast	63
241	95	80	105	100	40	70	slow	254
242	255	10	10	55	75	135	fast	254
243	90	85	75	115	115	100	slow	255
244	115	115	85	100	90	75	slow	255
245	100	75	115	85	90	115	slow	255
246	50	64	50	41	45	50	slow	127
247	70	84	70	51	65	70	slow	127
248	100	134	110	61	95	100	slow	127
249	106	90	130	110	90	154	slow	255
250	106	130	90	90	110	154	slow	255
251	100	100	100	100	100	100	medium_slow	255
