move	from_game	type	pp
1	-	normal	35
2	-	normal	25
2	gold_silver	fighting	25
3	-	normal	10
4	-	normal	15
5	-	normal	20
6	-	normal	20
7	-	fire	15
8	-	ice	15
9	-	electric	15
10	-	normal	35
11	-	normal	30
12	-	normal	5
13	-	normal	10
14	-	normal	30
14	x_y	normal	20
15	-	normal	30
16	-	normal	35
16	gold_silver	flying	35
17	-	flying	35
18	-	normal	20
19	-	flying	15
20	-	normal	20
21	-	normal	20
22	-	grass	10
22	diamond_pearl	grass	15
22	x_y	grass	25
23	-	normal	20
24	-	fighting	30
25	-	normal	5
26	-	fighting	25
26	black_white	fighting	10
27	-	fighting	15
28	-	normal	15
28	gold_silver	ground	15
29	-	normal	15
30	-	normal	25
31	-	normal	20
32	-	normal	5
33	-	normal	35
34	-	normal	15
35	-	normal	20
36	-	normal	20
37	-	normal	20
37	black_white	normal	10
38	-	normal	15
39	-	normal	30
40	-	poison	35
41	-	bug	20
42	-	bug	20
43	-	normal	30
44	-	normal	25
44	gold_silver	dark	25
45	-	normal	40
46	-	normal	20
47	-	normal	15
48	-	normal	20
49	-	normal	20
50	-	normal	20
51	-	poison	30
52	-	fire	25
53	-	fire	15
54	-	ice	30
55	-	water	25
56	-	water	5
57	-	water	15
58	-	ice	10
59	-	ice	5
60	-	psychic	20
61	-	water	20
62	-	ice	20
63	-	normal	5
64	-	flying	35
65	-	flying	20
66	-	fighting	25
66	x_y	fighting	20
67	-	fighting	20
68	-	fighting	20
69	-	fighting	20
70	-	normal	15
71	-	grass	20
71	diamond_pearl	grass	25
72	-	grass	10
72	diamond_pearl	grass	15
73	-	grass	10
74	-	normal	40
74	x_y	normal	20
75	-	grass	25
76	-	grass	10
77	-	poison	35
78	-	grass	30
79	-	grass	15
80	-	grass	20
80	black_white	grass	10
81	-	bug	40
82	-	dragon	10
83	-	fire	15
84	-	electric	30
85	-	electric	15
86	-	electric	20
87	-	electric	10
88	-	rock	15
89	-	ground	10
90	-	ground	5
91	-	ground	10
92	-	poison	10
93	-	psychic	25
94	-	psychic	10
95	-	psychic	20
96	-	psychic	40
97	-	psychic	30
98	-	normal	30
99	-	normal	20
100	-	psychic	20
101	-	ghost	15
102	-	normal	10
103	-	normal	40
104	-	normal	15
105	-	normal	20
105	diamond_pearl	normal	10
106	-	normal	30
107	-	normal	20
107	x_y	normal	10
108	-	normal	20
109	-	ghost	10
110	-	water	40
111	-	normal	40
112	-	psychic	30
112	x_y	psychic	20
113	-	psychic	30
114	-	ice	30
115	-	psychic	20
116	-	normal	30
117	-	normal	10
118	-	normal	10
119	-	flying	20
120	-	normal	5
121	-	normal	10
122	-	ghost	30
123	-	poison	20
124	-	poison	20
125	-	ground	20
126	-	fire	5
127	-	water	15
128	-	water	10
128	black_white	water	15
129	-	normal	20
130	-	normal	15
130	x_y	normal	10
131	-	normal	15
132	-	normal	35
133	-	psychic	20
134	-	psychic	15
135	-	normal	10
136	-	fighting	20
136	black_white	fighting	10
137	-	normal	30
138	-	psychic	15
139	-	poison	40
140	-	normal	20
141	-	bug	15
141	sun_moon	bug	10
142	-	normal	10
143	-	flying	5
144	-	normal	10
145	-	water	30
146	-	normal	10
147	-	grass	15
148	-	normal	20
149	-	psychic	15
150	-	normal	40
151	-	poison	40
151	x_y	poison	20
152	-	water	10
153	-	normal	5
154	-	normal	15
155	-	ground	10
156	-	psychic	10
157	-	rock	10
158	-	normal	15
159	-	normal	30
160	-	normal	30
161	-	normal	10
162	-	normal	10
163	-	normal	20
164	-	normal	10
165	-	normal	10
165	gold_silver	normal	1
166	gold_silver	normal	1
167	gold_silver	fighting	10
168	gold_silver	dark	10
168	x_y	dark	25
169	gold_silver	bug	10
170	gold_silver	normal	5
171	gold_silver	ghost	15
172	gold_silver	fire	25
173	gold_silver	normal	15
174	gold_silver	mystery	10
174	black_white	ghost	10
175	gold_silver	normal	15
176	gold_silver	normal	30
177	gold_silver	flying	5
178	gold_silver	grass	40
179	gold_silver	fighting	15
180	gold_silver	ghost	10
181	gold_silver	ice	25
182	gold_silver	normal	10
183	gold_silver	fighting	30
184	gold_silver	normal	10
185	gold_silver	dark	20
186	gold_silver	normal	10
186	x_y	fairy	10
187	gold_silver	normal	10
188	gold_silver	poison	10
189	gold_silver	ground	10
190	gold_silver	water	10
191	gold_silver	ground	20
192	gold_silver	electric	5
193	gold_silver	normal	40
194	gold_silver	ghost	5
195	gold_silver	normal	5
196	gold_silver	ice	15
197	gold_silver	fighting	5
198	gold_silver	ground	10
199	gold_silver	normal	5
200	gold_silver	dragon	15
200	black_white	dragon	10
201	gold_silver	rock	10
202	gold_silver	grass	5
202	diamond_pearl	grass	10
203	gold_silver	normal	10
204	gold_silver	normal	20
204	x_y	fairy	20
205	gold_silver	rock	20
206	gold_silver	normal	40
207	gold_silver	normal	15
208	gold_silver	normal	10
209	gold_silver	electric	20
210	gold_silver	bug	20
211	gold_silver	steel	25
212	gold_silver	normal	5
213	gold_silver	normal	15
214	gold_silver	normal	10
215	gold_silver	normal	5
216	gold_silver	normal	20
217	gold_silver	normal	15
218	gold_silver	normal	20
219	gold_silver	normal	25
220	gold_silver	normal	20
221	gold_silver	fire	5
222	gold_silver	ground	30
223	gold_silver	fighting	5
224	gold_silver	bug	10
225	gold_silver	dragon	20
226	gold_silver	normal	40
227	gold_silver	normal	5
228	gold_silver	dark	20
229	gold_silver	normal	40
230	gold_silver	normal	20
231	gold_silver	steel	15
232	gold_silver	steel	35
233	gold_silver	fighting	10
234	gold_silver	normal	5
235	gold_silver	grass	5
236	gold_silver	normal	5
236	x_y	fairy	5
237	gold_silver	normal	15
238	gold_silver	fighting	5
239	gold_silver	dragon	20
240	gold_silver	water	5
241	gold_silver	fire	5
242	gold_silver	dark	15
243	gold_silver	psychic	20
244	gold_silver	normal	10
245	gold_silver	normal	5
246	gold_silver	rock	5
247	gold_silver	ghost	15
248	gold_silver	psychic	15
248	black_white	psychic	10
249	gold_silver	fighting	15
250	gold_silver	water	15
251	gold_silver	dark	10
252	ruby_sapphire	normal	10
253	ruby_sapphire	normal	10
254	ruby_sapphire	normal	10
254	diamond_pearl	normal	20
255	ruby_sapphire	normal	10
256	ruby_sapphire	normal	10
257	ruby_sapphire	fire	10
258	ruby_sapphire	ice	10
259	ruby_sapphire	dark	15
260	ruby_sapphire	dark	15
261	ruby_sapphire	fire	15
262	ruby_sapphire	dark	10
263	ruby_sapphire	normal	20
264	ruby_sapphire	fighting	20
265	ruby_sapphire	normal	10
266	ruby_sapphire	normal	20
267	ruby_sapphire	normal	20
268	ruby_sapphire	electric	20
269	ruby_sapphire	dark	20
270	ruby_sapphire	normal	20
271	ruby_sapphire	psychic	10
272	ruby_sapphire	psychic	10
273	ruby_sapphire	normal	10
274	ruby_sapphire	normal	20
275	ruby_sapphire	grass	20
276	ruby_sapphire	fighting	5
277	ruby_sapphire	psychic	15
278	ruby_sapphire	normal	10
279	ruby_sapphire	fighting	10
280	ruby_sapphire	fighting	15
281	ruby_sapphire	normal	10
282	ruby_sapphire	dark	20
283	ruby_sapphire	normal	5
284	ruby_sapphire	fire	5
285	ruby_sapphire	psychic	10
286	ruby_sapphire	psychic	10
287	ruby_sapphire	normal	20
288	ruby_sapphire	ghost	5
289	ruby_sapphire	dark	10
290	ruby_sapphire	normal	20
291	ruby_sapphire	water	10
292	ruby_sapphire	fighting	20
293	ruby_sapphire	normal	20
294	ruby_sapphire	bug	20
295	ruby_sapphire	psychic	5
296	ruby_sapphire	psychic	5
297	ruby_sapphire	flying	15
298	ruby_sapphire	normal	20
299	ruby_sapphire	fire	10
300	ruby_sapphire	ground	15
301	ruby_sapphire	ice	20
302	ruby_sapphire	grass	15
303	ruby_sapphire	normal	10
304	ruby_sapphire	normal	10
305	ruby_sapphire	poison	15
306	ruby_sapphire	normal	10
307	ruby_sapphire	fire	5
308	ruby_sapphire	water	5
309	ruby_sapphire	steel	10
310	ruby_sapphire	ghost	15
311	ruby_sapphire	normal	10
312	ruby_sapphire	grass	5
313	ruby_sapphire	dark	20
314	ruby_sapphire	flying	25
315	ruby_sapphire	fire	5
316	ruby_sapphire	normal	40
317	ruby_sapphire	rock	10
317	x_y	rock	15
318	ruby_sapphire	bug	5
319	ruby_sapphire	steel	40
320	ruby_sapphire	grass	15
321	ruby_sapphire	normal	20
322	ruby_sapphire	psychic	20
323	ruby_sapphire	water	5
324	ruby_sapphire	bug	15
325	ruby_sapphire	ghost	20
326	ruby_sapphire	psychic	30
326	x_y	psychic	20
327	ruby_sapphire	fighting	15
328	ruby_sapphire	ground	15
329	ruby_sapphire	ice	5
330	ruby_sapphire	water	10
331	ruby_sapphire	grass	30
332	ruby_sapphire	flying	20
333	ruby_sapphire	ice	30
334	ruby_sapphire	steel	15
335	ruby_sapphire	normal	5
336	ruby_sapphire	normal	40
337	ruby_sapphire	dragon	15
338	ruby_sapphire	grass	5
339	ruby_sapphire	fighting	20
340	ruby_sapphire	flying	5
341	ruby_sapphire	ground	15
342	ruby_sapphire	poison	25
343	ruby_sapphire	normal	40
343	x_y	normal	25
344	ruby_sapphire	electric	15
345	ruby_sapphire	grass	20
346	ruby_sapphire	water	15
347	ruby_sapphire	psychic	20
348	ruby_sapphire	grass	15
349	ruby_sapphire	dragon	20
350	ruby_sapphire	rock	10
351	ruby_sapphire	electric	20
352	ruby_sapphire	water	20
353	ruby_sapphire	steel	5
354	ruby_sapphire	psychic	5
355	diamond_pearl	flying	10
356	diamond_pearl	psychic	5
357	diamond_pearl	psychic	40
358	diamond_pearl	fighting	10
359	diamond_pearl	fighting	10
360	diamond_pearl	steel	5
361	diamond_pearl	psychic	10
362	diamond_pearl	water	10
363	diamond_pearl	normal	15
364	diamond_pearl	normal	10
365	diamond_pearl	flying	20
366	diamond_pearl	flying	30
366	x_y	flying	15
367	diamond_pearl	normal	30
368	diamond_pearl	steel	10
369	diamond_pearl	bug	20
370	diamond_pearl	fighting	5
371	diamond_pearl	dark	10
372	diamond_pearl	dark	10
373	diamond_pearl	dark	15
374	diamond_pearl	dark	10
375	diamond_pearl	psychic	10
376	diamond_pearl	normal	5
377	diamond_pearl	psychic	15
378	diamond_pearl	normal	5
379	diamond_pearl	psychic	10
380	diamond_pearl	poison	10
381	diamond_pearl	normal	30
382	diamond_pearl	normal	20
383	diamond_pearl	normal	20
384	diamond_pearl	psychic	10
385	diamond_pearl	psychic	10
386	diamond_pearl	dark	5
387	diamond_pearl	normal	5
388	diamond_pearl	grass	10
389	diamond_pearl	dark	5
390	diamond_pearl	poison	20
391	diamond_pearl	psychic	10
392	diamond_pearl	water	20
393	diamond_pearl	electric	10
394	diamond_pearl	fire	15
395	diamond_pearl	fighting	10
396	diamond_pearl	fighting	20
397	diamond_pearl	rock	20
398	diamond_pearl	poison	20
399	diamond_pearl	dark	15
400	diamond_pearl	dark	15
401	diamond_pearl	water	10
402	diamond_pearl	grass	15
403	diamond_pearl	flying	20
403	x_y	flying	15
404	diamond_pearl	bug	15
405	diamond_pearl	bug	10
406	diamond_pearl	dragon	10
407	diamond_pearl	dragon	10
408	diamond_pearl	rock	20
409	diamond_pearl	fighting	5
409	black_white	fighting	10
410	diamond_pearl	fighting	30
411	diamond_pearl	fighting	5
412	diamond_pearl	grass	10
413	diamond_pearl	flying	15
414	diamond_pearl	ground	10
415	diamond_pearl	dark	10
416	diamond_pearl	normal	5
417	diamond_pearl	dark	20
418	diamond_pearl	steel	30
419	diamond_pearl	ice	10
420	diamond_pearl	ice	30
421	diamond_pearl	ghost	15
422	diamond_pearl	electric	15
423	diamond_pearl	ice	15
424	diamond_pearl	fire	15
425	diamond_pearl	ghost	30
426	diamond_pearl	ground	10
427	diamond_pearl	psychic	20
428	diamond_pearl	psychic	15
429	diamond_pearl	steel	10
430	diamond_pearl	steel	10
431	diamond_pearl	normal	20
432	diamond_pearl	flying	15
433	diamond_pearl	psychic	5
434	diamond_pearl	dragon	5
435	diamond_pearl	electric	15
436	diamond_pearl	fire	15
437	diamond_pearl	grass	5
438	diamond_pearl	grass	10
439	diamond_pearl	rock	5
440	diamond_pearl	poison	20
441	diamond_pearl	poison	5
442	diamond_pearl	steel	15
443	diamond_pearl	steel	20
444	diamond_pearl	rock	5
445	diamond_pearl	normal	20
446	diamond_pearl	rock	20
447	diamond_pearl	grass	20
448	diamond_pearl	flying	20
449	diamond_pearl	normal	10
450	diamond_pearl	bug	20
451	diamond_pearl	electric	10
452	diamond_pearl	grass	15
453	diamond_pearl	water	20
454	diamond_pearl	bug	15
455	diamond_pearl	bug	10
456	diamond_pearl	bug	10
457	diamond_pearl	rock	5
458	diamond_pearl	normal	10
459	diamond_pearl	dragon	5
460	diamond_pearl	dragon	5
461	diamond_pearl	psychic	10
462	diamond_pearl	normal	5
463	diamond_pearl	fire	5
464	diamond_pearl	dark	10
465	diamond_pearl	grass	5
466	diamond_pearl	ghost	5
467	diamond_pearl	ghost	5
468	black_white	dark	15
469	black_white	rock	10
470	black_white	psychic	10
471	black_white	psychic	10
472	black_white	psychic	10
473	black_white	psychic	10
474	black_white	poison	10
475	black_white	steel	15
476	black_white	bug	20
477	black_white	psychic	15
478	black_white	psychic	10
479	black_white	rock	15
480	black_white	fighting	10
481	black_white	fire	15
482	black_white	poison	10
483	black_white	bug	20
484	black_white	steel	10
485	black_white	psychic	15
485	x_y	psychic	10
486	black_white	electric	10
487	black_white	water	20
488	black_white	fire	20
489	black_white	poison	20
490	black_white	fighting	20
491	black_white	poison	20
492	black_white	dark	15
493	black_white	normal	15
494	black_white	normal	15
495	black_white	normal	15
496	black_white	normal	15
497	black_white	normal	15
498	black_white	normal	20
499	black_white	poison	15
500	black_white	psychic	10
501	black_white	fighting	15
502	black_white	psychic	15
503	black_white	water	15
504	black_white	normal	15
505	black_white	psychic	10
506	black_white	ghost	10
507	black_white	flying	10
508	black_white	steel	10
509	black_white	fighting	10
510	black_white	fire	15
511	black_white	dark	15
512	black_white	flying	15
513	black_white	normal	15
514	black_white	normal	5
515	black_white	fighting	5
516	black_white	normal	15
517	black_white	fire	5
518	black_white	water	10
519	black_white	fire	10
520	black_white	grass	10
521	black_white	electric	20
522	black_white	bug	20
523	black_white	ground	20
524	black_white	ice	10
525	black_white	dragon	10
526	black_white	normal	30
527	black_white	electric	15
528	black_white	electric	15
529	black_white	ground	10
530	black_white	dragon	15
531	black_white	psychic	25
532	black_white	grass	10
533	black_white	fighting	20
533	x_y	fighting	15
534	black_white	water	10
535	black_white	fire	10
536	black_white	grass	10
537	black_white	bug	20
538	black_white	grass	10
539	black_white	dark	10
540	black_white	psychic	10
541	black_white	normal	10
542	black_white	flying	10
543	black_white	normal	15
544	black_white	steel	15
545	black_white	fire	5
546	black_white	normal	5
547	black_white	normal	10
548	black_white	fighting	10
549	black_white	ice	10
550	black_white	electric	5
551	black_white	fire	5
552	black_white	fire	10
553	black_white	ice	5
554	black_white	ice	5
555	black_white	dark	15
556	black_white	ice	10
557	black_white	fire	5
558	black_white	fire	5
559	black_white	electric	5
560	x_y	fighting	10
561	x_y	fighting	10
562	x_y	poison	10
563	x_y	ground	10
564	x_y	bug	20
565	x_y	bug	25
566	x_y	ghost	10
567	x_y	ghost	20
568	x_y	normal	30
569	x_y	electric	25
570	x_y	electric	20
571	x_y	grass	20
572	x_y	grass	15
573	x_y	ice	20
574	x_y	fairy	15
575	x_y	dark	20
576	x_y	dark	20
577	x_y	fairy	10
578	x_y	fairy	10
579	x_y	fairy	10
580	x_y	grass	10
581	x_y	fairy	10
582	x_y	electric	20
583	x_y	fairy	10
584	x_y	fairy	30
585	x_y	fairy	15
586	x_y	normal	10
587	x_y	fairy	10
588	x_y	steel	10
589	x_y	normal	20
590	x_y	normal	20
591	x_y	rock	5
592	x_y	water	5
593	x_y	psychic	5
594	x_y	water	20
595	x_y	fire	10
596	x_y	grass	10
597	x_y	fairy	20
598	x_y	electric	15
599	x_y	poison	20
600	x_y	bug	20
601	x_y	fairy	10
602	x_y	electric	20
603	x_y	normal	30
604	x_y	electric	10
605	x_y	fairy	10
606	x_y	normal	40
607	x_y	normal	40
608	x_y	fairy	30
609	x_y	electric	20
610	x_y	normal	40
611	x_y	bug	20
612	x_y	fighting	20
613	x_y	flying	10
614	x_y	ground	10
615	x_y	ground	10
616	x_y	ground	10
617	x_y	fairy	5
618	omega_ruby_alpha_sapphire	water	10
619	omega_ruby_alpha_sapphire	ground	10
620	omega_ruby_alpha_sapphire	flying	5
621	omega_ruby_alpha_sapphire	dark	5
622	sun_moon	normal	1
623	sun_moon	normal	1
624	sun_moon	fighting	1
625	sun_moon	fighting	1
626	sun_moon	flying	1
627	sun_moon	flying	1
628	sun_moon	poison	1
629	sun_moon	poison	1
630	sun_moon	ground	1
631	sun_moon	ground	1
632	sun_moon	rock	1
633	sun_moon	rock	1
634	sun_moon	bug	1
635	sun_moon	bug	1
636	sun_moon	ghost	1
637	sun_moon	ghost	1
638	sun_moon	steel	1
639	sun_moon	steel	1
640	sun_moon	fire	1
641	sun_moon	fire	1
642	sun_moon	water	1
643	sun_moon	water	1
644	sun_moon	grass	1
645	sun_moon	grass	1
646	sun_moon	electric	1
647	sun_moon	electric	1
648	sun_moon	psychic	1
649	sun_moon	psychic	1
650	sun_moon	ice	1
651	sun_moon	ice	1
652	sun_moon	dragon	1
653	sun_moon	dragon	1
654	sun_moon	dark	1
655	sun_moon	dark	1
656	sun_moon	fairy	1
657	sun_moon	fairy	1
658	sun_moon	electric	1
659	sun_moon	ground	10
660	sun_moon	bug	10
661	sun_moon	poison	10
662	sun_moon	ghost	10
663	sun_moon	dark	10
664	sun_moon	water	10
665	sun_moon	ice	10
666	sun_moon	fairy	10
667	sun_moon	ground	10
668	sun_moon	grass	10
669	sun_moon	grass	10
670	sun_moon	grass	40
671	sun_moon	normal	15
672	sun_moon	poison	20
673	sun_moon	normal	30
674	sun_moon	steel	20
675	sun_moon	dark	15
676	sun_moon	bug	15
677	sun_moon	steel	20
678	sun_moon	psychic	10
679	sun_moon	bug	15
680	sun_moon	fire	15
681	sun_moon	dark	10
682	sun_moon	fire	5
683	sun_moon	psychic	10
684	sun_moon	steel	10
685	sun_moon	poison	20
686	sun_moon	normal	15
687	sun_moon	dragon	10
688	sun_moon	grass	15
689	sun_moon	psychic	15
690	sun_moon	flying	15
691	sun_moon	dragon	5
692	sun_moon	dragon	15
693	sun_moon	dark	20
694	sun_moon	ice	20
695	sun_moon	ghost	1
696	sun_moon	dark	1
697	sun_moon	water	1
698	sun_moon	fairy	1
699	sun_moon	ghost	1
700	sun_moon	electric	1
701	sun_moon	normal	1
702	sun_moon	normal	1
703	sun_moon	psychic	1
704	sun_moon	fire	5
705	sun_moon	fairy	5
706	sun_moon	psychic	10
707	sun_moon	ground	10
708	sun_moon	ghost	10
709	sun_moon	rock	20
710	sun_moon	water	10
711	sun_moon	psychic	10
712	sun_moon	ghost	10
713	sun_moon	steel	5
714	sun_moon	ghost	5
715	sun_moon	normal	20
716	sun_moon	electric	10
717	sun_moon	fairy	10
718	sun_moon	normal	10
719	sun_moon	electric	1
720	ultra_sun_ultra_moon	fire	5
721	ultra_sun_ultra_moon	electric	15
722	ultra_sun_ultra_moon	psychic	5
723	ultra_sun_ultra_moon	psychic	1
724	ultra_sun_ultra_moon	steel	1
725	ultra_sun_ultra_moon	ghost	1
726	ultra_sun_ultra_moon	fairy	1
727	ultra_sun_ultra_moon	rock	1
728	ultra_sun_ultra_moon	dragon	1
