# Move names by move number, as Ultra Sun and Ultra Moon name them: the Sun and Moon carts'
# text (member 113 of each language's archive, a/0/3/0 to a/0/3/9; Japanese is the kana
# archive), and Pokémon Bank 6.8's (member 52 of a/0/0/4 to a/0/1/3) for 720-728.
move	japanese	english	french	italian	german	spanish	korean	chinese_simplified	chinese_traditional
1	はたく	Pound	Écras’Face	Botta	Pfund	Destructor	막치기	拍击	拍擊
2	からてチョップ	Karate Chop	Poing-Karaté	Colpokarate	Karateschlag	Golpe Kárate	태권당수	空手劈	空手劈
3	おうふくビンタ	Double Slap	Torgnoles	Doppiasberla	Duplexhieb	Doble Bofetón	연속뺨치기	连环巴掌	連環巴掌
4	れんぞくパンチ	Comet Punch	Poing Comète	Cometapugno	Kometenhieb	Puño Cometa	연속펀치	连续拳	連續拳
5	メガトンパンチ	Mega Punch	Ultimapoing	Megapugno	Megahieb	Megapuño	메가톤펀치	百万吨重拳	百萬噸重拳
6	ネコにこばん	Pay Day	Jackpot	Giornopaga	Zahltag	Día de Pago	고양이돈받기	聚宝功	聚寶功
7	ほのおのパンチ	Fire Punch	Poing de Feu	Fuocopugno	Feuerschlag	Puño Fuego	불꽃펀치	火焰拳	火焰拳
8	れいとうパンチ	Ice Punch	Poing-Glace	Gelopugno	Eishieb	Puño Hielo	냉동펀치	冰冻拳	冰凍拳
9	かみなりパンチ	Thunder Punch	Poing-Éclair	Tuonopugno	Donnerschlag	Puño Trueno	번개펀치	雷电拳	雷電拳
10	ひっかく	Scratch	Griffe	Graffio	Kratzer	Arañazo	할퀴기	抓	抓
11	はさむ	Vice Grip	Force Poigne	Presa	Klammer	Agarre	찝기	夹住	夾住
12	ハサミギロチン	Guillotine	Guillotine	Ghigliottina	Guillotine	Guillotina	가위자르기	断头钳	斷頭鉗
13	かまいたち	Razor Wind	Coupe-Vent	Ventagliente	Klingensturm	Viento Cortante	칼바람	旋风刀	旋風刀
14	つるぎのまい	Swords Dance	Danse-Lames	Danzaspada	Schwerttanz	Danza Espada	칼춤	剑舞	劍舞
15	いあいぎり	Cut	Coupe	Taglio	Zerschneider	Corte	풀베기	居合斩	居合斬
16	かぜおこし	Gust	Tornade	Raffica	Windstoß	Tornado	바람일으키기	起风	起風
17	つばさでうつ	Wing Attack	Cru-Aile	Attacco d’Ala	Flügelschlag	Ataque Ala	날개치기	翅膀攻击	翅膀攻擊
18	ふきとばし	Whirlwind	Cyclone	Turbine	Wirbelwind	Remolino	날려버리기	吹飞	吹飛
19	そらをとぶ	Fly	Vol	Volo	Fliegen	Vuelo	공중날기	飞翔	飛翔
20	しめつける	Bind	Étreinte	Legatutto	Klammergriff	Atadura	조이기	绑紧	綁緊
21	たたきつける	Slam	Souplesse	Schianto	Slam	Atizar	힘껏치기	摔打	摔打
22	つるのムチ	Vine Whip	Fouet Lianes	Frustata	Rankenhieb	Látigo Cepa	덩굴채찍	藤鞭	藤鞭
23	ふみつけ	Stomp	Écrasement	Pestone	Stampfer	Pisotón	짓밟기	踩踏	踩踏
24	にどげり	Double Kick	Double Pied	Doppiocalcio	Doppelkick	Doble Patada	두번치기	二连踢	二連踢
25	メガトンキック	Mega Kick	Ultimawashi	Megacalcio	Megakick	Megapatada	메가톤킥	百万吨重踢	百萬噸重踢
26	とびげり	Jump Kick	Pied Sauté	Calciosalto	Sprungkick	Patada Salto	점프킥	飞踢	飛踢
27	まわしげり	Rolling Kick	Mawashi Geri	Calciorullo	Fegekick	Patada Giro	돌려차기	回旋踢	迴旋踢
28	すなかけ	Sand Attack	Jet de Sable	Turbosabbia	Sandwirbel	Ataque Arena	모래뿌리기	泼沙	潑沙
29	ずつき	Headbutt	Coup d’Boule	Bottintesta	Kopfnuss	Golpe Cabeza	박치기	头锤	頭錘
30	つのでつく	Horn Attack	Koud’Korne	Incornata	Hornattacke	Cornada	뿔찌르기	角撞	角撞
31	みだれづき	Fury Attack	Furie	Furia	Furienschlag	Ataque Furia	마구찌르기	乱击	亂擊
32	つのドリル	Horn Drill	Empal’Korne	Perforcorno	Hornbohrer	Perforador	뿔드릴	角钻	角鑽
33	たいあたり	Tackle	Charge	Azione	Tackle	Placaje	몸통박치기	撞击	撞擊
34	のしかかり	Body Slam	Plaquage	Corposcontro	Bodyslam	Golpe Cuerpo	누르기	泰山压顶	泰山壓頂
35	まきつく	Wrap	Ligotage	Avvolgibotta	Wickel	Constricción	김밥말이	紧束	緊束
36	とっしん	Take Down	Bélier	Riduttore	Bodycheck	Derribo	돌진	猛撞	猛撞
37	あばれる	Thrash	Mania	Colpo	Fuchtler	Golpe	난동부리기	大闹一番	大鬧一番
38	すてみタックル	Double-Edge	Damoclès	Sdoppiatore	Risikotackle	Doble Filo	이판사판태클	舍身冲撞	捨身衝撞
39	しっぽをふる	Tail Whip	Mimi-Queue	Colpocoda	Rutenschlag	Látigo	꼬리흔들기	摇尾巴	搖尾巴
40	どくばり	Poison Sting	Dard-Venin	Velenospina	Giftstachel	Picotazo Ven	독침	毒针	毒針
41	ダブルニードル	Twineedle	Double-Dard	Doppio Ago	Duonadel	Doble Ataque	더블니들	双针	雙針
42	ミサイルばり	Pin Missile	Dard-Nuée	Missilspillo	Nadelrakete	Pin Misil	바늘미사일	飞弹针	飛彈針
43	にらみつける	Leer	Groz’Yeux	Fulmisguardo	Silberblick	Malicioso	째려보기	瞪眼	瞪眼
44	かみつく	Bite	Morsure	Morso	Biss	Mordisco	물기	咬住	咬住
45	なきごえ	Growl	Rugissement	Ruggito	Heuler	Gruñido	울음소리	叫声	叫聲
46	ほえる	Roar	Hurlement	Boato	Brüller	Rugido	울부짖기	吼叫	吼叫
47	うたう	Sing	Berceuse	Canto	Gesang	Canto	노래하기	唱歌	唱歌
48	ちょうおんぱ	Supersonic	Ultrason	Supersuono	Superschall	Supersónico	초음파	超音波	超音波
49	ソニックブーム	Sonic Boom	Sonicboom	Sonicboom	Ultraschall	Bomba Sónica	소닉붐	音爆	音爆
50	かなしばり	Disable	Entrave	Inibitore	Aussetzer	Anulación	사슬묶기	定身法	定身法
51	ようかいえき	Acid	Acide	Acido	Säure	Ácido	용해액	溶解液	溶解液
52	ひのこ	Ember	Flammèche	Braciere	Glut	Ascuas	불꽃세례	火花	火花
53	かえんほうしゃ	Flamethrower	Lance-Flammes	Lanciafiamme	Flammenwurf	Lanzallamas	화염방사	喷射火焰	噴射火焰
54	しろいきり	Mist	Brume	Nebbia	Weißnebel	Neblina	흰안개	白雾	白霧
55	みずでっぽう	Water Gun	Pistolet à O	Pistolacqua	Aquaknarre	Pistola Agua	물대포	水枪	水槍
56	ハイドロポンプ	Hydro Pump	Hydrocanon	Idropompa	Hydropumpe	Hidrobomba	하이드로펌프	水炮	水炮
57	なみのり	Surf	Surf	Surf	Surfer	Surf	파도타기	冲浪	衝浪
58	れいとうビーム	Ice Beam	Laser Glace	Geloraggio	Eisstrahl	Rayo Hielo	냉동빔	冰冻光束	冰凍光束
59	ふぶき	Blizzard	Blizzard	Bora	Blizzard	Ventisca	눈보라	暴风雪	暴風雪
60	サイケこうせん	Psybeam	Rafale Psy	Psicoraggio	Psystrahl	Psicorrayo	환상빔	幻象光线	幻象光線
61	バブルこうせん	Bubble Beam	Bulles d’O	Bollaraggio	Blubbstrahl	Rayo Burbuja	거품광선	泡沫光线	泡沫光線
62	オーロラビーム	Aurora Beam	Onde Boréale	Raggiaurora	Aurorastrahl	Rayo Aurora	오로라빔	极光束	極光束
63	はかいこうせん	Hyper Beam	Ultralaser	Iper Raggio	Hyperstrahl	Hiperrayo	파괴광선	破坏光线	破壞光線
64	つつく	Peck	Picpic	Beccata	Schnabel	Picotazo	쪼기	啄	啄
65	ドリルくちばし	Drill Peck	Bec Vrille	Perforbecco	Bohrschnabel	Pico Taladro	회전부리	啄钻	啄鑽
66	じごくぐるま	Submission	Sacrifice	Sottomissione	Überroller	Sumisión	지옥의바퀴	地狱翻滚	地獄翻滾
67	けたぐり	Low Kick	Balayage	Colpo Basso	Fußkick	Patada Baja	안다리걸기	踢倒	踢倒
68	カウンター	Counter	Riposte	Contrattacco	Konter	Contraataque	카운터	双倍奉还	雙倍奉還
69	ちきゅうなげ	Seismic Toss	Frappe Atlas	Movim. Sismico	Geowurf	Mov. Sísmico	지구던지기	地球上投	地球上投
70	かいりき	Strength	Force	Forza	Stärke	Fuerza	괴력	怪力	怪力
71	すいとる	Absorb	Vol-Vie	Assorbimento	Absorber	Absorber	흡수	吸取	吸取
72	メガドレイン	Mega Drain	Méga-Sangsue	Megassorbimento	Megasauger	Megaagotar	메가드레인	超级吸取	超級吸取
73	やどりぎのタネ	Leech Seed	Vampigraine	Parassiseme	Egelsamen	Drenadoras	씨뿌리기	寄生种子	寄生種子
74	せいちょう	Growth	Croissance	Crescita	Wachstum	Desarrollo	성장	生长	生長
75	はっぱカッター	Razor Leaf	Tranch’Herbe	Foglielama	Rasierblatt	Hoja Afilada	잎날가르기	飞叶快刀	飛葉快刀
76	ソーラービーム	Solar Beam	Lance-Soleil	Solarraggio	Solarstrahl	Rayo Solar	솔라빔	日光束	日光束
77	どくのこな	Poison Powder	Poudre Toxik	Velenpolvere	Giftpuder	Polvo Veneno	독가루	毒粉	毒粉
78	しびれごな	Stun Spore	Para-Spore	Paralizzante	Stachelspore	Paralizador	저리가루	麻痹粉	麻痺粉
79	ねむりごな	Sleep Powder	Poudre Dodo	Sonnifero	Schlafpuder	Somnífero	수면가루	催眠粉	催眠粉
80	はなびらのまい	Petal Dance	Danse-Fleur	Petalodanza	Blättertanz	Danza Pétalo	꽃잎댄스	花瓣舞	花瓣舞
81	いとをはく	String Shot	Sécrétion	Millebave	Fadenschuss	Disparo Demora	실뿜기	吐丝	吐絲
82	りゅうのいかり	Dragon Rage	Draco-Rage	Ira di Drago	Drachenwut	Furia Dragón	용의분노	龙之怒	龍之怒
83	ほのおのうず	Fire Spin	Danse Flamme	Turbofuoco	Feuerwirbel	Giro Fuego	회오리불꽃	火焰旋涡	火焰旋渦
84	でんきショック	Thunder Shock	Éclair	Tuonoshock	Donnerschock	Impactrueno	전기쇼크	电击	電擊
85	１０まんボルト	Thunderbolt	Tonnerre	Fulmine	Donnerblitz	Rayo	10만볼트	十万伏特	十萬伏特
86	でんじは	Thunder Wave	Cage-Éclair	Tuononda	Donnerwelle	Onda Trueno	전기자석파	电磁波	電磁波
87	かみなり	Thunder	Fatal-Foudre	Tuono	Donner	Trueno	번개	打雷	打雷
88	いわおとし	Rock Throw	Jet-Pierres	Sassata	Steinwurf	Lanzarrocas	돌떨구기	落石	落石
89	じしん	Earthquake	Séisme	Terremoto	Erdbeben	Terremoto	지진	地震	地震
90	じわれ	Fissure	Abîme	Abisso	Geofissur	Fisura	땅가르기	地裂	地裂
91	あなをほる	Dig	Tunnel	Fossa	Schaufler	Excavar	구멍파기	挖洞	挖洞
92	どくどく	Toxic	Toxik	Tossina	Toxin	Tóxico	맹독	剧毒	劇毒
93	ねんりき	Confusion	Choc Mental	Confusione	Konfusion	Confusión	염동력	念力	念力
94	サイコキネシス	Psychic	Psyko	Psichico	Psychokinese	Psíquico	사이코키네시스	精神强念	精神強念
95	さいみんじゅつ	Hypnosis	Hypnose	Ipnosi	Hypnose	Hipnosis	최면술	催眠术	催眠術
96	ヨガのポーズ	Meditate	Yoga	Meditazione	Meditation	Meditación	요가포즈	瑜伽姿势	瑜伽姿勢
97	こうそくいどう	Agility	Hâte	Agilità	Agilität	Agilidad	고속이동	高速移动	高速移動
98	でんこうせっか	Quick Attack	Vive-Attaque	Attacco Rapido	Ruckzuckhieb	Ataque Rápido	전광석화	电光一闪	電光一閃
99	いかり	Rage	Frénésie	Ira	Raserei	Furia	분노	愤怒	憤怒
100	テレポート	Teleport	Téléport	Teletrasporto	Teleport	Teletransporte	순간이동	瞬间移动	瞬間移動
101	ナイトヘッド	Night Shade	Ombre Nocturne	Ombra Notturna	Nachtnebel	Tinieblas	나이트헤드	黑夜魔影	黑夜魔影
102	ものまね	Mimic	Copie	Mimica	Mimikry	Mimético	흉내내기	模仿	模仿
103	いやなおと	Screech	Grincement	Stridio	Kreideschrei	Chirrido	싫은소리	刺耳声	刺耳聲
104	かげぶんしん	Double Team	Reflet	Doppioteam	Doppelteam	Doble Equipo	그림자분신	影子分身	影子分身
105	じこさいせい	Recover	Soin	Ripresa	Genesung	Recuperación	HP회복	自我再生	自我再生
106	かたくなる	Harden	Armure	Rafforzatore	Härtner	Fortaleza	단단해지기	变硬	變硬
107	ちいさくなる	Minimize	Lilliput	Minimizzato	Komprimator	Reducción	작아지기	变小	變小
108	えんまく	Smokescreen	Brouillard	Muro di Fumo	Rauchwolke	Pantalla de Humo	연막	烟幕	煙幕
109	あやしいひかり	Confuse Ray	Onde Folie	Stordiraggio	Konfustrahl	Rayo Confuso	이상한빛	奇异之光	奇異之光
110	からにこもる	Withdraw	Repli	Ritirata	Panzerschutz	Refugio	껍질에숨기	缩入壳中	縮入殼中
111	まるくなる	Defense Curl	Boul’Armure	Ricciolscudo	Einigler	Rizo Defensa	웅크리기	变圆	變圓
112	バリアー	Barrier	Bouclier	Barriera	Barriere	Barrera	배리어	屏障	屏障
113	ひかりのかべ	Light Screen	Mur Lumière	Schermoluce	Lichtschild	Pantalla de Luz	빛의장막	光墙	光牆
114	くろいきり	Haze	Buée Noire	Nube	Dunkelnebel	Niebla	흑안개	黑雾	黑霧
115	リフレクター	Reflect	Protection	Riflesso	Reflektor	Reflejo	리플렉터	反射壁	反射壁
116	きあいだめ	Focus Energy	Puissance	Focalenergia	Energiefokus	Foco Energía	기충전	聚气	聚氣
117	がまん	Bide	Patience	Pazienza	Geduld	Venganza	참기	忍耐	忍耐
118	ゆびをふる	Metronome	Métronome	Metronomo	Metronom	Metrónomo	손가락흔들기	挥指	揮指
119	オウムがえし	Mirror Move	Mimique	Speculmossa	Spiegeltrick	Mov. Espejo	따라하기	鹦鹉学舌	鸚鵡學舌
120	じばく	Self-Destruct	Destruction	Autodistruzione	Finale	Autodestrucción	자폭	自爆	自爆
121	タマゴばくだん	Egg Bomb	Bomb’Œuf	Uovobomba	Eierbombe	Bomba Huevo	알폭탄	炸蛋	炸蛋
122	したでなめる	Lick	Léchouille	Leccata	Schlecker	Lengüetazo	핥기	舌舔	舌舔
123	スモッグ	Smog	Purédpois	Smog	Smog	Polución	스모그	浊雾	濁霧
124	ヘドロこうげき	Sludge	Détritus	Fango	Schlammbad	Residuos	오물공격	污泥攻击	污泥攻擊
125	ホネこんぼう	Bone Club	Massd’Os	Ossoclava	Knochenkeule	Hueso Palo	뼈다귀치기	骨棒	骨棒
126	だいもんじ	Fire Blast	Déflagration	Fuocobomba	Feuersturm	Llamarada	불대문자	大字爆炎	大字爆炎
127	たきのぼり	Waterfall	Cascade	Cascata	Kaskade	Cascada	폭포오르기	攀瀑	攀瀑
128	からではさむ	Clamp	Claquoir	Tenaglia	Schnapper	Tenaza	껍질끼우기	贝壳夹击	貝殼夾擊
129	スピードスター	Swift	Météores	Comete	Sternschauer	Rapidez	스피드스타	高速星星	高速星星
130	ロケットずつき	Skull Bash	Coud’Krâne	Capocciata	Schädelwumme	Cabezazo	로케트박치기	火箭头锤	火箭頭錘
131	とげキャノン	Spike Cannon	Picanon	Sparalance	Dornkanone	Clavo Cañón	가시대포	尖刺加农炮	尖刺加農炮
132	からみつく	Constrict	Constriction	Limitazione	Umklammerung	Restricción	휘감기	缠绕	纏繞
133	ドわすれ	Amnesia	Amnésie	Amnesia	Amnesie	Amnesia	망각술	瞬间失忆	瞬間失憶
134	スプーンまげ	Kinesis	Télékinésie	Cinèsi	Psykraft	Kinético	숟가락휘기	折弯汤匙	折彎湯匙
135	タマゴうみ	Soft-Boiled	E-Coque	Covauova	Weichei	Amortiguador	알낳기	生蛋	生蛋
136	とびひざげり	High Jump Kick	Pied Voltige	Calcinvolo	Turmkick	Pat. Salto Alta	무릎차기	飞膝踢	飛膝踢
137	へびにらみ	Glare	Regard Médusant	Sguardo Feroce	Giftblick	Deslumbrar	뱀눈초리	大蛇瞪眼	大蛇瞪眼
138	ゆめくい	Dream Eater	Dévorêve	Mangiasogni	Traumfresser	Come Sueños	꿈먹기	食梦	食夢
139	どくガス	Poison Gas	Gaz Toxik	Velenogas	Giftwolke	Gas Venenoso	독가스	毒瓦斯	毒瓦斯
140	たまなげ	Barrage	Pilonnage	Attacco Pioggia	Stakkato	Presa	구슬던지기	投球	投球
141	きゅうけつ	Leech Life	Vampirisme	Sanguisuga	Blutsauger	Chupavidas	흡혈	吸血	吸血
142	あくまのキッス	Lovely Kiss	Grobisou	Demonbacio	Todeskuss	Beso Amoroso	악마의키스	恶魔之吻	惡魔之吻
143	ゴッドバード	Sky Attack	Piqué	Aeroattacco	Himmelsfeger	Ataque Aéreo	불새	神鸟猛击	神鳥猛擊
144	へんしん	Transform	Morphing	Trasformazione	Wandler	Transformación	변신	变身	變身
145	あわ	Bubble	Écume	Bolla	Blubber	Burbuja	거품	泡沫	泡沫
146	ピヨピヨパンチ	Dizzy Punch	Uppercut	Stordipugno	Irrschlag	Puño Mareo	잼잼펀치	迷昏拳	迷昏拳
147	キノコのほうし	Spore	Spore	Spora	Pilzspore	Espora	버섯포자	蘑菇孢子	蘑菇孢子
148	フラッシュ	Flash	Flash	Flash	Blitz	Destello	플래시	闪光	閃光
149	サイコウェーブ	Psywave	Vague Psy	Psiconda	Psywelle	Psicoonda	사이코웨이브	精神波	精神波
150	はねる	Splash	Trempette	Splash	Platscher	Salpicadura	튀어오르기	跃起	躍起
151	とける	Acid Armor	Acidarmure	Scudo Acido	Säurepanzer	Armadura Ácida	녹기	溶化	溶化
152	クラブハンマー	Crabhammer	Pince-Masse	Martellata	Krabbhammer	Martillazo	찝게햄머	蟹钳锤	蟹鉗錘
153	だいばくはつ	Explosion	Explosion	Esplosione	Explosion	Explosión	대폭발	大爆炸	大爆炸
154	みだれひっかき	Fury Swipes	Combo-Griffe	Sfuriate	Kratzfurie	Golpes Furia	마구할퀴기	乱抓	亂抓
155	ホネブーメラン	Bonemerang	Osmerang	Ossomerang	Knochmerang	Huesomerang	뼈다귀부메랑	骨头回力镖	骨頭回力鏢
156	ねむる	Rest	Repos	Riposo	Erholung	Descanso	잠자기	睡觉	睡覺
157	いわなだれ	Rock Slide	Éboulement	Frana	Steinhagel	Avalancha	스톤샤워	岩崩	岩崩
158	ひっさつまえば	Hyper Fang	Croc de Mort	Iperzanna	Hyperzahn	Hipercolmillo	필살앞니	必杀门牙	必殺門牙
159	かくばる	Sharpen	Affûtage	Affilatore	Schärfer	Afilar	각지기	棱角化	稜角化
160	テクスチャー	Conversion	Conversion	Conversione	Umwandlung	Conversión	텍스처	纹理	紋理
161	トライアタック	Tri Attack	Triplattaque	Tripletta	Triplette	Triataque	트라이어택	三重攻击	三重攻擊
162	いかりのまえば	Super Fang	Croc Fatal	Superzanna	Superzahn	Superdiente	분노의앞니	愤怒门牙	憤怒門牙
163	きりさく	Slash	Tranche	Lacerazione	Schlitzer	Cuchillada	베어가르기	劈开	劈開
164	みがわり	Substitute	Clonage	Sostituto	Delegator	Sustituto	대타출동	替身	替身
165	わるあがき	Struggle	Lutte	Scontro	Verzweifler	Forcejeo	발버둥	挣扎	掙扎
166	スケッチ	Sketch	Gribouille	Schizzo	Nachahmer	Esquema	스케치	写生	寫生
167	トリプルキック	Triple Kick	Triple Pied	Triplocalcio	Dreifachkick	Triple Patada	트리플킥	三连踢	三連踢
168	どろぼう	Thief	Larcin	Furto	Raub	Ladrón	도둑질	小偷	小偷
169	クモのす	Spider Web	Toile	Ragnatela	Spinnennetz	Telaraña	거미집	蛛网	蛛網
170	こころのめ	Mind Reader	Lire-Esprit	Leggimente	Willensleser	Telépata	마음의눈	心之眼	心之眼
171	あくむ	Nightmare	Cauchemar	Incubo	Nachtmahr	Pesadilla	악몽	恶梦	惡夢
172	かえんぐるま	Flame Wheel	Roue de Feu	Ruotafuoco	Flammenrad	Rueda Fuego	화염자동차	火焰轮	火焰輪
173	いびき	Snore	Ronflement	Russare	Schnarcher	Ronquido	코골기	打鼾	打鼾
174	のろい	Curse	Malédiction	Maledizione	Fluch	Maldición	저주	诅咒	詛咒
175	じたばた	Flail	Fléau	Flagello	Dreschflegel	Azote	바둥바둥	抓狂	抓狂
176	テクスチャー２	Conversion 2	Conversion 2	Conversione2	Umwandlung2	Conversión2	텍스처2	纹理２	紋理２
177	エアロブラスト	Aeroblast	Aéroblast	Aerocolpo	Luftstoß	Aerochorro	에어로블라스트	气旋攻击	氣旋攻擊
178	わたほうし	Cotton Spore	Spore Coton	Cottonspora	Baumwollsaat	Esporagodón	목화포자	棉孢子	棉孢子
179	きしかいせい	Reversal	Contre	Contropiede	Gegenschlag	Inversión	기사회생	起死回生	起死回生
180	うらみ	Spite	Dépit	Dispetto	Groll	Rencor	원한	怨恨	怨恨
181	こなゆき	Powder Snow	Poudreuse	Polneve	Pulverschnee	Nieve Polvo	눈싸라기	细雪	細雪
182	まもる	Protect	Abri	Protezione	Schutzschild	Protección	방어	守住	守住
183	マッハパンチ	Mach Punch	Mach Punch	Pugnorapido	Tempohieb	Ultrapuño	마하펀치	音速拳	音速拳
184	こわいかお	Scary Face	Grimace	Visotruce	Grimasse	Cara Susto	겁나는얼굴	鬼面	鬼面
185	だましうち	Feint Attack	Feinte	Finta	Finte	Finta	속여때리기	出奇一击	出奇一擊
186	てんしのキッス	Sweet Kiss	Doux Baiser	Dolcebacio	Bitterkuss	Beso Dulce	천사의키스	天使之吻	天使之吻
187	はらだいこ	Belly Drum	Cognobidon	Panciamburo	Bauchtrommel	Tambor	배북	腹鼓	腹鼓
188	ヘドロばくだん	Sludge Bomb	Bomb-Beurk	Fangobomba	Matschbombe	Bomba Lodo	오물폭탄	污泥炸弹	污泥炸彈
189	どろかけ	Mud-Slap	Coud’Boue	Fangosberla	Lehmschelle	Bofetón Lodo	진흙뿌리기	掷泥	擲泥
190	オクタンほう	Octazooka	Octazooka	Octazooka	Octazooka	Pulpocañón	대포무노포	章鱼桶炮	章魚桶炮
191	まきびし	Spikes	Picots	Punte	Stachler	Púas	압정뿌리기	撒菱	撒菱
192	でんじほう	Zap Cannon	Élecanon	Falcecannone	Blitzkanone	Electrocañón	전자포	电磁炮	電磁炮
193	みやぶる	Foresight	Clairvoyance	Preveggenza	Gesichte	Profecía	꿰뚫어보기	识破	識破
194	みちづれ	Destiny Bond	Prélèvem. Destin	Destinobbligato	Abgangsbund	Mismo Destino	길동무	同命	同命
195	ほろびのうた	Perish Song	Requiem	Ultimocanto	Abgesang	Canto Mortal	멸망의노래	灭亡之歌	滅亡之歌
196	こごえるかぜ	Icy Wind	Vent Glace	Ventogelato	Eissturm	Viento Hielo	얼다바람	冰冻之风	冰凍之風
197	みきり	Detect	Détection	Individua	Scanner	Detección	판별	看穿	看穿
198	ボーンラッシュ	Bone Rush	Charge-Os	Ossoraffica	Knochenhatz	Ataque Óseo	본러쉬	骨棒乱打	骨棒亂打
199	ロックオン	Lock-On	Verrouillage	Localizza	Zielschuss	Fijar Blanco	록온	锁定	鎖定
200	げきりん	Outrage	Colère	Oltraggio	Wutanfall	Enfado	역린	逆鳞	逆鱗
201	すなあらし	Sandstorm	Tempête de Sable	Terrempesta	Sandsturm	Tormenta Arena	모래바람	沙暴	沙暴
202	ギガドレイン	Giga Drain	Giga-Sangsue	Gigassorbimento	Gigasauger	Gigadrenado	기가드레인	终极吸取	終極吸取
203	こらえる	Endure	Ténacité	Resistenza	Ausdauer	Aguante	버티기	挺住	挺住
204	あまえる	Charm	Charme	Fascino	Charme	Encanto	애교부리기	撒娇	撒嬌
205	ころがる	Rollout	Roulade	Rotolamento	Walzer	Desenrollar	구르기	滚动	滾動
206	みねうち	False Swipe	Faux-Chage	Falsofinale	Trugschlag	Falsotortazo	칼등치기	点到为止	點到為止
207	いばる	Swagger	Vantardise	Bullo	Angeberei	Contoneo	뽐내기	虚张声势	虛張聲勢
208	ミルクのみ	Milk Drink	Lait à Boire	Buonlatte	Milchgetränk	Batido	우유마시기	喝牛奶	喝牛奶
209	スパーク	Spark	Étincelle	Scintilla	Funkensprung	Chispa	스파크	电光	電光
210	れんぞくぎり	Fury Cutter	Taillade	Tagliofuria	Zornklinge	Corte Furia	연속자르기	连斩	連斬
211	はがねのつばさ	Steel Wing	Aile d’Acier	Alacciaio	Stahlflügel	Ala de Acero	강철날개	钢翼	鋼翼
212	くろいまなざし	Mean Look	Regard Noir	Malosguardo	Horrorblick	Mal de Ojo	검은눈빛	黑色目光	黑色目光
213	メロメロ	Attract	Attraction	Attrazione	Anziehung	Atracción	헤롱헤롱	迷人	迷人
214	ねごと	Sleep Talk	Blabla Dodo	Sonnolalia	Schlafrede	Sonámbulo	잠꼬대	梦话	夢話
215	いやしのすず	Heal Bell	Glas de Soin	Rintoccasana	Vitalglocke	Campana Cura	치료방울	治愈铃声	治癒鈴聲
216	おんがえし	Return	Retour	Ritorno	Rückkehr	Retribución	은혜갚기	报恩	報恩
217	プレゼント	Present	Cadeau	Regalino	Geschenk	Presente	프레젠트	礼物	禮物
218	やつあたり	Frustration	Frustration	Frustrazione	Frustration	Frustración	화풀이	迁怒	遷怒
219	しんぴのまもり	Safeguard	Rune Protect	Salvaguardia	Bodyguard	Velo Sagrado	신비의부적	神秘守护	神秘守護
220	いたみわけ	Pain Split	Balance	Malcomune	Leidteiler	Divide Dolor	아픔나누기	分担痛楚	分擔痛楚
221	せいなるほのお	Sacred Fire	Feu Sacré	Magifuoco	Läuterfeuer	Fuego Sagrado	성스러운불꽃	神圣之火	神聖之火
222	マグニチュード	Magnitude	Ampleur	Magnitudo	Intensität	Magnitud	매그니튜드	震级	震級
223	ばくれつパンチ	Dynamic Punch	Dynamopoing	Dinamipugno	Wuchtschlag	Puño Dinámico	폭발펀치	爆裂拳	爆裂拳
224	メガホーン	Megahorn	Mégacorne	Megacorno	Vielender	Megacuerno	메가폰	超级角击	超級角擊
225	りゅうのいぶき	Dragon Breath	Dracosouffle	Dragospiro	Feuerodem	Dragoaliento	용의숨결	龙息	龍息
226	バトンタッチ	Baton Pass	Relais	Staffetta	Stafette	Relevo	바톤터치	接棒	接棒
227	アンコール	Encore	Encore	Ripeti	Zugabe	Otra Vez	앵콜	再来一次	再來一次
228	おいうち	Pursuit	Poursuite	Inseguimento	Verfolgung	Persecución	따라가때리기	追打	追打
229	こうそくスピン	Rapid Spin	Tour Rapide	Rapigiro	Turbodreher	Giro Rápido	고속스핀	高速旋转	高速旋轉
230	あまいかおり	Sweet Scent	Doux Parfum	Profumino	Lockduft	Dulce Aroma	달콤한향기	甜甜香气	甜甜香氣
231	アイアンテール	Iron Tail	Queue de Fer	Codacciaio	Eisenschweif	Cola Férrea	아이언테일	铁尾	鐵尾
232	メタルクロー	Metal Claw	Griffe Acier	Ferrartigli	Metallklaue	Garra Metal	메탈크로우	金属爪	金屬爪
233	あてみなげ	Vital Throw	Corps Perdu	Vitaltiro	Überwurf	Tiro Vital	받아던지기	借力摔	借力摔
234	あさのひざし	Morning Sun	Aurore	Mattindoro	Morgengrauen	Sol Matinal	아침햇살	晨光	晨光
235	こうごうせい	Synthesis	Synthèse	Sintesi	Synthese	Síntesis	광합성	光合作用	光合作用
236	つきのひかり	Moonlight	Rayon Lune	Lucelunare	Mondschein	Luz Lunar	달의불빛	月光	月光
237	めざめるパワー	Hidden Power	Puissance Cachée	Introforza	Kraftreserve	Poder Oculto	잠재파워	觉醒力量	覺醒力量
238	クロスチョップ	Cross Chop	Coup-Croix	Incrocolpo	Kreuzhieb	Tajo Cruzado	크로스촙	十字劈	十字劈
239	たつまき	Twister	Ouragan	Tornado	Windhose	Ciclón	회오리	龙卷风	龍捲風
240	あまごい	Rain Dance	Danse Pluie	Pioggiadanza	Regentanz	Danza Lluvia	비바라기	求雨	求雨
241	にほんばれ	Sunny Day	Zénith	Giornodisole	Sonnentag	Día Soleado	쾌청	大晴天	大晴天
242	かみくだく	Crunch	Mâchouille	Sgranocchio	Knirscher	Triturar	깨물어부수기	咬碎	咬碎
243	ミラーコート	Mirror Coat	Voile Miroir	Specchiovelo	Spiegelcape	Manto Espejo	미러코트	镜面反射	鏡面反射
244	じこあんじ	Psych Up	Boost	Psicamisù	Psycho-Plus	Más Psique	자기암시	自我暗示	自我暗示
245	しんそく	Extreme Speed	Vitesse Extrême	Extrarapido	Turbotempo	Veloc. Extrema	신속	神速	神速
246	げんしのちから	Ancient Power	Pouvoir Antique	Forzantica	Antik-Kraft	Poder Pasado	원시의힘	原始之力	原始之力
247	シャドーボール	Shadow Ball	Ball’Ombre	Palla Ombra	Spukball	Bola Sombra	섀도볼	暗影球	暗影球
248	みらいよち	Future Sight	Prescience	Divinazione	Seher	Premonición	미래예지	预知未来	預知未來
249	いわくだき	Rock Smash	Éclate-Roc	Spaccaroccia	Zertrümmerer	Golpe Roca	바위깨기	碎岩	碎岩
250	うずしお	Whirlpool	Siphon	Mulinello	Whirlpool	Torbellino	바다회오리	潮旋	潮旋
251	ふくろだたき	Beat Up	Baston	Picchiaduro	Prügler	Paliza	집단구타	围攻	圍攻
252	ねこだまし	Fake Out	Bluff	Bruciapelo	Mogelhieb	Sorpresa	속이다	击掌奇袭	擊掌奇襲
253	さわぐ	Uproar	Brouhaha	Baraonda	Aufruhr	Alboroto	소란피기	吵闹	吵鬧
254	たくわえる	Stockpile	Stockage	Accumulo	Horter	Reserva	비축하기	蓄力	蓄力
255	はきだす	Spit Up	Relâche	Sfoghenergia	Entfessler	Escupir	토해내기	喷出	噴出
256	のみこむ	Swallow	Avale	Introenergia	Verzehrer	Tragar	꿀꺽	吞下	吞下
257	ねっぷう	Heat Wave	Canicule	Ondacalda	Hitzewelle	Onda Ígnea	열풍	热风	熱風
258	あられ	Hail	Grêle	Grandine	Hagelsturm	Granizo	싸라기눈	冰雹	冰雹
259	いちゃもん	Torment	Tourmente	Attaccalite	Folterknecht	Tormento	트집	无理取闹	無理取鬧
260	おだてる	Flatter	Flatterie	Adulazione	Schmeichler	Camelo	부추기기	吹捧	吹捧
261	おにび	Will-O-Wisp	Feu Follet	Fuocofatuo	Irrlicht	Fuego Fatuo	도깨비불	鬼火	鬼火
262	おきみやげ	Memento	Souvenir	Memento	Memento-Mori	Legado	추억의선물	临别礼物	臨別禮物
263	からげんき	Facade	Façade	Facciata	Fassade	Imagen	객기	硬撑	硬撐
264	きあいパンチ	Focus Punch	Mitra-Poing	Centripugno	Power-Punch	Puño Certero	힘껏펀치	真气拳	真氣拳
265	きつけ	Smelling Salts	Stimulant	Maniereforti	Riechsalz	Estímulo	정신차리기	清醒	清醒
266	このゆびとまれ	Follow Me	Par Ici	Sonoqui	Spotlight	Señuelo	날따름	看我嘛	看我嘛
267	しぜんのちから	Nature Power	Force-Nature	Naturforza	Natur-Kraft	Adaptación	자연의힘	自然之力	自然之力
268	じゅうでん	Charge	Chargeur	Sottocarica	Ladevorgang	Carga	충전	充电	充電
269	ちょうはつ	Taunt	Provoc	Provocazione	Verhöhner	Mofa	도발	挑衅	挑釁
270	てだすけ	Helping Hand	Coup d’Main	Altruismo	Rechte Hand	Refuerzo	도우미	帮助	幫助
271	トリック	Trick	Tourmagik	Raggiro	Trickbetrug	Truco	트릭	戏法	戲法
272	なりきり	Role Play	Imitation	Giocodiruolo	Rollentausch	Imitación	역할	扮演	扮演
273	ねがいごと	Wish	Vœu	Desiderio	Wunschtraum	Deseo	희망사항	祈愿	祈願
274	ねこのて	Assist	Assistance	Assistente	Zuschuss	Ayuda	조수	借助	借助
275	ねをはる	Ingrain	Racines	Radicamento	Verwurzler	Arraigo	뿌리박기	扎根	扎根
276	ばかぢから	Superpower	Surpuissance	Troppoforte	Kraftkoloss	Fuerza Bruta	엄청난힘	蛮力	蠻力
277	マジックコート	Magic Coat	Reflet Magik	Magivelo	Magiemantel	Capa Mágica	매직코트	魔法反射	魔法反射
278	リサイクル	Recycle	Recyclage	Riciclo	Aufbereitung	Reciclaje	리사이클	回收利用	回收利用
279	リベンジ	Revenge	Vendetta	Vendetta	Vergeltung	Desquite	리벤지	报复	報復
280	かわらわり	Brick Break	Casse-Brique	Breccia	Durchbruch	Demolición	깨트리다	劈瓦	劈瓦
281	あくび	Yawn	Bâillement	Sbadiglio	Gähner	Bostezo	하품	哈欠	哈欠
282	はたきおとす	Knock Off	Sabotage	Privazione	Abschlag	Desarme	탁쳐서떨구기	拍落	拍落
283	がむしゃら	Endeavor	Effort	Rimonta	Notsituation	Esfuerzo	죽기살기	蛮干	蠻幹
284	ふんか	Eruption	Éruption	Eruzione	Eruption	Estallido	분화	喷火	噴火
285	スキルスワップ	Skill Swap	Échange	Baratto	Wertewechsel	Intercambio	스킬스웹	特性互换	特性互換
286	ふういん	Imprison	Possessif	Esclusiva	Begrenzer	Cerca	봉인	封印	封印
287	リフレッシュ	Refresh	Régénération	Rinfrescata	Heilung	Alivio	리프레쉬	焕然一新	煥然一新
288	おんねん	Grudge	Rancune	Rancore	Nachspiel	Rabia	원념	怨念	怨念
289	よこどり	Snatch	Saisie	Scippo	Übernahme	Robo	가로챔	抢夺	搶奪
290	ひみつのちから	Secret Power	Force Cachée	Forzasegreta	Geheimpower	Daño Secreto	비밀의힘	秘密之力	秘密之力
291	ダイビング	Dive	Plongée	Sub	Taucher	Buceo	다이빙	潜水	潛水
292	つっぱり	Arm Thrust	Cogne	Sberletese	Armstoß	Empujón	손바닥치기	猛推	猛推
293	ほごしょく	Camouflage	Camouflage	Camuffamento	Tarnung	Camuflaje	보호색	保护色	保護色
294	ほたるび	Tail Glow	Lumiqueue	Codadiluce	Schweifglanz	Ráfaga	반딧불	萤火	螢火
295	ラスターパージ	Luster Purge	Lumi-Éclat	Abbagliante	Scheinwerfer	Resplandor	라스트버지	洁净光芒	潔淨光芒
296	ミストボール	Mist Ball	Ball’Brume	Foschisfera	Nebelball	Bola Neblina	미스트볼	薄雾球	薄霧球
297	フェザーダンス	Feather Dance	Danse-Plume	Danzadipiume	Daunenreigen	Danza Pluma	깃털댄스	羽毛舞	羽毛舞
298	フラフラダンス	Teeter Dance	Danse-Folle	Strampadanza	Taumeltanz	Danza Caos	흔들흔들댄스	摇晃舞	搖晃舞
299	ブレイズキック	Blaze Kick	Pied Brûleur	Calciardente	Feuerfeger	Patada Ígnea	브레이즈킥	火焰踢	火焰踢
300	どろあそび	Mud Sport	Lance-Boue	Fangata	Lehmsuhler	Chapoteo Lodo	흙놀이	玩泥巴	玩泥巴
301	アイスボール	Ice Ball	Ball’Glace	Palla Gelo	Frostbeule	Bola Hielo	아이스볼	冰球	冰球
302	ニードルアーム	Needle Arm	Poing Dard	Pugnospine	Nietenranke	Brazo Pincho	바늘팔	尖刺臂	尖刺臂
303	なまける	Slack Off	Paresse	Pigro	Tagedieb	Relajo	태만함	偷懒	偷懶
304	ハイパーボイス	Hyper Voice	Mégaphone	Granvoce	Schallwelle	Vozarrón	하이퍼보이스	巨声	巨聲
305	どくどくのキバ	Poison Fang	Crochet Venin	Velenodenti	Giftzahn	Colmillo Ven	독엄니	剧毒牙	劇毒牙
306	ブレイククロー	Crush Claw	Éclate Griffe	Tritartigli	Zermalmklaue	Garra Brutal	브레이크크루	撕裂爪	撕裂爪
307	ブラストバーン	Blast Burn	Rafale Feu	Incendio	Lohekanonade	Anillo Ígneo	블러스트번	爆炸烈焰	爆炸烈焰
308	ハイドロカノン	Hydro Cannon	Hydroblast	Idrocannone	Aquahaubitze	Hidrocañón	하이드로캐논	加农水炮	加農水炮
309	コメットパンチ	Meteor Mash	Poing Météore	Meteorpugno	Sternenhieb	Puño Meteoro	코멧펀치	彗星拳	彗星拳
310	おどろかす	Astonish	Étonnement	Sgomento	Erstauner	Impresionar	놀래키기	惊吓	驚嚇
311	ウェザーボール	Weather Ball	Ball’Météo	Palla Clima	Meteorologe	Meteorobola	웨더볼	气象球	氣象球
312	アロマセラピー	Aromatherapy	Aromathérapie	Aromaterapia	Aromakur	Aromaterapia	아로마테라피	芳香治疗	芳香治療
313	うそなき	Fake Tears	Croco Larme	Falselacrime	Trugträne	Llanto Falso	거짓울음	假哭	假哭
314	エアカッター	Air Cutter	Tranch’Air	Aerasoio	Windschnitt	Aire Afilado	에어컷터	空气利刃	空氣利刃
315	オーバーヒート	Overheat	Surchauffe	Vampata	Hitzekoller	Sofoco	오버히트	过热	過熱
316	かぎわける	Odor Sleuth	Flair	Segugio	Schnüffler	Rastreo	냄새구별	气味侦测	氣味偵測
317	がんせきふうじ	Rock Tomb	Tomberoche	Rocciotomba	Felsgrab	Tumba Rocas	암석봉인	岩石封锁	岩石封鎖
318	ぎんいろのかぜ	Silver Wind	Vent Argenté	Ventargenteo	Silberhauch	Viento Plata	은빛바람	银色旋风	銀色旋風
319	きんぞくおん	Metal Sound	Strido-Son	Ferrostrido	Metallsound	Eco Metálico	금속음	金属音	金屬音
320	くさぶえ	Grass Whistle	Siffl’Herbe	Meloderba	Grasflöte	Silbato	풀피리	草笛	草笛
321	くすぐる	Tickle	Chatouille	Solletico	Spaßkanone	Cosquillas	간지르기	挠痒	搔癢
322	コスモパワー	Cosmic Power	Force Cosmik	Cosmoforza	Kosmik-Kraft	Masa Cósmica	코스믹파워	宇宙力量	宇宙力量
323	しおふき	Water Spout	Giclédo	Zampillo	Fontränen	Salpicar	해수스파우팅	喷水	噴水
324	シグナルビーム	Signal Beam	Rayon Signal	Segnoraggio	Ampelleuchte	Doble Rayo	시그널빔	信号光束	信號光束
325	シャドーパンチ	Shadow Punch	Poing Ombre	Pugnodombra	Finsterfaust	Puño Sombra	섀도펀치	暗影拳	暗影拳
326	じんつうりき	Extrasensory	Extrasenseur	Extrasenso	Sondersensor	Paranormal	신통력	神通力	神通力
327	スカイアッパー	Sky Uppercut	Stratopercut	Stramontante	Himmelhieb	Gancho Alto	스카이업퍼	冲天拳	衝天拳
328	すなじごく	Sand Tomb	Tourbi-Sable	Sabbiotomba	Sandgrab	Bucle Arena	모래지옥	流沙地狱	流沙地獄
329	ぜったいれいど	Sheer Cold	Glaciation	Purogelo	Eiseskälte	Frío Polar	절대영도	绝对零度	絕對零度
330	だくりゅう	Muddy Water	Ocroupi	Fanghiglia	Lehmbrühe	Agua Lodosa	탁류	浊流	濁流
331	タネマシンガン	Bullet Seed	Balle Graine	Semitraglia	Kugelsaat	Recurrente	기관총	种子机关枪	種子機關槍
332	つばめがえし	Aerial Ace	Aéropique	Aeroassalto	Aero-Ass	Golpe Aéreo	제비반환	燕返	燕返
333	つららばり	Icicle Spear	Stalagtite	Gelolancia	Eisspeer	Carámbano	고드름침	冰锥	冰錐
334	てっぺき	Iron Defense	Mur de Fer	Ferroscudo	Eisenabwehr	Defensa Férrea	철벽	铁壁	鐵壁
335	とおせんぼう	Block	Barrage	Blocco	Rückentzug	Bloqueo	블록	挡路	擋路
336	とおぼえ	Howl	Grondement	Gridodilotta	Jauler	Aullido	멀리짖음	长嚎	長嚎
337	ドラゴンクロー	Dragon Claw	Dracogriffe	Dragartigli	Drachenklaue	Garra Dragón	드래곤크루	龙爪	龍爪
338	ハードプラント	Frenzy Plant	Végé-Attak	Radicalbero	Flora-Statue	Planta Feroz	하드플랜트	疯狂植物	瘋狂植物
339	ビルドアップ	Bulk Up	Gonflette	Granfisico	Protzer	Corpulencia	벌크업	健美	健美
340	とびはねる	Bounce	Rebond	Rimbalzo	Sprungfeder	Bote	뛰어오르다	弹跳	彈跳
341	マッドショット	Mud Shot	Tir de Boue	Colpodifango	Lehmschuss	Disparo Lodo	머드숏	泥巴射击	泥巴射擊
342	ポイズンテール	Poison Tail	Queue-Poison	Velenocoda	Giftschweif	Cola Veneno	포이즌테일	毒尾	毒尾
343	ほしがる	Covet	Implore	Supplica	Bezirzer	Antojo	탐내다	渴望	渴望
344	ボルテッカー	Volt Tackle	Électacle	Locomovolt	Volttackle	Placaje Eléc	볼트태클	伏特攻击	伏特攻擊
345	マジカルリーフ	Magical Leaf	Feuille Magik	Fogliamagica	Zauberblatt	Hoja Mágica	메지컬리프	魔法叶	魔法葉
346	みずあそび	Water Sport	Tourniquet	Docciascudo	Nassmacher	Hidrochorro	물놀이	玩水	玩水
347	めいそう	Calm Mind	Plénitude	Calmamente	Gedankengut	Paz Mental	명상	冥想	冥想
348	リーフブレード	Leaf Blade	Lame-Feuille	Fendifoglia	Laubklinge	Hoja Aguda	리프블레이드	叶刃	葉刃
349	りゅうのまい	Dragon Dance	Danse Draco	Dragodanza	Drachentanz	Danza Dragón	용의춤	龙之舞	龍之舞
350	ロックブラスト	Rock Blast	Boule Roc	Cadutamassi	Felswurf	Pedrada	락블레스트	岩石爆击	岩石爆擊
351	でんげきは	Shock Wave	Onde de Choc	Ondashock	Schockwelle	Onda Voltio	전격파	电击波	電擊波
352	みずのはどう	Water Pulse	Vibraqua	Idropulsar	Aquawelle	Hidropulso	물의파동	水之波动	水之波動
353	はめつのねがい	Doom Desire	Carnareket	Obbliderio	Kismetwunsch	Deseo Oculto	파멸의소원	破灭之愿	破滅之願
354	サイコブースト	Psycho Boost	Psycho Boost	Psicoslancio	Psyschub	Psicoataque	사이코부스트	精神突进	精神突進
355	はねやすめ	Roost	Atterrissage	Trespolo	Ruheort	Respiro	날개쉬기	羽栖	羽棲
356	じゅうりょく	Gravity	Gravité	Gravità	Erdanziehung	Gravedad	중력	重力	重力
357	ミラクルアイ	Miracle Eye	Œil Miracle	Miracolvista	Wunderauge	Gran Ojo	미라클아이	奇迹之眼	奇跡之眼
358	めざましビンタ	Wake-Up Slap	Réveil Forcé	Svegliopacca	Weckruf	Espabila	잠깨움뺨치기	唤醒巴掌	喚醒巴掌
359	アームハンマー	Hammer Arm	Marto-Poing	Martelpugno	Hammerarm	Machada	암해머	臂锤	臂錘
360	ジャイロボール	Gyro Ball	Gyroballe	Vortexpalla	Gyroball	Giro Bola	자이로볼	陀螺球	陀螺球
361	いやしのねがい	Healing Wish	Vœu Soin	Curardore	Heilopfer	Deseo Cura	치유소원	治愈之愿	治癒之願
362	しおみず	Brine	Saumure	Acquadisale	Lake	Salmuera	소금물	盐水	鹽水
363	しぜんのめぐみ	Natural Gift	Don Naturel	Dononaturale	Beerenkräfte	Don Natural	자연의은혜	自然之恩	自然之恩
364	フェイント	Feint	Ruse	Fintoattacco	Offenlegung	Amago	페인트	佯攻	佯攻
365	ついばむ	Pluck	Picore	Spennata	Pflücker	Picoteo	쪼아대기	啄食	啄食
366	おいかぜ	Tailwind	Vent Arrière	Ventoincoda	Rückenwind	Viento Afín	순풍	顺风	順風
367	つぼをつく	Acupressure	Acupression	Acupressione	Akupressur	Acupresión	경혈찌르기	点穴	點穴
368	メタルバースト	Metal Burst	Fulmifer	Metalscoppio	Metallstoß	Represión Metal	메탈버스트	金属爆炸	金屬爆炸
369	とんぼがえり	U-turn	Demi-Tour	Retromarcia	Kehrtwende	Ida y Vuelta	유턴	急速折返	急速折返
370	インファイト	Close Combat	Close Combat	Zuffa	Nahkampf	A Bocajarro	인파이트	近身战	近身戰
371	しっぺがえし	Payback	Représailles	Rivincita	Gegenstoß	Vendetta	보복	以牙还牙	以牙還牙
372	ダメおし	Assurance	Assurance	Garanzia	Gewissheit	Buena Baza	승부굳히기	恶意追击	惡意追擊
373	さしおさえ	Embargo	Embargo	Divieto	Itemsperre	Embargo	금제	查封	查封
374	なげつける	Fling	Dégommage	Lancio	Schleuder	Lanzamiento	내던지기	投掷	投擲
375	サイコシフト	Psycho Shift	Échange Psy	Psicotrasfer	Psybann	Psicocambio	사이코시프트	精神转移	精神轉移
376	きりふだ	Trump Card	Atout	Asso	Trumpfkarte	As Oculto	마지막수단	王牌	王牌
377	かいふくふうじ	Heal Block	Anti-Soin	Anticura	Heilblockade	Anticura	회복봉인	回复封锁	回復封鎖
378	しぼりとる	Wring Out	Essorage	Strizzata	Auswringen	Estrujón	쥐어짜기	绞紧	絞緊
379	パワートリック	Power Trick	Astuce Force	Ingannoforza	Krafttrick	Truco Fuerza	파워트릭	力量戏法	力量戲法
380	いえき	Gastro Acid	Suc Digestif	Gastroacido	Magensäfte	Bilis	위액	胃液	胃液
381	おまじない	Lucky Chant	Air Veinard	Fortuncanto	Beschwörung	Conjuro	주술	幸运咒语	幸運咒語
382	さきどり	Me First	Moi d’Abord	Precedenza	Egotrip	Yo Primero	선취	抢先一步	搶先一步
383	まねっこ	Copycat	Photocopie	Copione	Imitator	Copión	흉내쟁이	仿效	仿效
384	パワースワップ	Power Swap	Permuforce	Barattoforza	Krafttausch	Cambia Fuerza	파워스웹	力量互换	力量互換
385	ガードスワップ	Guard Swap	Permugarde	Barattoscudo	Schutztausch	Cambia Defensa	가드스웹	防守互换	防守互換
386	おしおき	Punishment	Punition	Punizione	Strafattacke	Castigo	혼내기	惩罚	懲罰
387	とっておき	Last Resort	Dernier Recours	Ultimascelta	Zuflucht	Última Baza	뒀다쓰기	珍藏	珍藏
388	なやみのタネ	Worry Seed	Soucigraine	Affannoseme	Sorgensamen	Abatidoras	고민씨	烦恼种子	煩惱種子
389	ふいうち	Sucker Punch	Coup Bas	Sbigoattacco	Tiefschlag	Golpe Bajo	기습	突袭	突襲
390	どくびし	Toxic Spikes	Pics Toxik	Fielepunte	Giftspitzen	Púas Tóxicas	독압정	毒菱	毒菱
391	ハートスワップ	Heart Swap	Permucœur	Cuorbaratto	Statustausch	Cambia Almas	하트스웹	心灵互换	心靈互換
392	アクアリング	Aqua Ring	Anneau Hydro	Acquanello	Wasserring	Acua Aro	아쿠아링	水流环	水流環
393	でんじふゆう	Magnet Rise	Vol Magnétik	Magnetascesa	Magnetflug	Levitón	전자부유	电磁飘浮	電磁飄浮
394	フレアドライブ	Flare Blitz	Boutefeu	Fuococarica	Flammenblitz	Envite Ígneo	플레어드라이브	闪焰冲锋	閃焰衝鋒
395	はっけい	Force Palm	Forte-Paume	Palmoforza	Kraftwelle	Palmeo	발경	发劲	發勁
396	はどうだん	Aura Sphere	Aurasphère	Forzasfera	Aurasphäre	Esfera Aural	파동탄	波导弹	波導彈
397	ロックカット	Rock Polish	Poliroche	Lucidatura	Steinpolitur	Pulimento	록커트	岩石打磨	岩石打磨
398	どくづき	Poison Jab	Direct Toxik	Velenpuntura	Gifthieb	Puya Nociva	독찌르기	毒击	毒擊
399	あくのはどう	Dark Pulse	Vibrobscur	Neropulsar	Finsteraura	Pulso Umbrío	악의파동	恶之波动	惡之波動
400	つじぎり	Night Slash	Tranche-Nuit	Nottesferza	Nachthieb	Tajo Umbrío	깜짝베기	暗袭要害	暗襲要害
401	アクアテール	Aqua Tail	Hydroqueue	Idrondata	Nassschweif	Acua Cola	아쿠아테일	水流尾	水流尾
402	タネばくだん	Seed Bomb	Canon Graine	Semebomba	Samenbomben	Bomba Germen	씨폭탄	种子炸弹	種子炸彈
403	エアスラッシュ	Air Slash	Lame d’Air	Eterelama	Luftschnitt	Tajo Aéreo	에어슬래시	空气斩	空氣斬
404	シザークロス	X-Scissor	Plaie-Croix	Forbice X	Kreuzschere	Tijera X	시저크로스	十字剪	十字剪
405	むしのさざめき	Bug Buzz	Bourdon	Ronzio	Käfergebrumm	Zumbido	벌레의야단법석	虫鸣	蟲鳴
406	りゅうのはどう	Dragon Pulse	Dracochoc	Dragopulsar	Drachenpuls	Pulso Dragón	용의파동	龙之波动	龍之波動
407	ドラゴンダイブ	Dragon Rush	Dracocharge	Dragofuria	Drachenstoß	Carga Dragón	드래곤다이브	龙之俯冲	龍之俯衝
408	パワージェム	Power Gem	Rayon Gemme	Gemmoforza	Juwelenkraft	Joya de Luz	파워젬	力量宝石	力量寶石
409	ドレインパンチ	Drain Punch	Vampipoing	Assorbipugno	Ableithieb	Puño Drenaje	드레인펀치	吸取拳	吸取拳
410	しんくうは	Vacuum Wave	Onde Vide	Vuotonda	Vakuumwelle	Onda Vacío	진공파	真空波	真空波
411	きあいだま	Focus Blast	Exploforce	Focalcolpo	Fokusstoß	Onda Certera	기합구슬	真气弹	真氣彈
412	エナジーボール	Energy Ball	Éco-Sphère	Energipalla	Energieball	Energibola	에너지볼	能量球	能量球
413	ブレイブバード	Brave Bird	Rapace	Baldeali	Sturzflug	Pájaro Osado	브레이브버드	勇鸟猛攻	勇鳥猛攻
414	だいちのちから	Earth Power	Telluriforce	Geoforza	Erdkräfte	Tierra Viva	대지의힘	大地之力	大地之力
415	すりかえ	Switcheroo	Passe-Passe	Rapidscambio	Wechseldich	Trapicheo	바꿔치기	掉包	掉包
416	ギガインパクト	Giga Impact	Giga Impact	Gigaimpatto	Gigastoß	Giga Impacto	기가임팩트	终极冲击	終極衝擊
417	わるだくみ	Nasty Plot	Machination	Congiura	Ränkeschmied	Maquinación	나쁜음모	诡计	詭計
418	バレットパンチ	Bullet Punch	Pisto-Poing	Pugnoscarica	Patronenhieb	Puño Bala	불릿펀치	子弹拳	子彈拳
419	ゆきなだれ	Avalanche	Avalanche	Slavina	Lawine	Alud	눈사태	雪崩	雪崩
420	こおりのつぶて	Ice Shard	Éclats Glace	Geloscheggia	Eissplitter	Canto Helado	얼음뭉치	冰砾	冰礫
421	シャドークロー	Shadow Claw	Griffe Ombre	Ombrartigli	Dunkelklaue	Garra Umbría	섀도크루	暗影爪	暗影爪
422	かみなりのキバ	Thunder Fang	Crocs Éclair	Fulmindenti	Donnerzahn	Colmillo Rayo	번개엄니	雷电牙	雷電牙
423	こおりのキバ	Ice Fang	Crocs Givre	Gelodenti	Eiszahn	Colmillo Hielo	얼음엄니	冰冻牙	冰凍牙
424	ほのおのキバ	Fire Fang	Crocs Feu	Rogodenti	Feuerzahn	Colmillo Ígneo	불꽃엄니	火焰牙	火焰牙
425	かげうち	Shadow Sneak	Ombre Portée	Furtivombra	Schattenstoß	Sombra Vil	야습	影子偷袭	影子偷襲
426	どろばくだん	Mud Bomb	Boue-Bombe	Pantanobomba	Schlammbombe	Bomba Fango	진흙폭탄	泥巴炸弹	泥巴炸彈
427	サイコカッター	Psycho Cut	Coupe Psycho	Psicotaglio	Psychoklinge	Psicocorte	사이코커터	精神利刃	精神利刃
428	しねんのずつき	Zen Headbutt	Psykoud’Boul	Cozzata Zen	Zen-Kopfstoß	Cabezazo Zen	사념의박치기	意念头锤	意念頭錘
429	ミラーショット	Mirror Shot	Miroi-Tir	Cristalcolpo	Spiegelsalve	Disparo Espejo	미러숏	镜光射击	鏡光射擊
430	ラスターカノン	Flash Cannon	Luminocanon	Cannonflash	Lichtkanone	Foco Resplandor	러스터캐논	加农光炮	加農光炮
431	ロッククライム	Rock Climb	Escalade	Scalaroccia	Kraxler	Treparrocas	락클라임	攀岩	攀岩
432	きりばらい	Defog	Anti-Brume	Scacciabruma	Auflockern	Despejar	안개제거	清除浓雾	清除濃霧
433	トリックルーム	Trick Room	Distorsion	Distortozona	Bizarroraum	Espacio Raro	트릭룸	戏法空间	戲法空間
434	りゅうせいぐん	Draco Meteor	Draco Météore	Dragobolide	Draco Meteor	Cometa Draco	용성군	流星群	流星群
435	ほうでん	Discharge	Coup d’Jus	Scarica	Ladungsstoß	Chispazo	방전	放电	放電
436	ふんえん	Lava Plume	Ébullilave	Lavasbuffo	Flammensturm	Humareda	분연	喷烟	噴煙
437	リーフストーム	Leaf Storm	Tempête Verte	Verdebufera	Blättersturm	Lluevehojas	리프스톰	飞叶风暴	飛葉風暴
438	パワーウィップ	Power Whip	Mégafouet	Vigorcolpo	Blattgeißel	Latigazo	파워휩	强力鞭打	強力鞭打
439	がんせきほう	Rock Wrecker	Roc-Boulet	Devastomasso	Felswerfer	Romperrocas	암석포	岩石炮	岩石炮
440	クロスポイズン	Cross Poison	Poison-Croix	Velenocroce	Giftstreich	Veneno X	크로스포이즌	十字毒刃	十字毒刃
441	ダストシュート	Gunk Shot	Détricanon	Sporcolancio	Mülltreffer	Lanza Mugre	더스트슈트	垃圾射击	垃圾射擊
442	アイアンヘッド	Iron Head	Tête de Fer	Metaltestata	Eisenschädel	Cabeza de Hierro	아이언헤드	铁头	鐵頭
443	マグネットボム	Magnet Bomb	Bombaimant	Bombagnete	Magnetbombe	Bomba Imán	마그넷봄	磁铁炸弹	磁鐵炸彈
444	ストーンエッジ	Stone Edge	Lame de Roc	Pietrataglio	Steinkante	Roca Afilada	스톤에지	尖石攻击	尖石攻擊
445	ゆうわく	Captivate	Séduction	Incanto	Liebreiz	Seducción	유혹	诱惑	誘惑
446	ステルスロック	Stealth Rock	Piège de Roc	Levitoroccia	Tarnsteine	Trampa Rocas	스텔스록	隐形岩	隱形岩
447	くさむすび	Grass Knot	Nœud Herbe	Laccioerboso	Strauchler	Hierba Lazo	풀묶기	打草结	打草結
448	おしゃべり	Chatter	Babil	Schiamazzo	Geschwätz	Cháchara	수다	喋喋不休	喋喋不休
449	さばきのつぶて	Judgment	Jugement	Giudizio	Urteilskraft	Sentencia	심판의뭉치	制裁光砾	制裁光礫
450	むしくい	Bug Bite	Piqûre	Coleomorso	Käferbiss	Picadura	벌레먹음	虫咬	蟲咬
451	チャージビーム	Charge Beam	Rayon Chargé	Raggioscossa	Ladestrahl	Rayo Carga	차지빔	充电光束	充電光束
452	ウッドハンマー	Wood Hammer	Martobois	Mazzuolegno	Holzhammer	Mazazo	우드해머	木槌	木槌
453	アクアジェット	Aqua Jet	Aqua-Jet	Acquagetto	Wasserdüse	Acua Jet	아쿠아제트	水流喷射	水流噴射
454	こうげきしれい	Attack Order	Appel Attaque	Comandourto	Schlagbefehl	Al Ataque	공격지령	攻击指令	攻擊指令
455	ぼうぎょしれい	Defend Order	Appel Défense	Comandoscudo	Blockbefehl	A Defender	방어지령	防御指令	防禦指令
456	かいふくしれい	Heal Order	Appel Soins	Comandocura	Heilbefehl	Auxilio	회복지령	回复指令	回復指令
457	もろはのずつき	Head Smash	Fracass’Tête	Zuccata	Kopfstoß	Testarazo	양날박치기	双刃头锤	雙刃頭錘
458	ダブルアタック	Double Hit	Coup Double	Doppiosmash	Doppelschlag	Doble Golpe	더블어택	二连击	二連擊
459	ときのほうこう	Roar of Time	Hurle-Temps	Fragortempo	Zeitenlärm	Distorsión	시간의포효	时光咆哮	時光咆哮
460	あくうせつだん	Spacial Rend	Spatio-Rift	Fendispazio	Raumschlag	Corte Vacío	공간절단	亚空裂斩	亞空裂斬
461	みかづきのまい	Lunar Dance	Danse-Lune	Lunardanza	Lunartanz	Danza Lunar	초승달춤	新月舞	新月舞
462	にぎりつぶす	Crush Grip	Presse	Sbriciolmano	Quetschgriff	Agarrón	묵사발	捏碎	捏碎
463	マグマストーム	Magma Storm	Vortex Magma	Magmaclisma	Lavasturm	Lluvia Ígnea	마그마스톰	熔岩风暴	熔岩風暴
464	ダークホール	Dark Void	Trou Noir	Vuototetro	Schlummerort	Brecha Negra	다크홀	暗黑洞	暗黑洞
465	シードフレア	Seed Flare	Fulmigraine	Infuriaseme	Schocksamen	Fogonazo	시드플레어	种子闪光	種子閃光
466	あやしいかぜ	Ominous Wind	Vent Mauvais	Funestovento	Unheilböen	Viento Aciago	괴상한바람	奇异之风	奇異之風
467	シャドーダイブ	Shadow Force	Revenant	Oscurotuffo	Schemenkraft	Golpe Umbrío	섀도다이브	暗影潜袭	暗影潛襲
468	つめとぎ	Hone Claws	Aiguisage	Unghiaguzze	Klauenwetzer	Afilagarras	손톱갈기	磨爪	磨爪
469	ワイドガード	Wide Guard	Garde Large	Bodyguard	Rundumschutz	Vastaguardia	와이드가드	广域防守	廣域防守
470	ガードシェア	Guard Split	Partage Garde	Paridifesa	Schutzteiler	Isoguardia	가드셰어	防守平分	防守平分
471	パワーシェア	Power Split	Partage Force	Pariattacco	Kraftteiler	Isofuerza	파워셰어	力量平分	力量平分
472	ワンダールーム	Wonder Room	Zone Étrange	Mirabilzona	Wunderraum	Zona Extraña	원더룸	奇妙空间	奇妙空間
473	サイコショック	Psyshock	Choc Psy	Psicoshock	Psychoschock	Psicocarga	사이코쇼크	精神冲击	精神衝擊
474	ベノムショック	Venoshock	Choc Venin	Velenoshock	Giftschock	Carga Tóxica	베놈쇼크	毒液冲击	毒液衝擊
475	ボディパージ	Autotomize	Allègement	Sganciapesi	Autotomie	Aligerar	바디퍼지	身体轻量化	身體輕量化
476	いかりのこな	Rage Powder	Poudre Fureur	Polverabbia	Wutpulver	Polvo Ira	분노가루	愤怒粉	憤怒粉
477	テレキネシス	Telekinesis	Lévikinésie	Telecinesi	Telekinese	Telequinesis	텔레키네시스	意念移物	意念移物
478	マジックルーム	Magic Room	Zone Magique	Magicozona	Magieraum	Zona Mágica	매직룸	魔法空间	魔法空間
479	うちおとす	Smack Down	Anti-Air	Abbattimento	Katapult	Antiaéreo	떨어뜨리기	击落	擊落
480	やまあらし	Storm Throw	Yama Arashi	Tempestretta	Bergsturm	Llave Corsé	업어후리기	山岚摔	山嵐摔
481	はじけるほのお	Flame Burst	Rebondifeu	Pirolancio	Funkenflug	Pirotecnia	불꽃튀기기	烈焰溅射	烈焰濺射
482	ヘドロウェーブ	Sludge Wave	Cradovague	Fangonda	Schlammwoge	Onda Tóxica	오물웨이브	污泥波	污泥波
483	ちょうのまい	Quiver Dance	Papillodanse	Eledanza	Falterreigen	Danza Aleteo	나비춤	蝶舞	蝶舞
484	ヘビーボンバー	Heavy Slam	Tacle Lourd	Pesobomba	Rammboss	Cuerpo Pesado	헤비봄버	重磅冲撞	重磅衝撞
485	シンクロノイズ	Synchronoise	Synchropeine	Sincrumore	Synchrolärm	Sincrorruido	싱크로노이즈	同步干扰	同步干擾
486	エレキボール	Electro Ball	Boule Élek	Energisfera	Elektroball	Bola Voltio	일렉트릭볼	电球	電球
487	みずびたし	Soak	Détrempage	Inondazione	Überflutung	Anegar	물붓기	浸水	浸水
488	ニトロチャージ	Flame Charge	Nitrocharge	Nitrocarica	Nitroladung	Nitrocarga	니트로차지	蓄能焰袭	蓄能焰襲
489	とぐろをまく	Coil	Enroulement	Arrotola	Einrollen	Enrosque	똬리틀기	盘蜷	盤蜷
490	ローキック	Low Sweep	Balayette	Calciobasso	Fußtritt	Puntapié	로킥	下盘踢	下盤踢
491	アシッドボム	Acid Spray	Bombe Acide	Acidobomba	Säurespeier	Bomba Ácida	애시드봄	酸液炸弹	酸液炸彈
492	イカサマ	Foul Play	Tricherie	Ripicca	Schmarotzer	Juego Sucio	속임수	欺诈	欺詐
493	シンプルビーム	Simple Beam	Rayon Simple	Ondisinvolta	Wankelstrahl	Onda Simple	심플빔	单纯光束	單純光束
494	なかまづくり	Entrainment	Ten-danse	Saltamicizia	Zwango	Danza Amiga	동료만들기	找伙伴	找夥伴
495	おさきにどうぞ	After You	Après Vous	Cortesia	Galanterie	Cede Paso	당신먼저	您先请	您先請
496	りんしょう	Round	Chant Canon	Coro	Kanon	Canon	돌림노래	轮唱	輪唱
497	エコーボイス	Echoed Voice	Écho	Echeggiavoce	Widerhall	Eco Voz	에코보이스	回声	回聲
498	なしくずし	Chip Away	Attrition	Insidia	Zermürben	Guardia Baja	야금야금	逐步击破	逐步擊破
499	クリアスモッグ	Clear Smog	Bain de Smog	Pulifumo	Klärsmog	Niebla Clara	클리어스모그	清除之烟	清除之煙
500	アシストパワー	Stored Power	Force Ajoutée	Veicolaforza	Kraftvorrat	Poder Reserva	어시스트파워	辅助力量	輔助力量
501	ファストガード	Quick Guard	Prévention	Anticipo	Rapidschutz	Anticipo	퍼스트가드	快速防守	快速防守
502	サイドチェンジ	Ally Switch	Interversion	Cambiaposto	Seitentausch	Cambio Banda	사이드체인지	交换场地	交換場地
503	ねっとう	Scald	Ébullition	Idrovampata	Siedewasser	Escaldar	열탕	热水	熱水
504	からをやぶる	Shell Smash	Exuviation	Gettaguscio	Hausbruch	Rompecoraza	껍질깨기	破壳	破殼
505	いやしのはどう	Heal Pulse	Vibra Soin	Ondasana	Heilwoge	Pulso Cura	치유파동	治愈波动	治癒波動
506	たたりめ	Hex	Châtiment	Sciagura	Bürde	Infortunio	병상첨병	祸不单行	禍不單行
507	フリーフォール	Sky Drop	Chute Libre	Cadutalibera	Freier Fall	Caída Libre	프리폴	自由落体	自由落體
508	ギアチェンジ	Shift Gear	Chgt Vitesse	Cambiomarcia	Gangwechsel	Cambio de Marcha	기어체인지	换挡	換檔
509	ともえなげ	Circle Throw	Projection	Ribaltiro	Überkopfwurf	Llave Giro	배대뒤치기	巴投	巴投
510	やきつくす	Incinerate	Calcination	Bruciatutto	Einäschern	Calcinación	불태우기	烧尽	燒盡
511	さきおくり	Quash	À la Queue	Spintone	Verzögerung	Último Lugar	순서미루기	延后	延後
512	アクロバット	Acrobatics	Acrobatie	Acrobazia	Akrobatik	Acróbata	애크러뱃	杂技	雜技
513	ミラータイプ	Reflect Type	Copie Type	Riflettipo	Typenspiegel	Clonatipo	미러타입	镜面属性	鏡面屬性
514	かたきうち	Retaliate	Vengeance	Nemesi	Heimzahlung	Represalia	원수갚기	报仇	報仇
515	いのちがけ	Final Gambit	Tout ou Rien	Azzardo	Wagemut	Sacrificio	목숨걸기	搏命	搏命
516	ギフトパス	Bestow	Passe-Cadeau	Cediregalo	Offerte	Ofrenda	기프트패스	传递礼物	傳遞禮物
517	れんごく	Inferno	Feu d’Enfer	Marchiatura	Inferno	Infierno	연옥	炼狱	煉獄
518	みずのちかい	Water Pledge	Aire d’Eau	Acquapatto	Wassersäulen	Voto Agua	물의맹세	水之誓约	水之誓約
519	ほのおのちかい	Fire Pledge	Aire de Feu	Fiammapatto	Feuersäulen	Voto Fuego	불꽃의맹세	火之誓约	火之誓約
520	くさのちかい	Grass Pledge	Aire d’Herbe	Erbapatto	Pflanzensäulen	Voto Planta	풀의맹세	草之誓约	草之誓約
521	ボルトチェンジ	Volt Switch	Change Éclair	Invertivolt	Voltwechsel	Voltiocambio	볼트체인지	伏特替换	伏特替換
522	むしのていこう	Struggle Bug	Survinsecte	Entomoblocco	Käfertrutz	Estoicismo	벌레의저항	虫之抵抗	蟲之抵抗
523	じならし	Bulldoze	Piétisol	Battiterra	Dampfwalze	Terratemblor	땅고르기	重踏	重踏
524	こおりのいぶき	Frost Breath	Souffle Glacé	Alitogelido	Eisesodem	Vaho Gélido	얼음숨결	冰息	冰息
525	ドラゴンテール	Dragon Tail	Draco-Queue	Codadrago	Drachenrute	Cola Dragón	드래곤테일	龙尾	龍尾
526	ふるいたてる	Work Up	Rengorgement	Cuordileone	Kraftschub	Avivar	분발	自我激励	自我激勵
527	エレキネット	Electroweb	Toile Élek	Elettrotela	Elektronetz	Electrotela	일렉트릭네트	电网	電網
528	ワイルドボルト	Wild Charge	Éclair Fou	Sprizzalampo	Stromstoß	Voltio Cruel	와일드볼트	疯狂伏特	瘋狂伏特
529	ドリルライナー	Drill Run	Tunnelier	Giravvita	Schlagbohrer	Taladradora	드릴라이너	直冲钻	直衝鑽
530	ダブルチョップ	Dual Chop	Double Baffe	Doppiocolpo	Doppelhieb	Golpe Bis	더블촙	二连劈	二連劈
531	ハートスタンプ	Heart Stamp	Crève-Cœur	Cuorestampo	Herzstempel	Arrumaco	하트스탬프	爱心印章	愛心印章
532	ウッドホーン	Horn Leech	Encornebois	Legnicorno	Holzgeweih	Asta Drenaje	우드호른	木角	木角
533	せいなるつるぎ	Sacred Sword	Lame Sainte	Spadasolenne	Sanctoklinge	Espada Santa	성스러운칼	圣剑	聖劍
534	シェルブレード	Razor Shell	Coquilame	Conchilama	Kalkklinge	Concha Filo	셸블레이드	贝壳刃	貝殼刃
535	ヒートスタンプ	Heat Crash	Tacle Feu	Marchiafuoco	Brandstempel	Golpe Calor	히트스탬프	高温重压	高溫重壓
536	グラスミキサー	Leaf Tornado	Phytomixeur	Vorticerba	Grasmixer	Ciclón de Hojas	그래스믹서	青草搅拌器	青草攪拌器
537	ハードローラー	Steamroller	Bulldoboule	Rulloduro	Quetschwalze	Rodillo de Púas	하드롤러	疯狂滚压	瘋狂滾壓
538	コットンガード	Cotton Guard	Cotogarde	Cotonscudo	Watteschild	Rizo Algodón	코튼가드	棉花防守	棉花防守
539	ナイトバースト	Night Daze	Explonuit	Urtoscuro	Nachtflut	Pulso Noche	나이트버스트	暗黑爆破	暗黑爆破
540	サイコブレイク	Psystrike	Frappe Psy	Psicobotta	Psychostoß	Onda Mental	사이코브레이크	精神击破	精神擊破
541	スイープビンタ	Tail Slap	Plumo-Queue	Spazzasberla	Kehrschelle	Plumerazo	스위프뺨치기	扫尾拍打	掃尾拍打
542	ぼうふう	Hurricane	Vent Violent	Tifone	Orkan	Vendaval	폭풍	暴风	暴風
543	アフロブレイク	Head Charge	Peignée	Ricciolata	Steinschädel	Ariete	아프로브레이크	爆炸头突击	爆炸頭突擊
544	ギアソーサー	Gear Grind	Lancécrou	Ingracolpo	Klikkdiskus	Rueda Doble	기어소서	齿轮飞盘	齒輪飛盤
545	かえんだん	Searing Shot	Incendie	Sparafuoco	Flammenball	Bomba Ígnea	화염탄	火焰弹	火焰彈
546	テクノバスター	Techno Blast	Techno-Buster	Tecnobotto	Techblaster	Tecno Shock	테크노버스터	高科技光炮	高科技光炮
547	いにしえのうた	Relic Song	Chant Antique	Cantoantico	Urgesang	Canto Arcaico	옛노래	古老之歌	古老之歌
548	しんぴのつるぎ	Secret Sword	Lame Ointe	Spadamistica	Mystoschwert	Sable Místico	신비의칼	神秘之剑	神秘之劍
549	こごえるせかい	Glaciate	Ère Glaciaire	Gelamondo	Eiszeit	Mundo Gélido	얼다세계	冰封世界	冰封世界
550	らいげき	Bolt Strike	Charge Foudre	Lucesiluro	Blitzschlag	Ataque Fulgor	뇌격	雷击	雷擊
551	あおいほのお	Blue Flare	Flamme Bleue	Fuocoblu	Blauflammen	Llama Azul	푸른불꽃	青焰	青焰
552	ほのおのまい	Fiery Dance	Danse du Feu	Voldifuoco	Feuerreigen	Danza Llama	불꽃춤	火之舞	火之舞
553	フリーズボルト	Freeze Shock	Éclair Gelé	Elettrogelo	Frostvolt	Rayo Gélido	프리즈볼트	冰冻伏特	冰凍伏特
554	コールドフレア	Ice Burn	Feu Glacé	Vampagelida	Frosthauch	Llama Gélida	콜드플레어	极寒冷焰	極寒冷焰
555	バークアウト	Snarl	Aboiement	Urlorabbia	Standpauke	Alarido	바크아웃	大声咆哮	大聲咆哮
556	つららおとし	Icicle Crash	Chute Glace	Scagliagelo	Eiszapfhagel	Chuzos	고드름떨구기	冰柱坠击	冰柱墜擊
557	Ｖジェネレート	V-create	Coup Victoire	Generatore V	V-Generator	V de Fuego	V제너레이트	Ｖ热焰	Ｖ熱焰
558	クロスフレイム	Fusion Flare	Flamme Croix	Incrofiamma	Kreuzflamme	Llama Fusión	크로스플레임	交错火焰	交錯火焰
559	クロスサンダー	Fusion Bolt	Éclair Croix	Incrotuono	Kreuzdonner	Rayo Fusión	크로스썬더	交错闪电	交錯閃電
560	フライングプレス	Flying Press	Flying Press	Schiacciatuffo	Flying Press	Plancha Voladora	플라잉프레스	飞身重压	飛身重壓
561	たたみがえし	Mat Block	Tatamigaeshi	Ribaltappeto	Tatami-Schild	Escudo Tatami	마룻바닥세워막기	掀榻榻米	掀榻榻米
562	ゲップ	Belch	Éructation	Rutto	Rülpser	Eructo	트림	打嗝	打嗝
563	たがやす	Rototiller	Fertilisation	Aracampo	Pflüger	Fertilizante	일구기	耕地	耕地
564	ねばねばネット	Sticky Web	Toile Gluante	Rete Vischiosa	Klebenetz	Red Viscosa	끈적끈적네트	黏黏网	黏黏網
565	とどめばり	Fell Stinger	Dard Mortel	Pungiglione	Stachelfinale	Aguijón Letal	마지막일침	致命针刺	致命針刺
566	ゴーストダイブ	Phantom Force	Hantise	Spettrotuffo	Phantomkraft	Golpe Fantasma	고스트다이브	潜灵奇袭	潛靈奇襲
567	ハロウィン	Trick-or-Treat	Halloween	Halloween	Halloween	Halloween	핼러윈	万圣夜	萬聖夜
568	おたけび	Noble Roar	Râle Mâle	Urlo	Kampfgebrüll	Rugido de Guerra	부르짖기	战吼	戰吼
569	プラズマシャワー	Ion Deluge	DélugePlasmique	Pioggiaplasma	Plasmaschauer	Cortina Plasma	플라스마샤워	等离子浴	等離子浴
570	パラボラチャージ	Parabolic Charge	Parabocharge	Caricaparabola	Parabolladung	Carga Parábola	파라볼라차지	抛物面充电	拋物面充電
571	もりののろい	Forest’s Curse	Maléfice Sylvain	Boscomalocchio	Waldesfluch	Condena Silvana	숲의저주	森林诅咒	森林詛咒
572	はなふぶき	Petal Blizzard	Tempête Florale	Fiortempesta	Blütenwirbel	Tormenta Floral	꽃보라	落英缤纷	落英繽紛
573	フリーズドライ	Freeze-Dry	Lyophilisation	Liofilizzazione	Gefriertrockner	Liofilización	프리즈드라이	冷冻干燥	冷凍乾燥
574	チャームボイス	Disarming Voice	Voix Enjôleuse	Incantavoce	Säuselstimme	Voz Cautivadora	차밍보이스	魅惑之声	魅惑之聲
575	すてゼリフ	Parting Shot	Dernier Mot	Monito	Abgangstirade	Última Palabra	막말내뱉기	抛下狠话	拋下狠話
576	ひっくりかえす	Topsy-Turvy	Renversement	Sottosopra	Invertigo	Reversión	뒤집어엎기	颠倒	顛倒
577	ドレインキッス	Draining Kiss	Vampibaiser	Assorbibacio	Diebeskuss	Beso Drenaje	드레인키스	吸取之吻	吸取之吻
578	トリックガード	Crafty Shield	Vigilance	Truccodifesa	Trickschutz	Truco Defensa	트릭가드	戏法防守	戲法防守
579	フラワーガード	Flower Shield	Garde Florale	Fiordifesa	Floraschutz	Defensa Floral	플라워가드	鲜花防守	鮮花防守
580	グラスフィールド	Grassy Terrain	Champ Herbu	Campo Erboso	Grasfeld	Campo de Hierba	그래스필드	青草场地	青草場地
581	ミストフィールド	Misty Terrain	Champ Brumeux	Campo Nebbioso	Nebelfeld	Campo de Niebla	미스트필드	薄雾场地	薄霧場地
582	そうでん	Electrify	Électrisation	Elettrocontagio	Elektrifizierung	Electrificación	송전	输电	輸電
583	じゃれつく	Play Rough	Câlinerie	Carineria	Knuddler	Carantoña	치근거리기	嬉闹	嬉鬧
584	ようせいのかぜ	Fairy Wind	Vent Féérique	Vento di Fata	Feenbrise	Viento Feérico	요정의바람	妖精之风	妖精之風
585	ムーンフォース	Moonblast	Pouvoir Lunaire	Forza Lunare	Mondgewalt	Fuerza Lunar	문포스	月亮之力	月亮之力
586	ばくおんぱ	Boomburst	Bang Sonique	Ondaboato	Überschallknall	Estruendo	폭음파	爆音波	爆音波
587	フェアリーロック	Fairy Lock	Verrou Enchanté	Blocco Fatato	Feenschloss	Cerrojo Feérico	페어리록	妖精之锁	妖精之鎖
588	キングシールド	King’s Shield	Bouclier Royal	Scudo Reale	Königsschild	Escudo Real	킹실드	王者盾牌	王者盾牌
589	なかよくする	Play Nice	Camaraderie	Simpatia	Kameradschaft	Camaradería	친해지기	和睦相处	和睦相處
590	ないしょばなし	Confide	Confidence	Confidenza	Vertrauenssache	Confidencia	비밀이야기	密语	密語
591	ダイヤストーム	Diamond Storm	Orage Adamantin	Diamantempesta	Diamantsturm	Torm. Diamantes	다이아스톰	钻石风暴	鑽石風暴
592	スチームバースト	Steam Eruption	Jet de Vapeur	Vaporscoppio	Dampfschwall	Chorro de Vapor	스팀버스트	蒸汽爆炸	蒸汽爆炸
593	いじげんホール	Hyperspace Hole	TrouDimensionnel	Forodimensionale	Dimensionsloch	Paso Dimensional	다른차원홀	异次元洞	異次元洞
594	みずしゅりけん	Water Shuriken	Sheauriken	Acqualame	Wasser-Shuriken	Shuriken de Agua	물수리검	飞水手里剑	飛水手裡劍
595	マジカルフレイム	Mystical Fire	Feu Ensorcelé	Magifiamma	Magieflamme	Llama Embrujada	매지컬플레임	魔法火焰	魔法火焰
596	ニードルガード	Spiky Shield	Pico-Défense	Agodifesa	Schutzstacheln	Barrera Espinosa	니들가드	尖刺防守	尖刺防守
597	アロマミスト	Aromatic Mist	Brume Capiteuse	Nebularoma	Duftwolke	Niebla Aromática	아로마미스트	芳香薄雾	芳香薄霧
598	かいでんぱ	Eerie Impulse	Ondes Étranges	Elettromistero	Mystowellen	Onda Anómala	괴전파	怪异电波	怪異電波
599	ベノムトラップ	Venom Drench	Piège de Venin	Velenotrappola	Giftfalle	Trampa Venenosa	베놈트랩	毒液陷阱	毒液陷阱
600	ふんじん	Powder	Nuée de Poudre	Pulviscoppio	Pulverschleuder	Polvo Explosivo	분진	粉尘	粉塵
601	ジオコントロール	Geomancy	Géo-Contrôle	Geocontrollo	Geokontrolle	Geocontrol	지오컨트롤	大地掌控	大地掌控
602	じばそうさ	Magnetic Flux	Magné-Contrôle	Controllo Polare	Magnetregler	Aura Magnética	자기장조작	磁场操控	磁場操控
603	ハッピータイム	Happy Hour	Étrennes	Cuccagna	Goldene Zeiten	Paga Extra	해피타임	欢乐时光	歡樂時光
604	エレキフィールド	Electric Terrain	Champ Électrifié	Campo Elettrico	Elektrofeld	Campo Eléctrico	일렉트릭필드	电气场地	電氣場地
605	マジカルシャイン	Dazzling Gleam	Éclat Magique	Magibrillio	Zauberschein	Brillo Mágico	매지컬샤인	魔法闪耀	魔法閃耀
606	おいわい	Celebrate	Célébration	Auguri	Ehrentag	Celebración	축하	庆祝	慶祝
607	てをつなぐ	Hold Hands	Mains Jointes	Mano nella Mano	Händchenhalten	Manos Juntas	손에손잡기	牵手	牽手
608	つぶらなひとみ	Baby-Doll Eyes	Regard Touchant	Occhioni Teneri	Kulleraugen	Ojitos Tiernos	초롱초롱눈동자	圆瞳	圓瞳
609	ほっぺすりすり	Nuzzle	Frotte-Frimousse	Elettrococcola	Wangenrubbler	Moflete Estático	볼부비부비	蹭蹭脸颊	蹭蹭臉頰
610	てかげん	Hold Back	Retenue	Riguardo	Zurückhaltung	Clemencia	적당히손봐주기	手下留情	手下留情
611	まとわりつく	Infestation	Harcèlement	Assillo	Plage	Acoso	엉겨붙기	死缠烂打	死纏爛打
612	グロウパンチ	Power-Up Punch	Poing Boost	Crescipugno	Steigerungshieb	Puño Incremento	그로우펀치	增强拳	增強拳
613	デスウイング	Oblivion Wing	Mort-Ailes	Ali del Fato	Unheilsschwingen	Ala Mortífera	데스윙	死亡之翼	死亡之翼
614	サウザンアロー	Thousand Arrows	Myria-Flèches	Mille Frecce	Tausend Pfeile	Mil Flechas	사우전드애로	千箭齐发	千箭齊發
615	サウザンウェーブ	Thousand Waves	Myria-Vagues	Mille Onde	Tausend Wellen	Mil Temblores	사우전드웨이브	千波激荡	千波激盪
616	グランドフォース	Land’s Wrath	Force Chtonienne	Forza Tellurica	Bodengewalt	Fuerza Telúrica	그라운드포스	大地神力	大地神力
617	はめつのひかり	Light of Ruin	Lumière du Néant	Luce Nefasta	Lux Calamitatis	Luz Aniquiladora	파멸의빛	破灭之光	破滅之光
618	こんげんのはどう	Origin Pulse	Onde Originelle	Primopulsar	Ursprungswoge	Pulso Primigenio	근원의파동	根源波动	根源波動
619	だんがいのつるぎ	Precipice Blades	Lame Pangéenne	Spade Telluriche	Abgrundsklinge	Filo del Abismo	단애의칼	断崖之剑	斷崖之劍
620	ガリョウテンセイ	Dragon Ascent	Draco Ascension	Ascesa del Drago	Zenitstürmer	Ascenso Draco	화룡점정	画龙点睛	畫龍點睛
621	いじげんラッシュ	Hyperspace Fury	Furie Dimension	Urtodimensionale	Dimensionswahn	Cerco Dimensión	다른차원러시	异次元猛攻	異次元猛攻
622	ウルトラダッシュアタック	Breakneck Blitz	Turbo-Charge Bulldozer	Carica Travolgente	Hyper-Sprintangriff	Carrera Arrolladora	울트라대시어택	究极无敌大冲撞	究極無敵大衝撞
623	ウルトラダッシュアタック	Breakneck Blitz	Turbo-Charge Bulldozer	Carica Travolgente	Hyper-Sprintangriff	Carrera Arrolladora	울트라대시어택	究极无敌大冲撞	究極無敵大衝撞
624	ぜんりょくむそうげきれつけん	All-Out Pummeling	Combo Hyper-Furie	Iperscarica Furiosa	Fulminante Faustschläge	Ráfaga Demoledora	전력무쌍격렬권	全力无双激烈拳	全力無雙激烈拳
625	ぜんりょくむそうげきれつけん	All-Out Pummeling	Combo Hyper-Furie	Iperscarica Furiosa	Fulminante Faustschläge	Ráfaga Demoledora	전력무쌍격렬권	全力无双激烈拳	全力無雙激烈拳
626	ファイナルダイブクラッシュ	Supersonic Skystrike	Piqué Supersonique	Picchiata Devastante	Finaler Steilflug	Picado Supersónico	파이널다이브클래시	极速俯冲轰烈撞	極速俯衝轟烈撞
627	ファイナルダイブクラッシュ	Supersonic Skystrike	Piqué Supersonique	Picchiata Devastante	Finaler Steilflug	Picado Supersónico	파이널다이브클래시	极速俯冲轰烈撞	極速俯衝轟烈撞
628	アシッドポイズンデリート	Acid Downpour	Déluge Causti-Toxique	Acidiluvio Corrosivo	Vernichtender Säureregen	Diluvio Corrosivo	애시드포이즌딜리트	强酸剧毒灭绝雨	強酸劇毒滅絕雨
629	アシッドポイズンデリート	Acid Downpour	Déluge Causti-Toxique	Acidiluvio Corrosivo	Vernichtender Säureregen	Diluvio Corrosivo	애시드포이즌딜리트	强酸剧毒灭绝雨	強酸劇毒滅絕雨
630	ライジングランドオーバー	Tectonic Rage	Éruption Géo-Sismique	Furore della Terra	Seismische Eruption	Barrena Telúrica	라이징랜드오버	地隆啸天大终结	地隆嘯天大終結
631	ライジングランドオーバー	Tectonic Rage	Éruption Géo-Sismique	Furore della Terra	Seismische Eruption	Barrena Telúrica	라이징랜드오버	地隆啸天大终结	地隆嘯天大終結
632	ワールズエンドフォール	Continental Crush	Apocalypse Gigalithique	Gigamacigno Polverizzante	Apokalyptische Steinpresse	Aplastamiento Gigalítico	월즈엔드폴	毁天灭地巨岩坠	毀天滅地巨岩墜
633	ワールズエンドフォール	Continental Crush	Apocalypse Gigalithique	Gigamacigno Polverizzante	Apokalyptische Steinpresse	Aplastamiento Gigalítico	월즈엔드폴	毁天灭地巨岩坠	毀天滅地巨岩墜
634	ぜったいほしょくかいてんざん	Savage Spin-Out	Cocon Fatal	Bozzolo Fatale	Wirbelnder Insektenhieb	Guadaña Sedosa	절대포식회전참	绝对捕食回旋斩	絕對捕食迴旋斬
635	ぜったいほしょくかいてんざん	Savage Spin-Out	Cocon Fatal	Bozzolo Fatale	Wirbelnder Insektenhieb	Guadaña Sedosa	절대포식회전참	绝对捕食回旋斩	絕對捕食迴旋斬
636	むげんあんやへのいざない	Never-Ending Nightmare	Appel des Ombres Éternelles	Abbraccio Spettrale	Ewige Nacht	Presa Espectral	무한암야로의유인	无尽暗夜之诱惑	無盡暗夜之誘惑
637	むげんあんやへのいざない	Never-Ending Nightmare	Appel des Ombres Éternelles	Abbraccio Spettrale	Ewige Nacht	Presa Espectral	무한암야로의유인	无尽暗夜之诱惑	無盡暗夜之誘惑
638	ちょうぜつらせんれんげき	Corkscrew Crash	Vrille Maximum	Spirale Perforante	Turbo-Spiralkombo	Hélice Trepanadora	초월나선연격	超绝螺旋连击	超絕螺旋連擊
639	ちょうぜつらせんれんげき	Corkscrew Crash	Vrille Maximum	Spirale Perforante	Turbo-Spiralkombo	Hélice Trepanadora	초월나선연격	超绝螺旋连击	超絕螺旋連擊
640	ダイナミックフルフレイム	Inferno Overdrive	Pyro-Explosion Cataclysmique	Fiammobomba Detonante	Dynamische Maxiflamme	Hecatombe Pírica	다이내믹풀플레임	超强极限爆焰弹	超強極限爆焰彈
641	ダイナミックフルフレイム	Inferno Overdrive	Pyro-Explosion Cataclysmique	Fiammobomba Detonante	Dynamische Maxiflamme	Hecatombe Pírica	다이내믹풀플레임	超强极限爆焰弹	超強極限爆焰彈
642	スーパーアクアトルネード	Hydro Vortex	Super Tourbillon Abyssal	Idrovortice Abissale	Super-Wassertornado	Hidrovórtice Abisal	슈퍼아쿠아토네이도	超级水流大漩涡	超級水流大漩渦
643	スーパーアクアトルネード	Hydro Vortex	Super Tourbillon Abyssal	Idrovortice Abissale	Super-Wassertornado	Hidrovórtice Abisal	슈퍼아쿠아토네이도	超级水流大漩涡	超級水流大漩渦
644	ブルームシャインエクストラ	Bloom Doom	Pétalexplosion Éblouissante	Floriscoppio Sfolgorante	Brillante Blütenpracht	Megatón Floral	블룸샤인엑스트라	绚烂缤纷花怒放	絢爛繽紛花怒放
645	ブルームシャインエクストラ	Bloom Doom	Pétalexplosion Éblouissante	Floriscoppio Sfolgorante	Brillante Blütenpracht	Megatón Floral	블룸샤인엑스트라	绚烂缤纷花怒放	絢爛繽紛花怒放
646	スパーキングギガボルト	Gigavolt Havoc	Fulguro-Lance Gigavolt	Gigascarica Folgorante	Gigavolt-Funkensalve	Gigavoltio Destructor	스파킹기가볼트	终极伏特狂雷闪	終極伏特狂雷閃
647	スパーキングギガボルト	Gigavolt Havoc	Fulguro-Lance Gigavolt	Gigascarica Folgorante	Gigavolt-Funkensalve	Gigavoltio Destructor	스파킹기가볼트	终极伏特狂雷闪	終極伏特狂雷閃
648	マキシマムサイブレイカー	Shattered Psyche	Psycho-Pulvérisation EX	Impatto Psicocinetico	Psycho-Schmetterschlag	Disruptor Psíquico	맥시멈사이브레이커	至高精神破坏波	至高精神破壞波
649	マキシマムサイブレイカー	Shattered Psyche	Psycho-Pulvérisation EX	Impatto Psicocinetico	Psycho-Schmetterschlag	Disruptor Psíquico	맥시멈사이브레이커	至高精神破坏波	至高精神破壞波
650	レイジングジオフリーズ	Subzero Slammer	Laser Cryogénique	Criodistruzione Polare	Tobender Geofrost	Crioaliento Despiadado	레이징지오프리즈	激狂大地万里冰	激狂大地萬里冰
651	レイジングジオフリーズ	Subzero Slammer	Laser Cryogénique	Criodistruzione Polare	Tobender Geofrost	Crioaliento Despiadado	레이징지오프리즈	激狂大地万里冰	激狂大地萬里冰
652	アルティメットドラゴンバーン	Devastating Drake	Chaos Draconique	Dragoschianto Finale	Drastisches Drachendröhnen	Dracoaliento Devastador	얼티메이트드래곤번	究极巨龙震天地	究極巨龍震天地
653	アルティメットドラゴンバーン	Devastating Drake	Chaos Draconique	Dragoschianto Finale	Drastisches Drachendröhnen	Dracoaliento Devastador	얼티메이트드래곤번	究极巨龙震天地	究極巨龍震天地
654	ブラックホールイクリプス	Black Hole Eclipse	Trou Noir des Ombres	Buco Nero del Non Ritorno	Schwarzes Loch des Grauens	Agujero Negro Aniquilador	블랙홀이클립스	黑洞吞噬万物灭	黑洞吞噬萬物滅
655	ブラックホールイクリプス	Black Hole Eclipse	Trou Noir des Ombres	Buco Nero del Non Ritorno	Schwarzes Loch des Grauens	Agujero Negro Aniquilador	블랙홀이클립스	黑洞吞噬万物灭	黑洞吞噬萬物滅
656	ラブリースターインパクト	Twinkle Tackle	Impact Choupinova	Astroimpatto Fatato	Entzückender Sternenstoß	Arrumaco Sideral	러블리스타임팩트	可爱星星飞天撞	可愛星星飛天撞
657	ラブリースターインパクト	Twinkle Tackle	Impact Choupinova	Astroimpatto Fatato	Entzückender Sternenstoß	Arrumaco Sideral	러블리스타임팩트	可爱星星飞天撞	可愛星星飛天撞
658	ひっさつのピカチュート	Catastropika	Pikachute Foudroyante	Super Pikaboom	Perfektes Pika-Projektil	Pikavoltio Letal	필살피카슛	皮卡皮卡必杀击	皮卡皮卡必殺擊
659	すなあつめ	Shore Up	Amass’Sable	Sabbiaccumulo	Sandsammler	Recogearena	모래모으기	集沙	集沙
660	であいがしら	First Impression	Escarmouche	Schermaglia	Überrumpler	Escaramuza	만나자마자	迎头一击	迎頭一擊
661	トーチカ	Baneful Bunker	Blockhaus	Fortino	Bunker	Búnker	토치카	碉堡	碉堡
662	かげぬい	Spirit Shackle	Tisse Ombre	Cucitura d’Ombra	Schattenfessel	Puntada Sombría	그림자꿰매기	缝影	縫影
663	ＤＤラリアット	Darkest Lariat	Dark Lariat	Braccioteso	Dark Lariat	Lariat Oscuro	DD래리어트	ＤＤ金勾臂	ＤＤ金勾臂
664	うたかたのアリア	Sparkling Aria	Aria de l’Écume	Canto Effimero	Schaumserenade	Aria Burbuja	물거품아리아	泡影的咏叹调	泡影的詠歎調
665	アイスハンマー	Ice Hammer	Marteau de Glace	Martelgelo	Eishammer	Martillo Hielo	아이스해머	冰锤	冰錘
666	フラワーヒール	Floral Healing	Soin Floral	Cura Floreale	Florakur	Cura Floral	플라워힐	花疗	花療
667	１０まんばりき	High Horsepower	Cavalerie Lourde	Forza Equina	Pferdestärke	Fuerza Equina	10만마력	十万马力	十萬馬力
668	ちからをすいとる	Strength Sap	Vol-Force	Assorbiforza	Kraftabsorber	Absorbefuerza	힘흡수	吸取力量	吸取力量
669	ソーラーブレード	Solar Blade	Lame Solaire	Lama Solare	Solarklinge	Cuchilla Solar	솔라블레이드	日光刃	日光刃
670	このは	Leafage	Feuillage	Fogliame	Blattwerk	Follaje	나뭇잎	树叶	樹葉
671	スポットライト	Spotlight	Projecteur	Riflettore	Rampenlicht	Foco	스포트라이트	聚光灯	聚光燈
672	どくのいと	Toxic Thread	Fil Toxique	Velenotela	Giftfaden	Hilo Venenoso	독실	毒丝	毒絲
673	とぎすます	Laser Focus	Affilage	Concentrazione	Konzentration	Aguzar	예민해지기	磨砺	磨礪
674	アシストギア	Gear Up	Engrenage	Marciainpiù	Hilfsmechanik	Piñón Auxiliar	어시스트기어	辅助齿轮	輔助齒輪
675	じごくづき	Throat Chop	Exécu-Son	Colpo Infernale	Neck Strike	Golpe Mordaza	지옥찌르기	地狱突刺	地獄突刺
676	かふんだんご	Pollen Puff	Boule Pollen	Sferapolline	Pollenknödel	Bola de Polen	꽃가루경단	花粉团	花粉團
677	アンカーショット	Anchor Shot	Ancrage	Colpo d’Ancora	Ankerschuss	Anclaje	앵커숏	掷锚	擲錨
678	サイコフィールド	Psychic Terrain	Champ Psychique	Campo Psichico	Psychofeld	Campo Psíquico	사이코필드	精神场地	精神場地
679	とびかかる	Lunge	Furie-Bond	Assalto	Anfallen	Plancha	덤벼들기	猛扑	猛撲
680	ほのおのムチ	Fire Lash	Fouet de Feu	Frusta di Fuoco	Feuerpeitsche	Látigo Ígneo	불꽃채찍	火焰鞭	火焰鞭
681	つけあがる	Power Trip	Arrogance	Tracotanza	Überheblichkeit	Chulería	기어오르기	嚣张	囂張
682	もえつきる	Burn Up	Flamme Ultime	Ultima Fiamma	Ausbrennen	Llama Final	불사르기	燃尽	燃盡
683	スピードスワップ	Speed Swap	Permuvitesse	Velociscambio	Initiativetausch	Cambia Velocidad	스피드스웹	速度互换	速度互換
684	スマートホーン	Smart Strike	Estocorne	Sottilcorno	Schmalhorn	Cuerno Certero	스마트호른	修长之角	修長之角
685	じょうか	Purify	Purification	Purificazione	Läuterung	Purificación	정화	净化	淨化
686	めざめるダンス	Revelation Dance	Danse Éveil	Mutadanza	Wecktanz	Danza Despertar	잠재댄스	觉醒之舞	覺醒之舞
687	コアパニッシャー	Core Enforcer	Sanction Suprême	Nucleocastigo	Sanktionskern	Núcleo Castigo	코어퍼니셔	核心惩罚者	核心懲罰者
688	トロピカルキック	Trop Kick	Botte Sucrette	Tropicalcio	Tropenkick	Patada Tropical	트로피컬킥	热带踢	熱帶踢
689	さいはい	Instruct	Sommation	Imposizione	Kommando	Mandato	지휘	号令	號令
690	くちばしキャノン	Beak Blast	Bec-Canon	Cannonbecco	Schnabelkanone	Pico Cañón	부리캐논	鸟嘴加农炮	鳥嘴加農炮
691	スケイルノイズ	Clanging Scales	Vibrécaille	Clamorsquame	Schuppenrasseln	Fragor Escamas	스케일노이즈	鳞片噪音	鱗片噪音
692	ドラゴンハンマー	Dragon Hammer	Draco-Marteau	Marteldrago	Drachenhammer	Martillo Dragón	드래곤해머	龙锤	龍錘
693	ぶんまわす	Brutal Swing	Centrifugifle	Vorticolpo	Wirbler	Giro Vil	세차게휘두르기	狂舞挥打	狂舞揮打
694	オーロラベール	Aurora Veil	Voile Aurore	Velaurora	Auroraschleier	Velo Aurora	오로라베일	极光幕	極光幕
695	シャドーアローズストライク	Sinister Arrow Raid	Fureur des Plumes Spectrales	Dardoassalto Spettrale	Schatten-Pfeilregen	Aluvión de Flechas Sombrías	섀도애로우즈스트라이크	遮天蔽日暗影箭	遮天蔽日暗影箭
696	ハイパーダーククラッシャー	Malicious Moonsault	Dark Body Press	Iperschianto delle Tenebre	Hyper Dark Crusher	Hiperplancha Oscura	하이퍼다크크러셔	极恶飞跃粉碎击	極惡飛躍粉碎擊
697	わだつみのシンフォニア	Oceanic Operetta	Symphonie des Ondines	Sinfonia del Mare	Grandiose Meeressymphonie	Sinfonía de la Diva Marina	바다의심포니	海神庄严交响乐	海神莊嚴交響樂
698	ガーディアン・デ・アローラ	Guardian of Alola	Colère du Gardien d’Alola	Collera del Guardiano	Alolas Wächter	Cólera del Guardián	알로라의수호자	巨人卫士・阿罗拉	巨人衛士・阿羅拉
699	しちせいだっこんたい	Soul-Stealing 7-Star Strike	Fauche-Âme des Sept Étoiles	Colpo Eptastellare Rubanima	Sternbild des Seelenraubes	Constelación Robaalmas	칠성탈혼퇴	七星夺魂腿	七星奪魂腿
700	ライトニングサーフライド	Stoked Sparksurfer	Électro-Surf Survolté	Elettrosurf Folgorante	Blitz-Wellenritt	Surfeo Galvánico	라이트닝서프라이드	驾雷驭电戏冲浪	駕雷馭電戲衝浪
701	ほんきをだす　こうげき	Pulverizing Pancake	Gare au Ronflex	Adesso Faccio sul Serio	Schluss mit lustig	Arrojo Intempestivo	진심의공격	认真起来大爆击	認真起來大爆擊
702	ナインエボルブースト	Extreme Evoboost	Neuf pour Un	Potenziamento Eevolutivo	Macht der Neun	Novena Potencia	나인이볼부스트	九彩升华齐聚顶	九彩昇華齊聚頂
703	オリジンズスーパーノヴァ	Genesis Supernova	Supernova Originelle	Supernova delle Origini	Supernova des Ursprungs	Supernova Original	오리진즈슈퍼노바	起源超新星大爆炸	起源超新星大爆炸
704	トラップシェル	Shell Trap	Carapiège	Gusciotrappola	Panzerfalle	Coraza Trampa	트랩셸	陷阱甲壳	陷阱甲殼
705	フルールカノン	Fleur Cannon	Canon Floral	Cannonfiore	Kanonenbouquet	Cañón Floral	플뢰르캐논	花朵加农炮	花朵加農炮
706	サイコファング	Psychic Fangs	Psycho-Croc	Psicozanna	Psychobeißer	Psicocolmillo	사이코팽	精神之牙	精神之牙
707	じだんだ	Stomping Tantrum	Trépignement	Battipiedi	Fruststampfer	Pataleta	분함의발구르기	跺脚	跺腳
708	シャドーボーン	Shadow Bone	Os’Ombre	Ossotetro	Schattenknochen	Hueso Sombrío	섀도본	暗影之骨	暗影之骨
709	アクセルロック	Accelerock	Vif Roc	Rocciarapida	Turbofelsen	Roca Veloz	액셀록	冲岩	衝岩
710	アクアブレイク	Liquidation	Aqua-Brèche	Idrobreccia	Aquadurchstoß	Hidroariete	아쿠아브레이크	水流裂破	水流裂破
711	プリズムレーザー	Prismatic Laser	Laser Prisme	Prismalaser	Prisma-Laser	Láser Prisma	프리즘레이저	棱镜镭射	稜鏡鐳射
712	シャドースチール	Spectral Thief	Clepto-Mânes	Ombrafurto	Diebesschatten	Robasombra	섀도스틸	暗影偷盗	暗影偷盜
713	メテオドライブ	Sunsteel Strike	Choc Météore	Astrocarica	Stahlgestirn	Meteoimpacto	메테오드라이브	流星闪冲	流星閃衝
714	シャドーレイ	Moongeist Beam	Rayon Spectral	Raggio d’Ombra	Schattenstrahl	Rayo Umbrío	섀도레이	暗影之光	暗影之光
715	なみだめ	Tearful Look	Larme à l’Œil	Occhionilucidi	Tränendrüse	Ojos Llorosos	눈물그렁그렁	泪眼汪汪	淚眼汪汪
716	びりびりちくちく	Zing Zap	Électrikipik	Elettropizzico	Elektropikser	Electropunzada	찌리리따끔따끔	麻麻刺刺	麻麻刺刺
717	しぜんのいかり	Nature’s Madness	Ire de la Nature	Ira della Natura	Naturzorn	Furia Natural	자연의분노	自然之怒	自然之怒
718	マルチアタック	Multi-Attack	Coup Varia-Type	Multiattacco	Multi-Angriff	Multiataque	멀티어택	多属性攻击	多屬性攻擊
719	１０００まんボルト	10,000,000 Volt Thunderbolt	Giga-Tonnerre	Iperfulmine	Tausendfacher Donnerblitz	Gigarrayo Fulminante	1000만볼트	千万伏特	千萬伏特
720	ビックリヘッド	Mind Blown	Caboche-Kaboum	Sbalorditesta	Knallkopf	Cabeza Sorpresa	깜짝헤드	惊爆大头	驚爆大頭
721	プラズマフィスト	Plasma Fists	Plasma Punch	Pugni Plasma	Plasmafäuste	Puños Plasma	플라스마피스트	等离子闪电拳	等離子閃電拳
722	フォトンゲイザー	Photon Geyser	Photo-Geyser	Geyser Fotonico	Photonen-Geysir	Géiser Fotónico	포톤가이저	光子喷涌	光子噴湧
723	てんこがすめつぼうのひかり	Light That Burns the Sky	Apocalypsis Luminis	Fotodistruzione Apocalittica	Licht des Erlöschens	Fotodestrucción Apocalíptica	하늘을태우는멸망의빛	焚天灭世炽光爆	焚天滅世熾光爆
724	サンシャインスマッシャー	Searing Sunraze Smash	Hélio-Choc Dévastateur	Supercollisione Solare	Schmetternde Sonnenwalze	Embestida Solar	선샤인스매셔	日光回旋下苍穹	日光迴旋下蒼穹
725	ムーンライトブラスター	Menacing Moonraze Maelstrom	Rayons Séléno-Explosifs	Deflagrazione Lunare	Geballter Mondlaser	Deflagración Lunar	문라이트블래스터	月华飞溅落灵霄	月華飛濺落靈霄
726	ぽかぼかフレンドタイム	Let’s Snuggle Forever	Patati-Patattrape	Dolcesacco di Botte	Herzliche Knuddelkloppe	Somanta Amistosa	투닥투닥프렌드타임	亲密无间大乱揍	親密無間大亂揍
727	ラジアルエッジストーム	Splintered Stormshards	Hurlement des Roches-Lames	Litotempesta Radiale	Fataler Steinregen	Tempestad Rocosa	레이디얼에지스톰	狼啸石牙飓风暴	狼嘯石牙颶風暴
728	ブレイジングソウルビート	Clangorous Soulblaze	Dracacophonie Flamboyante	Dracofonia Divampante	Rasselnder Seelentanz	Estruendo Implacable	브레이징소울비트	炽魂热舞烈音爆	熾魂熱舞烈音爆
