nature	japanese	english	french	italian	german	spanish	korean	chinese_simplified	chinese_traditional
0	がんばりや	Hardy	Hardi	Ardita	Robust	Fuerte	노력	勤奋	勤奮
1	さみしがり	Lonely	Solo	Schiva	Solo	Huraña	외로움	怕寂寞	怕寂寞
2	ゆうかん	Brave	Brave	Audace	Mutig	Audaz	용감	勇敢	勇敢
3	いじっぱり	Adamant	Rigide	Decisa	Hart	Firme	고집	固执	固執
4	やんちゃ	Naughty	Mauvais	Birbona	Frech	Pícara	개구쟁이	顽皮	頑皮
5	ずぶとい	Bold	Assuré	Sicura	Kühn	Osada	대담	大胆	大膽
6	すなお	Docile	Docile	Docile	Sanft	Dócil	온순	坦率	坦率
7	のんき	Relaxed	Relax	Placida	Locker	Plácida	무사태평	悠闲	悠閒
8	わんぱく	Impish	Malin	Scaltra	Pfiffig	Agitada	장난꾸러기	淘气	淘氣
9	のうてんき	Lax	Lâche	Fiacca	Lasch	Floja	촐랑	乐天	樂天
10	おくびょう	Timid	Timide	Timida	Scheu	Miedosa	겁쟁이	胆小	膽小
11	せっかち	Hasty	Pressé	Lesta	Hastig	Activa	성급	急躁	急躁
12	まじめ	Serious	Sérieux	Seria	Ernst	Seria	성실	认真	認真
13	ようき	Jolly	Jovial	Allegra	Froh	Alegre	명랑	爽朗	爽朗
14	むじゃき	Naive	Naïf	Ingenua	Naiv	Ingenua	천진난만	天真	天真
15	ひかえめ	Modest	Modeste	Modesta	Mäßig	Modesta	조심	内敛	內斂
16	おっとり	Mild	Doux	Mite	Mild	Afable	의젓	慢吞吞	慢吞吞
17	れいせい	Quiet	Discret	Quieta	Ruhig	Mansa	냉정	冷静	冷靜
18	てれや	Bashful	Pudique	Ritrosa	Zaghaft	Tímida	수줍음	害羞	害羞
19	うっかりや	Rash	Foufou	Ardente	Hitzig	Alocada	덜렁	马虎	馬虎
20	おだやか	Calm	Calme	Calma	Still	Serena	차분	温和	溫和
21	おとなしい	Gentle	Gentil	Gentile	Zart	Amable	얌전	温顺	溫順
22	なまいき	Sassy	Malpoli	Vivace	Forsch	Grosera	건방	自大	自大
23	しんちょう	Careful	Prudent	Cauta	Sacht	Cauta	신중	慎重	慎重
24	きまぐれ	Quirky	Bizarre	Furba	Kauzig	Rara	변덕	浮躁	浮躁
