type	japanese	english	french	italian	german	spanish	korean	chinese_simplified	chinese_traditional
0	ノーマル	Normal	Normal	Normale	Normal	Normal	노말	一般	一般
1	かくとう	Fighting	Combat	Lotta	Kampf	Lucha	격투	格斗	格鬥
2	ひこう	Flying	Vol	Volante	Flug	Volador	비행	飞行	飛行
3	どく	Poison	Poison	Veleno	Gift	Veneno	독	毒	毒
4	じめん	Ground	Sol	Terra	Boden	Tierra	땅	地面	地面
5	いわ	Rock	Roche	Roccia	Gestein	Roca	바위	岩石	岩石
6	むし	Bug	Insecte	Coleottero	Käfer	Bicho	벌레	虫	蟲
7	ゴースト	Ghost	Spectre	Spettro	Geist	Fantasma	고스트	幽灵	幽靈
8	はがね	Steel	Acier	Acciaio	Stahl	Acero	강철	钢	鋼
9	ほのお	Fire	Feu	Fuoco	Feuer	Fuego	불꽃	火	火
10	みず	Water	Eau	Acqua	Wasser	Agua	물	水	水
11	くさ	Grass	Plante	Erba	Pflanze	Planta	풀	草	草
12	でんき	Electric	Électrik	Elettro	Elektro	Eléctrico	전기	电	電
13	エスパー	Psychic	Psy	Psico	Psycho	Psíquico	에스퍼	超能力	超能力
14	こおり	Ice	Glace	Ghiaccio	Eis	Hielo	얼음	冰	冰
15	ドラゴン	Dragon	Dragon	Drago	Drache	Dragón	드래곤	龙	龍
16	あく	Dark	Ténèbres	Buio	Unlicht	Siniestro	악	恶	惡
17	フェアリー	Fairy	Fée	Folletto	Fee	Hada	페어리	妖精	妖精
