item	black_white	black2_white2	english
1	items	items	Master Ball
2	items	items	Ultra Ball
3	items	items	Great Ball
4	items	items	Poké Ball
5	items	items	Safari Ball
6	items	items	Net Ball
7	items	items	Dive Ball
8	items	items	Nest Ball
9	items	items	Repeat Ball
10	items	items	Timer Ball
11	items	items	Luxury Ball
12	items	items	Premier Ball
13	items	items	Dusk Ball
14	items	items	Heal Ball
15	items	items	Quick Ball
16	items	items	Cherish Ball
17	medicine	medicine	Potion
18	medicine	medicine	Antidote
19	medicine	medicine	Burn Heal
20	medicine	medicine	Ice Heal
21	medicine	medicine	Awakening
22	medicine	medicine	Parlyz Heal
23	medicine	medicine	Full Restore
24	medicine	medicine	Max Potion
25	medicine	medicine	Hyper Potion
26	medicine	medicine	Super Potion
27	medicine	medicine	Full Heal
28	medicine	medicine	Revive
29	medicine	medicine	Max Revive
30	medicine	medicine	Fresh Water
31	medicine	medicine	Soda Pop
32	medicine	medicine	Lemonade
33	medicine	medicine	Moomoo Milk
34	medicine	medicine	EnergyPowder
35	medicine	medicine	Energy Root
36	medicine	medicine	Heal Powder
37	medicine	medicine	Revival Herb
38	medicine	medicine	Ether
39	medicine	medicine	Max Ether
40	medicine	medicine	Elixir
41	medicine	medicine	Max Elixir
42	medicine	medicine	Lava Cookie
43	medicine	medicine	Berry Juice
44	medicine	medicine	Sacred Ash
45	medicine	medicine	HP Up
46	medicine	medicine	Protein
47	medicine	medicine	Iron
48	medicine	medicine	Carbos
49	medicine	medicine	Calcium
50	medicine	medicine	Rare Candy
51	medicine	medicine	PP Up
52	medicine	medicine	Zinc
53	medicine	medicine	PP Max
54	medicine	medicine	Old Gateau
55	items	items	Guard Spec.
56	items	items	Dire Hit
57	items	items	X Attack
58	items	items	X Defend
59	items	items	X Speed
60	items	items	X Accuracy
61	items	items	X Special
62	items	items	X Sp. Def
63	items	items	Poké Doll
64	items	items	Fluffy Tail
65	items	items	Blue Flute
66	items	items	Yellow Flute
67	items	items	Red Flute
68	items	items	Black Flute
69	items	items	White Flute
70	items	items	Shoal Salt
71	items	items	Shoal Shell
72	items	items	Red Shard
73	items	items	Blue Shard
74	items	items	Yellow Shard
75	items	items	Green Shard
76	items	items	Super Repel
77	items	items	Max Repel
78	items	items	Escape Rope
79	items	items	Repel
80	items	items	Sun Stone
81	items	items	Moon Stone
82	items	items	Fire Stone
83	items	items	Thunderstone
84	items	items	Water Stone
85	items	items	Leaf Stone
86	items	items	TinyMushroom
87	items	items	Big Mushroom
88	items	items	Pearl
89	items	items	Big Pearl
90	items	items	Stardust
91	items	items	Star Piece
92	items	items	Nugget
93	items	items	Heart Scale
94	items	items	Honey
95	items	items	Growth Mulch
96	items	items	Damp Mulch
97	items	items	Stable Mulch
98	items	items	Gooey Mulch
99	items	items	Root Fossil
100	items	items	Claw Fossil
101	items	items	Helix Fossil
102	items	items	Dome Fossil
103	items	items	Old Amber
104	items	items	Armor Fossil
105	items	items	Skull Fossil
106	items	items	Rare Bone
107	items	items	Shiny Stone
108	items	items	Dusk Stone
109	items	items	Dawn Stone
110	items	items	Oval Stone
111	items	items	Odd Keystone
112	items	items	Griseous Orb
116	items	items	Douse Drive
117	items	items	Shock Drive
118	items	items	Burn Drive
119	items	items	Chill Drive
134	medicine	medicine	Sweet Heart
135	items	items	Adamant Orb
136	items	items	Lustrous Orb
137	items	items	Greet Mail
138	items	items	Favored Mail
139	items	items	RSVP Mail
140	items	items	Thanks Mail
141	items	items	Inquiry Mail
142	items	items	Like Mail
143	items	items	Reply Mail
144	items	items	BridgeMail S
145	items	items	BridgeMail D
146	items	items	BridgeMail T
147	items	items	BridgeMail V
148	items	items	BridgeMail M
149	berries	berries	Cheri Berry
150	berries	berries	Chesto Berry
151	berries	berries	Pecha Berry
152	berries	berries	Rawst Berry
153	berries	berries	Aspear Berry
154	berries	berries	Leppa Berry
155	berries	berries	Oran Berry
156	berries	berries	Persim Berry
157	berries	berries	Lum Berry
158	berries	berries	Sitrus Berry
159	berries	berries	Figy Berry
160	berries	berries	Wiki Berry
161	berries	berries	Mago Berry
162	berries	berries	Aguav Berry
163	berries	berries	Iapapa Berry
164	berries	berries	Razz Berry
165	berries	berries	Bluk Berry
166	berries	berries	Nanab Berry
167	berries	berries	Wepear Berry
168	berries	berries	Pinap Berry
169	berries	berries	Pomeg Berry
170	berries	berries	Kelpsy Berry
171	berries	berries	Qualot Berry
172	berries	berries	Hondew Berry
173	berries	berries	Grepa Berry
174	berries	berries	Tamato Berry
175	berries	berries	Cornn Berry
176	berries	berries	Magost Berry
177	berries	berries	Rabuta Berry
178	berries	berries	Nomel Berry
179	berries	berries	Spelon Berry
180	berries	berries	Pamtre Berry
181	berries	berries	Watmel Berry
182	berries	berries	Durin Berry
183	berries	berries	Belue Berry
184	berries	berries	Occa Berry
185	berries	berries	Passho Berry
186	berries	berries	Wacan Berry
187	berries	berries	Rindo Berry
188	berries	berries	Yache Berry
189	berries	berries	Chople Berry
190	berries	berries	Kebia Berry
191	berries	berries	Shuca Berry
192	berries	berries	Coba Berry
193	berries	berries	Payapa Berry
194	berries	berries	Tanga Berry
195	berries	berries	Charti Berry
196	berries	berries	Kasib Berry
197	berries	berries	Haban Berry
198	berries	berries	Colbur Berry
199	berries	berries	Babiri Berry
200	berries	berries	Chilan Berry
201	berries	berries	Liechi Berry
202	berries	berries	Ganlon Berry
203	berries	berries	Salac Berry
204	berries	berries	Petaya Berry
205	berries	berries	Apicot Berry
206	berries	berries	Lansat Berry
207	berries	berries	Starf Berry
208	berries	berries	Enigma Berry
209	berries	berries	Micle Berry
210	berries	berries	Custap Berry
211	berries	berries	Jaboca Berry
212	berries	berries	Rowap Berry
213	items	items	BrightPowder
214	items	items	White Herb
215	items	items	Macho Brace
216	items	items	Exp. Share
217	items	items	Quick Claw
218	items	items	Soothe Bell
219	items	items	Mental Herb
220	items	items	Choice Band
221	items	items	King's Rock
222	items	items	SilverPowder
223	items	items	Amulet Coin
224	items	items	Cleanse Tag
225	items	items	Soul Dew
226	items	items	DeepSeaTooth
227	items	items	DeepSeaScale
228	items	items	Smoke Ball
229	items	items	Everstone
230	items	items	Focus Band
231	items	items	Lucky Egg
232	items	items	Scope Lens
233	items	items	Metal Coat
234	items	items	Leftovers
235	items	items	Dragon Scale
236	items	items	Light Ball
237	items	items	Soft Sand
238	items	items	Hard Stone
239	items	items	Miracle Seed
240	items	items	BlackGlasses
241	items	items	Black Belt
242	items	items	Magnet
243	items	items	Mystic Water
244	items	items	Sharp Beak
245	items	items	Poison Barb
246	items	items	NeverMeltIce
247	items	items	Spell Tag
248	items	items	TwistedSpoon
249	items	items	Charcoal
250	items	items	Dragon Fang
251	items	items	Silk Scarf
252	items	items	Up-Grade
253	items	items	Shell Bell
254	items	items	Sea Incense
255	items	items	Lax Incense
256	items	items	Lucky Punch
257	items	items	Metal Powder
258	items	items	Thick Club
259	items	items	Stick
260	items	items	Red Scarf
261	items	items	Blue Scarf
262	items	items	Pink Scarf
263	items	items	Green Scarf
264	items	items	Yellow Scarf
265	items	items	Wide Lens
266	items	items	Muscle Band
267	items	items	Wise Glasses
268	items	items	Expert Belt
269	items	items	Light Clay
270	items	items	Life Orb
271	items	items	Power Herb
272	items	items	Toxic Orb
273	items	items	Flame Orb
274	items	items	Quick Powder
275	items	items	Focus Sash
276	items	items	Zoom Lens
277	items	items	Metronome
278	items	items	Iron Ball
279	items	items	Lagging Tail
280	items	items	Destiny Knot
281	items	items	Black Sludge
282	items	items	Icy Rock
283	items	items	Smooth Rock
284	items	items	Heat Rock
285	items	items	Damp Rock
286	items	items	Grip Claw
287	items	items	Choice Scarf
288	items	items	Sticky Barb
289	items	items	Power Bracer
290	items	items	Power Belt
291	items	items	Power Lens
292	items	items	Power Band
293	items	items	Power Anklet
294	items	items	Power Weight
295	items	items	Shed Shell
296	items	items	Big Root
297	items	items	Choice Specs
298	items	items	Flame Plate
299	items	items	Splash Plate
300	items	items	Zap Plate
301	items	items	Meadow Plate
302	items	items	Icicle Plate
303	items	items	Fist Plate
304	items	items	Toxic Plate
305	items	items	Earth Plate
306	items	items	Sky Plate
307	items	items	Mind Plate
308	items	items	Insect Plate
309	items	items	Stone Plate
310	items	items	Spooky Plate
311	items	items	Draco Plate
312	items	items	Dread Plate
313	items	items	Iron Plate
314	items	items	Odd Incense
315	items	items	Rock Incense
316	items	items	Full Incense
317	items	items	Wave Incense
318	items	items	Rose Incense
319	items	items	Luck Incense
320	items	items	Pure Incense
321	items	items	Protector
322	items	items	Electirizer
323	items	items	Magmarizer
324	items	items	Dubious Disc
325	items	items	Reaper Cloth
326	items	items	Razor Claw
327	items	items	Razor Fang
328	tms_hms	tms_hms	TM01
329	tms_hms	tms_hms	TM02
330	tms_hms	tms_hms	TM03
331	tms_hms	tms_hms	TM04
332	tms_hms	tms_hms	TM05
333	tms_hms	tms_hms	TM06
334	tms_hms	tms_hms	TM07
335	tms_hms	tms_hms	TM08
336	tms_hms	tms_hms	TM09
337	tms_hms	tms_hms	TM10
338	tms_hms	tms_hms	TM11
339	tms_hms	tms_hms	TM12
340	tms_hms	tms_hms	TM13
341	tms_hms	tms_hms	TM14
342	tms_hms	tms_hms	TM15
343	tms_hms	tms_hms	TM16
344	tms_hms	tms_hms	TM17
345	tms_hms	tms_hms	TM18
346	tms_hms	tms_hms	TM19
347	tms_hms	tms_hms	TM20
348	tms_hms	tms_hms	TM21
349	tms_hms	tms_hms	TM22
350	tms_hms	tms_hms	TM23
351	tms_hms	tms_hms	TM24
352	tms_hms	tms_hms	TM25
353	tms_hms	tms_hms	TM26
354	tms_hms	tms_hms	TM27
355	tms_hms	tms_hms	TM28
356	tms_hms	tms_hms	TM29
357	tms_hms	tms_hms	TM30
358	tms_hms	tms_hms	TM31
359	tms_hms	tms_hms	TM32
360	tms_hms	tms_hms	TM33
361	tms_hms	tms_hms	TM34
362	tms_hms	tms_hms	TM35
363	tms_hms	tms_hms	TM36
364	tms_hms	tms_hms	TM37
365	tms_hms	tms_hms	TM38
366	tms_hms	tms_hms	TM39
367	tms_hms	tms_hms	TM40
368	tms_hms	tms_hms	TM41
369	tms_hms	tms_hms	TM42
370	tms_hms	tms_hms	TM43
371	tms_hms	tms_hms	TM44
372	tms_hms	tms_hms	TM45
373	tms_hms	tms_hms	TM46
374	tms_hms	tms_hms	TM47
375	tms_hms	tms_hms	TM48
376	tms_hms	tms_hms	TM49
377	tms_hms	tms_hms	TM50
378	tms_hms	tms_hms	TM51
379	tms_hms	tms_hms	TM52
380	tms_hms	tms_hms	TM53
381	tms_hms	tms_hms	TM54
382	tms_hms	tms_hms	TM55
383	tms_hms	tms_hms	TM56
384	tms_hms	tms_hms	TM57
385	tms_hms	tms_hms	TM58
386	tms_hms	tms_hms	TM59
387	tms_hms	tms_hms	TM60
388	tms_hms	tms_hms	TM61
389	tms_hms	tms_hms	TM62
390	tms_hms	tms_hms	TM63
391	tms_hms	tms_hms	TM64
392	tms_hms	tms_hms	TM65
393	tms_hms	tms_hms	TM66
394	tms_hms	tms_hms	TM67
395	tms_hms	tms_hms	TM68
396	tms_hms	tms_hms	TM69
397	tms_hms	tms_hms	TM70
398	tms_hms	tms_hms	TM71
399	tms_hms	tms_hms	TM72
400	tms_hms	tms_hms	TM73
401	tms_hms	tms_hms	TM74
402	tms_hms	tms_hms	TM75
403	tms_hms	tms_hms	TM76
404	tms_hms	tms_hms	TM77
405	tms_hms	tms_hms	TM78
406	tms_hms	tms_hms	TM79
407	tms_hms	tms_hms	TM80
408	tms_hms	tms_hms	TM81
409	tms_hms	tms_hms	TM82
410	tms_hms	tms_hms	TM83
411	tms_hms	tms_hms	TM84
412	tms_hms	tms_hms	TM85
413	tms_hms	tms_hms	TM86
414	tms_hms	tms_hms	TM87
415	tms_hms	tms_hms	TM88
416	tms_hms	tms_hms	TM89
417	tms_hms	tms_hms	TM90
418	tms_hms	tms_hms	TM91
419	tms_hms	tms_hms	TM92
420	tms_hms	tms_hms	HM01
421	tms_hms	tms_hms	HM02
422	tms_hms	tms_hms	HM03
423	tms_hms	tms_hms	HM04
424	tms_hms	tms_hms	HM05
425	tms_hms	tms_hms	HM06
428	key_items	key_items	Explorer Kit
429	key_items	key_items	Loot Sack
430	key_items	key_items	Rule Book
431	key_items	key_items	Poké Radar
432	key_items	key_items	Point Card
433	key_items	key_items	Journal
434	key_items	key_items	Seal Case
435	key_items	key_items	Fashion Case
436	key_items	key_items	Seal Bag
437	key_items	key_items	Pal Pad
438	key_items	key_items	Works Key
439	key_items	key_items	Old Charm
440	key_items	key_items	Galactic Key
441	key_items	key_items	Red Chain
442	key_items	key_items	Town Map
443	key_items	key_items	Vs. Seeker
444	key_items	key_items	Coin Case
445	key_items	key_items	Old Rod
446	key_items	key_items	Good Rod
447	key_items	key_items	Super Rod
448	key_items	key_items	Sprayduck
449	key_items	key_items	Poffin Case
450	key_items	key_items	Bicycle
451	key_items	key_items	Suite Key
452	key_items	key_items	Oak's Letter
453	key_items	key_items	Lunar Wing
454	key_items	key_items	Member Card
455	key_items	key_items	Azure Flute
456	key_items	key_items	S.S. Ticket
457	key_items	key_items	Contest Pass
458	key_items	key_items	Magma Stone
459	key_items	key_items	Parcel
460	key_items	key_items	Coupon 1
461	key_items	key_items	Coupon 2
462	key_items	key_items	Coupon 3
463	key_items	key_items	Storage Key
464	key_items	key_items	SecretPotion
465	key_items	key_items	Vs. Recorder
466	key_items	key_items	Gracidea
467	key_items	key_items	Secret Key
468	key_items	key_items	Apricorn Box
469	key_items	key_items	Unown Report
470	key_items	key_items	Berry Pots
471	key_items	key_items	Dowsing MCHN
472	key_items	key_items	Blue Card
473	key_items	key_items	SlowpokeTail
474	key_items	key_items	Clear Bell
475	key_items	key_items	Card Key
476	key_items	key_items	Basement Key
477	key_items	key_items	SquirtBottle
478	key_items	key_items	Red Scale
479	key_items	key_items	Lost Item
480	key_items	key_items	Pass
481	key_items	key_items	Machine Part
482	key_items	key_items	Silver Wing
483	key_items	key_items	Rainbow Wing
484	key_items	key_items	Mystery Egg
485	items	items	Red Apricorn
486	items	items	Blu Apricorn
487	items	items	Ylw Apricorn
488	items	items	Grn Apricorn
489	items	items	Pnk Apricorn
490	items	items	Wht Apricorn
491	items	items	Blk Apricorn
492	items	items	Fast Ball
493	items	items	Level Ball
494	items	items	Lure Ball
495	items	items	Heavy Ball
496	items	items	Love Ball
497	items	items	Friend Ball
498	items	items	Moon Ball
499	items	items	Sport Ball
500	items	items	Park Ball
501	key_items	key_items	Photo Album
502	key_items	key_items	GB Sounds
503	key_items	key_items	Tidal Bell
504	medicine	medicine	RageCandyBar
505	items	items	Data Card 01
506	items	items	Data Card 02
507	items	items	Data Card 03
508	items	items	Data Card 04
509	items	items	Data Card 05
510	items	items	Data Card 06
511	items	items	Data Card 07
512	items	items	Data Card 08
513	items	items	Data Card 09
514	items	items	Data Card 10
515	items	items	Data Card 11
516	items	items	Data Card 12
517	items	items	Data Card 13
518	items	items	Data Card 14
519	items	items	Data Card 15
520	items	items	Data Card 16
521	items	items	Data Card 17
522	items	items	Data Card 18
523	items	items	Data Card 19
524	items	items	Data Card 20
525	items	items	Data Card 21
526	items	items	Data Card 22
527	items	items	Data Card 23
528	items	items	Data Card 24
529	items	items	Data Card 25
530	items	items	Data Card 26
531	items	items	Data Card 27
532	key_items	key_items	Jade Orb
533	key_items	key_items	Lock Capsule
534	key_items	key_items	Red Orb
535	key_items	key_items	Blue Orb
536	key_items	key_items	Enigma Stone
537	items	items	Prism Scale
538	items	items	Eviolite
539	items	items	Float Stone
540	items	items	Rocky Helmet
541	items	items	Air Balloon
542	items	items	Red Card
543	items	items	Ring Target
544	items	items	Binding Band
545	items	items	Absorb Bulb
546	items	items	Cell Battery
547	items	items	Eject Button
548	items	items	Fire Gem
549	items	items	Water Gem
550	items	items	Electric Gem
551	items	items	Grass Gem
552	items	items	Ice Gem
553	items	items	Fighting Gem
554	items	items	Poison Gem
555	items	items	Ground Gem
556	items	items	Flying Gem
557	items	items	Psychic Gem
558	items	items	Bug Gem
559	items	items	Rock Gem
560	items	items	Ghost Gem
561	items	items	Dragon Gem
562	items	items	Dark Gem
563	items	items	Steel Gem
564	items	items	Normal Gem
565	medicine	medicine	Health Wing
566	medicine	medicine	Muscle Wing
567	medicine	medicine	Resist Wing
568	medicine	medicine	Genius Wing
569	medicine	medicine	Clever Wing
570	medicine	medicine	Swift Wing
571	items	items	Pretty Wing
572	items	items	Cover Fossil
573	items	items	Plume Fossil
574	key_items	key_items	Liberty Pass
575	items	items	Pass Orb
576	items	items	Dream Ball
577	items	items	Poké Toy
578	key_items	key_items	Prop Case
579	key_items	key_items	Dragon Skull
580	items	items	BalmMushroom
581	items	items	Big Nugget
582	items	items	Pearl String
583	items	items	Comet Shard
584	items	items	Relic Copper
585	items	items	Relic Silver
586	items	items	Relic Gold
587	items	items	Relic Vase
588	items	items	Relic Band
589	items	items	Relic Statue
590	items	items	Relic Crown
591	medicine	medicine	Casteliacone
592	items	items	Dire Hit 2
593	items	items	X Speed 2
594	items	items	X Special 2
595	items	items	X Sp. Def 2
596	items	items	X Defend 2
597	items	items	X Attack 2
598	items	items	X Accuracy 2
599	items	items	X Speed 3
600	items	items	X Special 3
601	items	items	X Sp. Def 3
602	items	items	X Defend 3
603	items	items	X Attack 3
604	items	items	X Accuracy 3
605	items	items	X Speed 6
606	items	items	X Special 6
607	items	items	X Sp. Def 6
608	items	items	X Defend 6
609	items	items	X Attack 6
610	items	items	X Accuracy 6
611	items	items	Ability Urge
612	items	items	Item Drop
613	items	items	Item Urge
614	items	items	Reset Urge
615	items	items	Dire Hit 3
616	key_items	key_items	Light Stone
617	key_items	key_items	Dark Stone
618	tms_hms	tms_hms	TM93
619	tms_hms	tms_hms	TM94
620	tms_hms	tms_hms	TM95
621	key_items	key_items	Xtransceiver
623	key_items	key_items	Gram 1
624	key_items	key_items	Gram 2
625	key_items	key_items	Gram 3
626	key_items	key_items	Xtransceiver
627	-	key_items	Medal Box
628	-	key_items	DNA Splicers
629	-	key_items	DNA Splicers
630	-	key_items	Permit
631	-	key_items	Oval Charm
632	-	key_items	Shiny Charm
633	-	key_items	Plasma Card
634	-	key_items	Grubby Hanky
635	-	key_items	Colress MCHN
636	-	key_items	Dropped Item
637	-	key_items	Dropped Item
638	-	key_items	Reveal Glass
