national	form	from_game	hp	attack	defense	speed	special_attack	special_defense	growth_rate	gender_ratio	type_1	type_2	ability_1	ability_2	hidden_ability	egg_cycles	base_friendship
1	0	-	45	49	49	45	65	65	medium_slow	31	grass	poison	65	0	34	20	70
2	0	-	60	62	63	60	80	80	medium_slow	31	grass	poison	65	0	34	20	70
3	0	-	80	82	83	80	100	100	medium_slow	31	grass	poison	65	0	34	20	70
4	0	-	39	52	43	65	60	50	medium_slow	31	fire	fire	66	0	94	20	70
5	0	-	58	64	58	80	80	65	medium_slow	31	fire	fire	66	0	94	20	70
6	0	-	78	84	78	100	109	85	medium_slow	31	fire	flying	66	0	94	20	70
7	0	-	44	48	65	43	50	64	medium_slow	31	water	water	67	0	44	20	70
8	0	-	59	63	80	58	65	80	medium_slow	31	water	water	67	0	44	20	70
9	0	-	79	83	100	78	85	105	medium_slow	31	water	water	67	0	44	20	70
10	0	-	45	30	35	45	20	20	medium_fast	127	bug	bug	19	0	50	15	70
11	0	-	50	20	55	30	25	25	medium_fast	127	bug	bug	61	0	61	15	70
12	0	-	60	45	50	70	80	80	medium_fast	127	bug	flying	14	0	110	15	70
13	0	-	40	35	30	50	20	20	medium_fast	127	bug	poison	19	0	50	15	70
14	0	-	45	25	50	35	25	25	medium_fast	127	bug	poison	61	0	61	15	70
15	0	-	65	80	40	75	45	80	medium_fast	127	bug	poison	68	0	97	15	70
16	0	-	40	45	40	56	35	35	medium_slow	127	normal	flying	51	77	145	15	70
17	0	-	63	60	55	71	50	50	medium_slow	127	normal	flying	51	77	145	15	70
18	0	-	83	80	75	91	70	70	medium_slow	127	normal	flying	51	77	145	15	70
19	0	-	30	56	35	72	25	35	medium_fast	127	normal	normal	50	62	55	15	70
20	0	-	55	81	60	97	50	70	medium_fast	127	normal	normal	50	62	55	15	70
21	0	-	40	60	30	70	31	31	medium_fast	127	normal	flying	51	0	97	15	70
22	0	-	65	90	65	100	61	61	medium_fast	127	normal	flying	51	0	97	15	70
23	0	-	35	60	44	55	40	54	medium_fast	127	poison	poison	22	61	127	20	70
24	0	-	60	85	69	80	65	79	medium_fast	127	poison	poison	22	61	127	20	70
25	0	-	35	55	30	90	50	40	medium_fast	127	electric	electric	9	0	31	10	70
26	0	-	60	90	55	100	90	80	medium_fast	127	electric	electric	9	0	31	10	70
27	0	-	50	75	85	40	20	30	medium_fast	127	ground	ground	8	0	146	20	70
28	0	-	75	100	110	65	45	55	medium_fast	127	ground	ground	8	0	146	20	70
29	0	-	55	47	52	41	40	40	medium_slow	254	poison	poison	38	79	55	20	70
30	0	-	70	62	67	56	55	55	medium_slow	254	poison	poison	38	79	55	20	70
31	0	-	90	82	87	76	75	85	medium_slow	254	poison	ground	38	79	125	20	70
32	0	-	46	57	40	50	40	40	medium_slow	0	poison	poison	38	79	55	20	70
33	0	-	61	72	57	65	55	55	medium_slow	0	poison	poison	38	79	55	20	70
34	0	-	81	92	77	85	85	75	medium_slow	0	poison	ground	38	79	125	20	70
35	0	-	70	45	48	35	60	65	fast	191	normal	normal	56	98	132	10	140
36	0	-	95	70	73	60	85	90	fast	191	normal	normal	56	98	109	10	140
37	0	-	38	41	40	65	50	65	medium_fast	191	fire	fire	18	0	70	20	70
38	0	-	73	76	75	100	81	100	medium_fast	191	fire	fire	18	0	70	20	70
39	0	-	115	45	20	20	45	25	fast	191	normal	normal	56	0	132	10	70
40	0	-	140	70	45	45	75	50	fast	191	normal	normal	56	0	119	10	70
41	0	-	40	45	35	55	30	40	medium_fast	127	poison	flying	39	0	151	15	70
42	0	-	75	80	70	90	65	75	medium_fast	127	poison	flying	39	0	151	15	70
43	0	-	45	50	55	30	75	65	medium_slow	127	grass	poison	34	0	50	20	70
44	0	-	60	65	70	40	85	75	medium_slow	127	grass	poison	34	0	1	20	70
45	0	-	75	80	85	50	100	90	medium_slow	127	grass	poison	34	0	27	20	70
46	0	-	35	70	55	25	45	55	medium_fast	127	bug	grass	27	87	6	20	70
47	0	-	60	95	80	30	60	80	medium_fast	127	bug	grass	27	87	6	20	70
48	0	-	60	55	50	45	40	55	medium_fast	127	bug	poison	14	110	50	20	70
49	0	-	70	65	60	90	90	75	medium_fast	127	bug	poison	19	110	147	20	70
50	0	-	10	55	25	95	35	45	medium_fast	127	ground	ground	8	71	159	20	70
51	0	-	35	80	50	120	50	70	medium_fast	127	ground	ground	8	71	159	20	70
52	0	-	40	45	35	90	40	40	medium_fast	127	normal	normal	53	101	127	20	70
53	0	-	65	70	60	115	65	65	medium_fast	127	normal	normal	7	101	127	20	70
54	0	-	50	52	48	55	65	50	medium_fast	127	water	water	6	13	33	20	70
55	0	-	80	82	78	85	95	80	medium_fast	127	water	water	6	13	33	20	70
56	0	-	40	80	35	70	35	45	medium_fast	127	fighting	fighting	72	83	128	20	70
57	0	-	65	105	60	95	60	70	medium_fast	127	fighting	fighting	72	83	128	20	70
58	0	-	55	70	45	60	70	50	slow	63	fire	fire	22	18	154	20	70
59	0	-	90	110	80	95	100	80	slow	63	fire	fire	22	18	154	20	70
60	0	-	40	50	40	90	40	40	medium_slow	127	water	water	11	6	33	20	70
61	0	-	65	65	65	90	50	50	medium_slow	127	water	water	11	6	33	20	70
62	0	-	90	85	95	70	70	90	medium_slow	127	water	fighting	11	6	33	20	70
63	0	-	25	20	15	90	105	55	medium_slow	63	psychic	psychic	28	39	98	20	70
64	0	-	40	35	30	105	120	70	medium_slow	63	psychic	psychic	28	39	98	20	70
65	0	-	55	50	45	120	135	85	medium_slow	63	psychic	psychic	28	39	98	20	70
66	0	-	70	80	50	35	35	35	medium_slow	63	fighting	fighting	62	99	80	20	70
67	0	-	80	100	70	45	50	60	medium_slow	63	fighting	fighting	62	99	80	20	70
68	0	-	90	130	80	55	65	85	medium_slow	63	fighting	fighting	62	99	80	20	70
69	0	-	50	75	35	40	70	30	medium_slow	127	grass	poison	34	0	82	20	70
70	0	-	65	90	50	55	85	45	medium_slow	127	grass	poison	34	0	82	20	70
71	0	-	80	105	65	70	100	60	medium_slow	127	grass	poison	34	0	82	20	70
72	0	-	40	40	35	70	50	100	slow	127	water	poison	29	64	44	20	70
73	0	-	80	70	65	100	80	120	slow	127	water	poison	29	64	44	20	70
74	0	-	40	80	100	20	30	30	medium_slow	127	rock	ground	69	5	8	15	70
75	0	-	55	95	115	35	45	45	medium_slow	127	rock	ground	69	5	8	15	70
76	0	-	80	110	130	45	55	65	medium_slow	127	rock	ground	69	5	8	15	70
77	0	-	50	85	55	90	65	65	medium_fast	127	fire	fire	50	18	49	20	70
78	0	-	65	100	70	105	80	80	medium_fast	127	fire	fire	50	18	49	20	70
79	0	-	90	65	65	15	40	40	medium_fast	127	water	psychic	12	20	144	20	70
80	0	-	95	75	110	30	100	80	medium_fast	127	water	psychic	12	20	144	20	70
81	0	-	25	35	70	45	95	55	medium_fast	255	electric	steel	42	5	148	20	70
82	0	-	50	60	95	70	120	70	medium_fast	255	electric	steel	42	5	148	20	70
83	0	-	52	65	55	60	58	62	medium_fast	127	normal	flying	51	39	128	20	70
84	0	-	35	85	45	75	35	35	medium_fast	127	normal	flying	50	48	77	20	70
85	0	-	60	110	70	100	60	60	medium_fast	127	normal	flying	50	48	77	20	70
86	0	-	65	45	55	45	45	70	medium_fast	127	water	water	47	93	115	20	70
87	0	-	90	70	80	70	70	95	medium_fast	127	water	ice	47	93	115	20	70
88	0	-	80	80	50	25	40	50	medium_fast	127	poison	poison	1	60	143	20	70
89	0	-	105	105	75	50	65	100	medium_fast	127	poison	poison	1	60	143	20	70
90	0	-	30	65	100	40	45	25	slow	127	water	water	75	92	142	20	70
91	0	-	50	95	180	70	85	45	slow	127	water	ice	75	92	142	20	70
92	0	-	30	35	30	80	100	35	medium_slow	127	ghost	poison	26	0	0	20	70
93	0	-	45	50	45	95	115	55	medium_slow	127	ghost	poison	26	0	0	20	70
94	0	-	60	65	60	110	130	75	medium_slow	127	ghost	poison	26	0	0	20	70
95	0	-	35	45	160	70	30	45	medium_fast	127	rock	ground	69	5	133	25	70
96	0	-	60	48	45	42	43	90	medium_fast	127	psychic	psychic	15	108	39	20	70
97	0	-	85	73	70	67	73	115	medium_fast	127	psychic	psychic	15	108	39	20	70
98	0	-	30	105	90	50	25	25	medium_fast	127	water	water	52	75	125	20	70
99	0	-	55	130	115	75	50	50	medium_fast	127	water	water	52	75	125	20	70
100	0	-	40	30	50	100	55	55	medium_fast	255	electric	electric	43	9	106	20	70
101	0	-	60	50	70	140	80	80	medium_fast	255	electric	electric	43	9	106	20	70
102	0	-	60	40	80	40	60	45	slow	127	grass	psychic	34	0	139	20	70
103	0	-	95	95	85	55	125	65	slow	127	grass	psychic	34	0	139	20	70
104	0	-	50	50	95	35	40	50	medium_fast	127	ground	ground	69	31	4	20	70
105	0	-	60	80	110	45	50	80	medium_fast	127	ground	ground	69	31	4	20	70
106	0	-	50	120	53	87	35	110	medium_fast	0	fighting	fighting	7	120	84	25	70
107	0	-	50	105	79	76	35	110	medium_fast	0	fighting	fighting	51	89	39	25	70
108	0	-	90	55	75	30	60	75	medium_fast	127	normal	normal	20	12	13	20	70
109	0	-	40	65	95	35	60	45	medium_fast	127	poison	poison	26	0	0	20	70
110	0	-	65	90	120	60	85	70	medium_fast	127	poison	poison	26	0	0	20	70
111	0	-	80	85	95	25	30	30	slow	127	ground	rock	31	69	120	20	70
112	0	-	105	130	120	40	45	45	slow	127	ground	rock	31	69	120	20	70
113	0	-	250	5	5	50	35	105	fast	254	normal	normal	30	32	131	40	140
114	0	-	65	55	115	60	100	40	medium_fast	127	grass	grass	34	102	144	20	70
115	0	-	105	95	80	90	40	80	medium_fast	254	normal	normal	48	113	39	20	70
116	0	-	30	40	70	60	70	25	medium_fast	127	water	water	33	97	6	20	70
117	0	-	55	65	95	85	95	45	medium_fast	127	water	water	38	97	6	20	70
118	0	-	45	67	60	63	35	50	medium_fast	127	water	water	33	41	31	20	70
119	0	-	80	92	65	68	65	80	medium_fast	127	water	water	33	41	31	20	70
120	0	-	30	45	55	85	70	55	slow	255	water	water	35	30	148	20	70
121	0	-	60	75	85	115	100	85	slow	255	water	psychic	35	30	148	20	70
122	0	-	40	45	65	90	100	120	medium_fast	127	psychic	psychic	43	111	101	25	70
123	0	-	70	110	80	105	55	80	medium_fast	127	bug	flying	68	101	80	25	70
124	0	-	65	50	35	95	115	95	medium_fast	254	ice	psychic	12	108	87	25	70
125	0	-	65	83	57	105	95	85	medium_fast	63	electric	electric	9	0	72	25	70
126	0	-	65	95	57	93	100	85	medium_fast	63	fire	fire	49	0	72	25	70
127	0	-	65	125	100	85	55	70	slow	127	bug	bug	52	104	153	25	70
128	0	-	75	100	95	110	40	70	slow	0	normal	normal	22	83	125	20	70
129	0	-	20	10	55	80	15	20	slow	127	water	water	33	0	155	5	70
130	0	-	95	125	79	81	60	100	slow	127	water	flying	22	0	153	5	70
131	0	-	130	85	80	60	85	95	slow	127	water	ice	11	75	93	40	70
132	0	-	48	48	48	48	48	48	medium_fast	255	normal	normal	7	0	150	20	70
133	0	-	55	55	50	55	45	65	medium_fast	31	normal	normal	50	91	107	35	70
134	0	-	130	65	60	65	110	95	medium_fast	31	water	water	11	11	93	35	70
135	0	-	65	65	60	130	110	95	medium_fast	31	electric	electric	10	10	95	35	70
136	0	-	65	130	60	65	95	110	medium_fast	31	fire	fire	18	18	62	35	70
137	0	-	65	60	70	40	85	75	medium_fast	255	normal	normal	36	88	148	20	70
138	0	-	35	40	100	35	90	55	medium_fast	31	rock	water	33	75	133	30	70
139	0	-	70	60	125	55	115	70	medium_fast	31	rock	water	33	75	133	30	70
140	0	-	30	80	90	55	55	45	medium_fast	31	rock	water	33	4	133	30	70
141	0	-	60	115	105	80	65	70	medium_fast	31	rock	water	33	4	133	30	70
142	0	-	80	105	65	130	60	75	slow	31	rock	flying	69	46	127	35	70
143	0	-	160	110	65	30	65	110	slow	31	normal	normal	17	47	82	40	70
144	0	-	90	85	100	85	95	125	slow	255	ice	flying	46	0	81	80	35
145	0	-	90	90	85	100	125	90	slow	255	electric	flying	46	0	31	80	35
146	0	-	90	100	90	90	125	85	slow	255	fire	flying	46	0	49	80	35
147	0	-	41	64	45	50	50	50	slow	127	dragon	dragon	61	0	63	40	35
148	0	-	61	84	65	70	70	70	slow	127	dragon	dragon	61	0	63	40	35
149	0	-	91	134	95	80	100	100	slow	127	dragon	flying	39	0	136	40	35
150	0	-	106	110	90	130	154	90	slow	255	psychic	psychic	46	0	127	120	0
151	0	-	100	100	100	100	100	100	medium_slow	255	psychic	psychic	28	0	0	120	100
152	0	-	45	49	65	45	49	65	medium_slow	31	grass	grass	65	0	102	20	70
153	0	-	60	62	80	60	63	80	medium_slow	31	grass	grass	65	0	102	20	70
154	0	-	80	82	100	80	83	100	medium_slow	31	grass	grass	65	0	102	20	70
155	0	-	39	52	43	65	60	50	medium_slow	31	fire	fire	66	0	18	20	70
156	0	-	58	64	58	80	80	65	medium_slow	31	fire	fire	66	0	18	20	70
157	0	-	78	84	78	100	109	85	medium_slow	31	fire	fire	66	0	18	20	70
158	0	-	50	65	64	43	44	48	medium_slow	31	water	water	67	0	125	20	70
159	0	-	65	80	80	58	59	63	medium_slow	31	water	water	67	0	125	20	70
160	0	-	85	105	100	78	79	83	medium_slow	31	water	water	67	0	125	20	70
161	0	-	35	46	34	20	35	45	medium_fast	127	normal	normal	50	51	119	15	70
162	0	-	85	76	64	90	45	55	medium_fast	127	normal	normal	50	51	119	15	70
163	0	-	60	30	30	50	36	56	medium_fast	127	normal	flying	15	51	110	15	70
164	0	-	100	50	50	70	76	96	medium_fast	127	normal	flying	15	51	110	15	70
165	0	-	40	20	30	55	40	80	fast	127	bug	flying	68	48	155	15	70
166	0	-	55	35	50	85	55	110	fast	127	bug	flying	68	48	89	15	70
167	0	-	40	60	40	30	40	40	fast	127	bug	poison	68	15	97	15	70
168	0	-	70	90	70	40	60	60	fast	127	bug	poison	68	15	97	15	70
169	0	-	85	90	80	130	70	80	medium_fast	127	poison	flying	39	0	151	15	70
170	0	-	75	38	38	67	56	56	slow	127	water	electric	10	35	11	20	70
171	0	-	125	58	58	67	76	76	slow	127	water	electric	10	35	11	20	70
172	0	-	20	40	15	60	35	35	medium_fast	127	electric	electric	9	0	31	10	70
173	0	-	50	25	28	15	45	55	fast	191	normal	normal	56	98	132	10	140
174	0	-	90	30	15	15	40	20	fast	191	normal	normal	56	0	132	10	70
175	0	-	35	20	65	20	40	65	fast	31	normal	normal	55	32	105	10	70
176	0	-	55	40	85	40	80	105	fast	31	normal	flying	55	32	105	10	70
177	0	-	40	50	45	70	70	45	medium_fast	127	psychic	flying	28	48	156	20	70
178	0	-	65	75	70	95	95	70	medium_fast	127	psychic	flying	28	48	156	20	70
179	0	-	55	40	40	35	65	45	medium_slow	127	electric	electric	9	0	57	20	70
180	0	-	70	55	55	45	80	60	medium_slow	127	electric	electric	9	0	57	20	70
181	0	-	90	75	75	55	115	90	medium_slow	127	electric	electric	9	0	57	20	70
182	0	-	75	80	85	50	90	100	medium_slow	127	grass	grass	34	0	131	20	70
183	0	-	70	20	50	40	20	50	fast	127	water	water	47	37	157	10	70
184	0	-	100	50	80	50	50	80	fast	127	water	water	47	37	157	10	70
185	0	-	70	100	115	30	30	65	medium_fast	127	rock	rock	5	69	155	20	70
186	0	-	90	75	75	70	90	100	medium_slow	127	water	water	11	6	2	20	70
187	0	-	35	35	40	50	35	55	medium_slow	127	grass	flying	34	102	151	20	70
188	0	-	55	45	50	80	45	65	medium_slow	127	grass	flying	34	102	151	20	70
189	0	-	75	55	70	110	55	85	medium_slow	127	grass	flying	34	102	151	20	70
190	0	-	55	70	55	85	40	55	fast	127	normal	normal	50	53	92	20	70
191	0	-	30	30	30	30	30	30	medium_slow	127	grass	grass	34	94	48	20	70
192	0	-	75	75	55	30	105	85	medium_slow	127	grass	grass	34	94	48	20	70
193	0	-	65	65	45	95	75	45	medium_fast	127	bug	flying	3	14	119	20	70
194	0	-	55	45	45	15	25	25	medium_fast	127	water	ground	6	11	109	20	70
195	0	-	95	85	85	35	65	65	medium_fast	127	water	ground	6	11	109	20	70
196	0	-	65	65	60	110	130	95	medium_fast	31	psychic	psychic	28	28	156	35	70
197	0	-	95	65	110	65	60	130	medium_fast	31	dark	dark	28	28	39	35	35
198	0	-	60	85	42	91	85	42	medium_slow	127	dark	flying	15	105	158	20	35
199	0	-	95	75	80	30	100	110	medium_fast	127	water	psychic	12	20	144	20	70
200	0	-	60	60	60	85	85	85	fast	127	ghost	ghost	26	0	0	25	35
201	0	-	48	72	48	48	72	48	medium_fast	255	psychic	psychic	26	0	0	40	70
202	0	-	190	33	58	33	33	58	medium_fast	127	psychic	psychic	23	0	140	20	70
203	0	-	70	80	65	85	90	65	medium_fast	127	normal	psychic	39	48	157	20	70
204	0	-	50	65	90	15	35	35	medium_fast	127	bug	bug	5	0	142	20	70
205	0	-	75	90	140	40	60	60	medium_fast	127	bug	steel	5	0	142	20	70
206	0	-	100	70	70	45	65	65	medium_fast	127	normal	normal	32	50	155	20	70
207	0	-	65	75	105	85	35	65	medium_slow	127	ground	flying	52	8	17	20	70
208	0	-	75	85	200	30	55	65	medium_fast	127	steel	ground	69	5	125	25	70
209	0	-	60	80	50	30	40	40	fast	191	normal	normal	22	50	155	20	70
210	0	-	90	120	75	45	60	60	fast	191	normal	normal	22	95	155	20	70
211	0	-	65	95	75	85	55	55	medium_fast	127	water	poison	38	33	22	20	70
212	0	-	70	130	100	65	55	80	medium_fast	127	bug	steel	68	101	135	25	70
213	0	-	20	10	230	5	10	230	medium_slow	127	bug	rock	5	82	126	20	70
214	0	-	80	125	75	85	40	95	slow	127	bug	fighting	68	62	153	25	70
215	0	-	55	95	55	115	35	75	medium_slow	127	dark	ice	39	51	124	20	35
216	0	-	60	80	50	40	50	50	medium_fast	127	normal	normal	53	95	118	20	70
217	0	-	90	130	75	55	75	75	medium_fast	127	normal	normal	62	95	127	20	70
218	0	-	40	40	40	20	70	40	medium_fast	127	fire	fire	40	49	133	20	70
219	0	-	50	50	120	30	80	80	medium_fast	127	fire	rock	40	49	133	20	70
220	0	-	50	50	40	50	30	30	slow	127	ice	ground	12	81	47	20	70
221	0	-	100	100	80	50	60	60	slow	127	ice	ground	12	81	47	20	70
222	0	-	55	55	85	35	65	85	fast	191	water	rock	55	30	144	20	70
223	0	-	35	65	35	65	65	35	medium_fast	127	water	water	55	97	141	20	70
224	0	-	75	105	75	45	105	75	medium_fast	127	water	water	21	97	141	20	70
225	0	-	45	55	45	75	65	45	fast	127	ice	flying	72	55	15	20	70
226	0	-	65	40	70	70	80	140	slow	127	water	flying	33	11	41	25	70
227	0	-	65	80	140	70	40	70	slow	127	steel	flying	51	5	133	25	70
228	0	-	45	60	30	65	80	50	slow	127	dark	fire	48	18	127	20	35
229	0	-	75	90	50	95	110	80	slow	127	dark	fire	48	18	127	20	35
230	0	-	75	95	95	85	95	95	medium_fast	127	water	dragon	33	97	6	20	70
231	0	-	90	60	60	40	40	40	medium_fast	127	ground	ground	53	0	8	20	70
232	0	-	90	120	120	50	60	60	medium_fast	127	ground	ground	5	0	8	20	70
233	0	-	85	80	90	60	105	95	medium_fast	255	normal	normal	36	88	148	20	70
234	0	-	73	95	62	85	85	65	slow	127	normal	normal	22	119	157	20	70
235	0	-	55	20	35	75	20	45	fast	127	normal	normal	20	101	141	20	70
236	0	-	35	35	35	35	35	35	medium_fast	0	fighting	fighting	62	80	72	25	70
237	0	-	50	95	95	70	35	110	medium_fast	0	fighting	fighting	22	101	80	25	70
238	0	-	45	30	15	65	85	65	medium_fast	254	ice	psychic	12	108	93	25	70
239	0	-	45	63	37	95	65	55	medium_fast	63	electric	electric	9	0	72	25	70
240	0	-	45	75	37	83	70	55	medium_fast	63	fire	fire	49	0	72	25	70
241	0	-	95	80	105	100	40	70	slow	254	normal	normal	47	113	157	20	70
242	0	-	255	10	10	55	75	135	fast	254	normal	normal	30	32	131	40	140
243	0	-	90	85	75	115	115	100	slow	255	electric	electric	46	0	10	80	35
244	0	-	115	115	85	100	90	75	slow	255	fire	fire	46	0	18	80	35
245	0	-	100	75	115	85	90	115	slow	255	water	water	46	0	11	80	35
246	0	-	50	64	50	41	45	50	slow	127	rock	ground	62	0	8	40	35
247	0	-	70	84	70	51	65	70	slow	127	rock	ground	61	0	61	40	35
248	0	-	100	134	110	61	95	100	slow	127	rock	dark	45	0	127	40	35
249	0	-	106	90	130	110	90	154	slow	255	psychic	flying	46	0	136	120	0
250	0	-	106	130	90	90	110	154	slow	255	fire	flying	46	0	144	120	0
251	0	-	100	100	100	100	100	100	medium_slow	255	psychic	grass	30	0	0	120	100
252	0	-	40	45	35	70	65	55	medium_slow	31	grass	grass	65	0	84	20	70
253	0	-	50	65	45	95	85	65	medium_slow	31	grass	grass	65	0	84	20	70
254	0	-	70	85	65	120	105	85	medium_slow	31	grass	grass	65	0	84	20	70
255	0	-	45	60	40	45	70	50	medium_slow	31	fire	fire	66	0	3	20	70
256	0	-	60	85	60	55	85	60	medium_slow	31	fire	fighting	66	0	3	20	70
257	0	-	80	120	70	80	110	70	medium_slow	31	fire	fighting	66	0	3	20	70
258	0	-	50	70	50	40	50	50	medium_slow	31	water	water	67	0	6	20	70
259	0	-	70	85	70	50	60	70	medium_slow	31	water	ground	67	0	6	20	70
260	0	-	100	110	90	60	85	90	medium_slow	31	water	ground	67	0	6	20	70
261	0	-	35	55	35	35	30	30	medium_fast	127	dark	dark	50	95	155	15	70
262	0	-	70	90	70	70	60	60	medium_fast	127	dark	dark	22	95	153	15	70
263	0	-	38	30	41	60	30	41	medium_fast	127	normal	normal	53	82	95	15	70
264	0	-	78	70	61	100	50	61	medium_fast	127	normal	normal	53	82	95	15	70
265	0	-	45	45	35	20	20	30	medium_fast	127	bug	bug	19	0	50	15	70
266	0	-	50	35	55	15	25	25	medium_fast	127	bug	bug	61	0	61	15	70
267	0	-	60	70	50	65	90	50	medium_fast	127	bug	flying	68	0	79	15	70
268	0	-	50	35	55	15	25	25	medium_fast	127	bug	bug	61	0	61	15	70
269	0	-	60	50	70	65	50	90	medium_fast	127	bug	poison	19	0	14	15	70
270	0	-	40	30	30	30	40	50	medium_slow	127	water	grass	33	44	20	15	70
271	0	-	60	50	50	50	60	70	medium_slow	127	water	grass	33	44	20	15	70
272	0	-	80	70	70	70	90	100	medium_slow	127	water	grass	33	44	20	15	70
273	0	-	40	40	50	30	30	30	medium_slow	127	grass	grass	34	48	124	15	70
274	0	-	70	70	40	60	60	40	medium_slow	127	grass	dark	34	48	124	15	70
275	0	-	90	100	60	80	90	60	medium_slow	127	grass	dark	34	48	124	15	70
276	0	-	40	55	30	85	30	30	medium_slow	127	normal	flying	62	0	113	15	70
277	0	-	60	85	60	125	50	50	medium_slow	127	normal	flying	62	0	113	15	70
278	0	-	40	30	30	85	55	30	medium_fast	127	water	flying	51	0	44	20	70
279	0	-	60	50	100	65	85	70	medium_fast	127	water	flying	51	0	44	20	70
280	0	-	28	25	25	40	45	35	slow	127	psychic	psychic	28	36	140	20	35
281	0	-	38	35	35	50	65	55	slow	127	psychic	psychic	28	36	140	20	35
282	0	-	68	65	65	80	125	115	slow	127	psychic	psychic	28	36	140	20	35
283	0	-	40	30	32	65	50	52	medium_fast	127	bug	water	33	0	44	15	70
284	0	-	70	60	62	60	80	82	medium_fast	127	bug	flying	22	0	127	15	70
285	0	-	60	40	60	35	40	60	fluctuating	127	grass	grass	27	90	95	15	70
286	0	-	60	130	80	70	60	60	fluctuating	127	grass	fighting	27	90	101	15	70
287	0	-	60	60	60	30	35	35	slow	127	normal	normal	54	0	0	15	70
288	0	-	80	80	80	90	55	55	slow	127	normal	normal	72	0	0	15	70
289	0	-	150	160	100	100	95	65	slow	127	normal	normal	54	0	0	15	70
290	0	-	31	45	90	40	30	30	erratic	127	bug	ground	14	0	50	15	70
291	0	-	61	90	45	160	50	50	erratic	127	bug	flying	3	0	151	15	70
292	0	-	1	90	45	40	30	30	erratic	255	bug	ghost	25	0	25	15	70
293	0	-	64	51	23	28	51	23	medium_slow	127	normal	normal	43	0	155	20	70
294	0	-	84	71	43	48	71	43	medium_slow	127	normal	normal	43	0	113	20	70
295	0	-	104	91	63	68	91	63	medium_slow	127	normal	normal	43	0	113	20	70
296	0	-	72	60	30	25	20	30	fluctuating	63	fighting	fighting	47	62	125	20	70
297	0	-	144	120	60	50	40	60	fluctuating	63	fighting	fighting	47	62	125	20	70
298	0	-	50	20	40	20	20	40	fast	191	normal	normal	47	37	157	10	70
299	0	-	30	45	135	30	45	90	medium_fast	127	rock	rock	5	42	159	20	70
300	0	-	50	45	45	50	35	35	fast	191	normal	normal	56	96	147	15	70
301	0	-	70	65	65	70	55	55	fast	191	normal	normal	56	96	147	15	70
302	0	-	50	75	75	50	65	65	medium_slow	127	dark	ghost	51	100	158	25	35
303	0	-	50	85	85	50	55	55	fast	127	steel	steel	52	22	125	20	70
304	0	-	50	70	100	30	40	40	slow	127	steel	rock	5	69	134	35	35
305	0	-	60	90	140	40	50	50	slow	127	steel	rock	5	69	134	35	35
306	0	-	70	110	180	50	60	60	slow	127	steel	rock	5	69	134	35	35
307	0	-	30	40	55	60	40	55	medium_fast	127	fighting	psychic	74	0	140	20	70
308	0	-	60	60	75	80	60	75	medium_fast	127	fighting	psychic	74	0	140	20	70
309	0	-	40	45	40	65	65	40	slow	127	electric	electric	9	31	58	20	70
310	0	-	70	75	60	105	105	60	slow	127	electric	electric	9	31	58	20	70
311	0	-	60	50	40	95	85	75	medium_fast	127	electric	electric	57	0	0	20	70
312	0	-	60	40	50	95	75	85	medium_fast	127	electric	electric	58	0	0	20	70
313	0	-	65	73	55	85	47	75	erratic	0	bug	bug	35	68	158	15	70
314	0	-	65	47	55	85	73	75	fluctuating	254	bug	bug	12	110	158	15	70
315	0	-	50	60	45	65	100	80	medium_slow	127	grass	poison	30	38	102	20	70
316	0	-	70	43	53	40	43	53	fluctuating	127	poison	poison	64	60	82	20	70
317	0	-	100	73	83	55	73	83	fluctuating	127	poison	poison	64	60	82	20	70
318	0	-	45	90	20	65	65	20	slow	127	water	dark	24	0	3	20	35
319	0	-	70	120	40	95	95	40	slow	127	water	dark	24	0	3	20	35
320	0	-	130	70	35	60	70	35	fluctuating	127	water	water	41	12	46	40	70
321	0	-	170	90	45	60	90	45	fluctuating	127	water	water	41	12	46	40	70
322	0	-	60	60	40	35	65	45	medium_fast	127	fire	ground	12	86	20	20	70
323	0	-	70	100	70	40	105	75	medium_fast	127	fire	ground	40	116	83	20	70
324	0	-	70	85	140	20	85	70	medium_fast	127	fire	fire	73	0	75	20	70
325	0	-	60	25	35	60	70	80	fast	127	psychic	psychic	47	20	82	20	70
326	0	-	80	45	65	80	90	110	fast	127	psychic	psychic	47	20	82	20	70
327	0	-	60	60	60	60	60	60	fast	127	normal	normal	20	77	126	15	70
328	0	-	45	100	45	10	45	45	medium_slow	127	ground	ground	52	71	125	20	70
329	0	-	50	70	50	70	50	50	medium_slow	127	ground	dragon	26	26	26	20	70
330	0	-	80	100	80	100	80	80	medium_slow	127	ground	dragon	26	26	26	20	70
331	0	-	50	85	40	35	85	40	medium_slow	127	grass	grass	8	0	11	20	35
332	0	-	70	115	60	55	115	60	medium_slow	127	grass	dark	8	0	11	20	35
333	0	-	45	40	60	50	40	75	erratic	127	normal	flying	30	0	13	20	70
334	0	-	75	70	90	80	70	105	erratic	127	dragon	flying	30	0	13	20	70
335	0	-	73	115	60	90	60	60	erratic	127	normal	normal	17	0	137	20	70
336	0	-	73	100	60	65	100	60	fluctuating	127	poison	poison	61	0	151	20	70
337	0	-	70	55	65	70	95	85	fast	255	rock	psychic	26	0	0	25	70
338	0	-	70	95	85	70	55	65	fast	255	rock	psychic	26	0	0	25	70
339	0	-	50	48	43	60	46	41	medium_fast	127	water	ground	12	107	93	20	70
340	0	-	110	78	73	60	76	71	medium_fast	127	water	ground	12	107	93	20	70
341	0	-	43	80	65	35	50	35	fluctuating	127	water	water	52	75	91	15	70
342	0	-	63	120	85	55	90	55	fluctuating	127	water	dark	52	75	91	15	70
343	0	-	40	40	55	55	40	70	medium_fast	255	ground	psychic	26	0	0	20	70
344	0	-	60	70	105	75	70	120	medium_fast	255	ground	psychic	26	0	0	20	70
345	0	-	66	41	77	23	61	87	erratic	31	rock	grass	21	0	114	30	70
346	0	-	86	81	97	43	81	107	erratic	31	rock	grass	21	0	114	30	70
347	0	-	45	95	50	75	40	50	erratic	31	rock	bug	4	0	33	30	70
348	0	-	75	125	100	45	70	80	erratic	31	rock	bug	4	0	33	30	70
349	0	-	20	15	20	80	10	55	erratic	127	water	water	33	0	91	20	70
350	0	-	95	60	79	81	100	125	erratic	127	water	water	63	0	56	20	70
351	0	-	70	70	70	70	70	70	medium_fast	127	normal	normal	59	0	0	25	70
351	1	-	70	70	70	70	70	70	medium_fast	127	fire	fire	59	0	0	25	70
351	2	-	70	70	70	70	70	70	medium_fast	127	water	water	59	0	0	25	70
351	3	-	70	70	70	70	70	70	medium_fast	127	ice	ice	59	0	0	25	70
352	0	-	60	90	70	40	60	120	medium_slow	127	normal	normal	16	0	0	20	70
353	0	-	44	75	35	45	63	33	fast	127	ghost	ghost	15	119	130	25	35
354	0	-	64	115	65	65	83	63	fast	127	ghost	ghost	15	119	130	25	35
355	0	-	20	40	90	25	30	90	fast	127	ghost	ghost	26	0	0	25	35
356	0	-	40	70	130	25	60	130	fast	127	ghost	ghost	46	0	0	25	35
357	0	-	99	68	83	51	72	87	slow	127	grass	flying	34	94	139	25	70
358	0	-	65	50	70	65	95	80	fast	127	psychic	psychic	26	0	0	25	70
359	0	-	65	130	60	75	75	60	medium_slow	127	dark	dark	46	105	154	25	35
360	0	-	95	23	48	23	23	48	medium_fast	127	psychic	psychic	23	0	140	20	70
361	0	-	50	50	50	50	50	50	medium_fast	127	ice	ice	39	115	141	20	70
362	0	-	80	80	80	80	80	80	medium_fast	127	ice	ice	39	115	141	20	70
363	0	-	70	40	50	25	55	50	medium_slow	127	ice	water	47	115	12	20	70
364	0	-	90	60	70	45	75	70	medium_slow	127	ice	water	47	115	12	20	70
365	0	-	110	80	90	65	95	90	medium_slow	127	ice	water	47	115	12	20	70
366	0	-	35	64	85	32	74	55	erratic	127	water	water	75	0	155	20	70
367	0	-	55	104	105	52	94	75	erratic	127	water	water	33	0	41	20	70
368	0	-	55	84	105	52	114	75	erratic	127	water	water	33	0	93	20	70
369	0	-	100	90	130	55	45	65	slow	31	water	rock	33	69	5	40	70
370	0	-	43	30	55	97	40	65	fast	191	water	water	33	0	93	20	70
371	0	-	45	75	60	50	40	30	slow	127	dragon	dragon	69	0	125	40	35
372	0	-	65	95	100	50	60	50	slow	127	dragon	dragon	69	0	142	40	35
373	0	-	95	135	80	100	110	80	slow	127	dragon	flying	22	0	153	40	35
374	0	-	40	55	80	30	35	60	slow	255	steel	psychic	29	0	135	40	35
375	0	-	60	75	100	50	55	80	slow	255	steel	psychic	29	0	135	40	35
376	0	-	80	135	130	70	95	90	slow	255	steel	psychic	29	0	135	40	35
377	0	-	80	100	200	50	50	100	slow	255	rock	rock	29	0	5	80	35
378	0	-	80	50	100	50	100	200	slow	255	ice	ice	29	0	115	80	35
379	0	-	80	75	150	50	75	150	slow	255	steel	steel	29	0	135	80	35
380	0	-	80	80	90	110	110	130	slow	254	dragon	psychic	26	0	0	120	90
381	0	-	80	90	80	110	130	110	slow	0	dragon	psychic	26	0	0	120	90
382	0	-	100	100	90	90	150	140	slow	255	water	water	2	0	0	120	0
383	0	-	100	150	140	90	100	90	slow	255	ground	ground	70	0	0	120	0
384	0	-	105	150	90	95	150	90	slow	255	dragon	flying	76	0	0	120	0
385	0	-	100	100	100	100	100	100	slow	255	steel	psychic	32	0	0	120	100
386	0	-	50	150	50	150	150	50	slow	255	psychic	psychic	46	0	0	120	0
386	1	-	50	180	20	150	180	20	slow	255	psychic	psychic	46	0	0	120	0
386	2	-	50	70	160	90	70	160	slow	255	psychic	psychic	46	0	0	120	0
386	3	-	50	95	90	180	95	90	slow	255	psychic	psychic	46	0	0	120	0
387	0	-	55	68	64	31	45	55	medium_slow	31	grass	grass	65	0	75	20	70
388	0	-	75	89	85	36	55	65	medium_slow	31	grass	grass	65	0	75	20	70
389	0	-	95	109	105	56	75	85	medium_slow	31	grass	ground	65	0	75	20	70
390	0	-	44	58	44	61	58	44	medium_slow	31	fire	fire	66	0	89	20	70
391	0	-	64	78	52	81	78	52	medium_slow	31	fire	fighting	66	0	89	20	70
392	0	-	76	104	71	108	104	71	medium_slow	31	fire	fighting	66	0	89	20	70
393	0	-	53	51	53	40	61	56	medium_slow	31	water	water	67	0	128	20	70
394	0	-	64	66	68	50	81	76	medium_slow	31	water	water	67	0	128	20	70
395	0	-	84	86	88	60	111	101	medium_slow	31	water	steel	67	0	128	20	70
396	0	-	40	55	30	60	30	30	medium_slow	127	normal	flying	51	0	51	15	70
397	0	-	55	75	50	80	40	40	medium_slow	127	normal	flying	22	0	120	15	70
398	0	-	85	120	70	100	50	50	medium_slow	127	normal	flying	22	0	120	15	70
399	0	-	59	45	40	31	35	40	medium_fast	127	normal	normal	86	109	141	15	70
400	0	-	79	85	60	71	55	60	medium_fast	127	normal	water	86	109	141	15	70
401	0	-	37	25	41	25	25	41	medium_slow	127	bug	bug	61	0	50	15	70
402	0	-	77	85	51	65	55	51	medium_slow	127	bug	bug	68	0	101	15	70
403	0	-	45	65	34	45	40	34	medium_slow	127	electric	electric	79	22	62	20	70
404	0	-	60	85	49	60	60	49	medium_slow	127	electric	electric	79	22	62	20	100
405	0	-	80	120	79	70	95	79	medium_slow	127	electric	electric	79	22	62	20	70
406	0	-	40	30	35	55	50	70	medium_slow	127	grass	poison	30	38	102	20	70
407	0	-	60	70	55	90	125	105	medium_slow	127	grass	poison	30	38	101	20	70
408	0	-	67	125	40	58	30	30	erratic	31	rock	rock	104	0	125	30	70
409	0	-	97	165	60	58	65	50	erratic	31	rock	rock	104	0	125	30	70
410	0	-	30	42	118	30	42	88	erratic	31	rock	steel	5	0	43	30	70
411	0	-	60	52	168	30	47	138	erratic	31	rock	steel	5	0	43	30	70
412	0	-	40	29	45	36	29	45	medium_fast	127	bug	bug	61	0	142	15	70
413	0	-	60	59	85	36	79	105	medium_fast	254	bug	grass	107	0	142	15	70
413	1	-	60	79	105	36	59	85	medium_fast	254	bug	ground	107	0	142	15	70
413	2	-	60	69	95	36	69	95	medium_fast	254	bug	steel	107	0	142	15	70
414	0	-	70	94	50	66	94	50	medium_fast	0	bug	flying	68	0	110	15	70
415	0	-	30	30	42	70	30	42	medium_slow	31	bug	flying	118	0	55	15	70
416	0	-	70	80	102	40	80	102	medium_slow	254	bug	flying	46	0	127	15	70
417	0	-	60	45	70	95	45	90	medium_fast	127	electric	electric	50	53	10	10	100
418	0	-	55	65	35	85	60	30	medium_fast	127	water	water	33	0	41	20	70
419	0	-	85	105	55	115	85	50	medium_fast	127	water	water	33	0	41	20	70
420	0	-	45	35	45	35	62	53	medium_fast	127	grass	grass	34	0	0	20	70
421	0	-	70	60	70	85	87	78	medium_fast	127	grass	grass	122	0	0	20	70
422	0	-	76	48	48	34	57	62	medium_fast	127	water	water	60	114	159	20	70
423	0	-	111	83	68	39	92	82	medium_fast	127	water	ground	60	114	159	20	70
424	0	-	75	100	66	115	60	66	fast	127	normal	normal	101	53	92	20	100
425	0	-	90	50	34	70	60	44	fluctuating	127	ghost	flying	106	84	138	30	70
426	0	-	150	80	44	80	90	54	fluctuating	127	ghost	flying	106	84	138	30	70
427	0	-	55	66	44	85	44	56	medium_fast	127	normal	normal	50	103	7	20	0
428	0	-	65	76	84	105	54	96	medium_fast	127	normal	normal	56	103	7	20	140
429	0	-	60	60	60	105	105	105	fast	127	ghost	ghost	26	0	0	25	35
430	0	-	100	125	52	71	105	52	medium_slow	127	dark	flying	15	105	153	20	35
431	0	-	49	55	42	85	42	37	fast	191	normal	normal	7	20	51	20	70
432	0	-	71	82	64	112	64	59	fast	191	normal	normal	47	20	128	20	70
433	0	-	45	30	50	45	65	50	fast	127	psychic	psychic	26	0	0	25	70
434	0	-	63	63	47	74	41	41	medium_fast	127	poison	dark	1	106	51	20	70
435	0	-	103	93	67	84	71	61	medium_fast	127	poison	dark	1	106	51	20	70
436	0	-	57	24	86	23	24	86	medium_fast	255	steel	psychic	26	85	134	20	70
437	0	-	67	89	116	33	79	116	medium_fast	255	steel	psychic	26	85	134	20	70
438	0	-	50	80	95	10	10	45	medium_fast	127	rock	rock	5	69	155	20	70
439	0	-	20	25	45	60	70	90	medium_fast	127	psychic	psychic	43	111	101	25	70
440	0	-	100	5	5	30	15	65	fast	254	normal	normal	30	32	132	40	140
441	0	-	76	65	45	91	92	42	medium_slow	127	normal	flying	51	77	145	20	35
442	0	-	50	92	108	35	92	108	medium_fast	127	ghost	dark	46	0	151	30	70
443	0	-	58	70	45	42	40	45	slow	127	dragon	ground	8	0	24	40	70
444	0	-	68	90	65	82	50	55	slow	127	dragon	ground	8	0	24	40	70
445	0	-	108	130	95	102	80	85	slow	127	dragon	ground	8	0	24	40	70
446	0	-	135	85	40	5	40	85	slow	31	normal	normal	53	47	82	40	70
447	0	-	40	70	40	60	35	40	medium_slow	31	fighting	fighting	80	39	158	25	70
448	0	-	70	110	70	90	115	70	medium_slow	31	fighting	steel	80	39	154	25	70
449	0	-	68	72	78	32	38	42	slow	127	ground	ground	45	0	159	30	70
450	0	-	108	112	118	47	68	72	slow	127	ground	ground	45	0	159	30	70
451	0	-	40	50	90	65	30	55	slow	127	poison	bug	4	97	51	20	70
452	0	-	70	90	110	95	60	75	slow	127	poison	dark	4	97	51	20	70
453	0	-	48	61	40	50	61	40	medium_fast	127	poison	fighting	107	87	143	10	100
454	0	-	83	106	65	85	86	65	medium_fast	127	poison	fighting	107	87	143	20	70
455	0	-	74	100	72	46	90	72	slow	127	grass	grass	26	0	0	25	70
456	0	-	49	49	56	66	49	61	erratic	127	water	water	33	114	41	20	70
457	0	-	69	69	76	91	69	86	erratic	127	water	water	33	114	41	20	70
458	0	-	45	20	50	50	60	120	slow	127	water	flying	33	11	41	25	70
459	0	-	60	62	50	40	62	60	slow	127	grass	ice	117	0	43	20	70
460	0	-	90	92	75	60	92	85	slow	127	grass	ice	117	0	43	20	70
461	0	-	70	120	65	125	45	85	medium_slow	127	dark	ice	46	46	124	20	35
462	0	-	70	70	115	60	130	90	medium_fast	255	electric	steel	42	5	148	20	70
463	0	-	110	85	95	50	80	95	medium_fast	127	normal	normal	20	12	13	20	70
464	0	-	115	140	130	40	55	55	slow	127	ground	rock	31	116	120	20	70
465	0	-	100	100	125	50	110	50	medium_fast	127	grass	grass	34	102	144	20	70
466	0	-	75	123	67	95	95	85	medium_fast	63	electric	electric	78	0	72	25	70
467	0	-	75	95	67	83	125	95	medium_fast	63	fire	fire	49	0	72	25	70
468	0	-	85	50	95	80	120	115	fast	31	normal	flying	55	32	105	10	70
469	0	-	86	76	86	95	116	56	medium_fast	127	bug	flying	3	110	119	20	70
470	0	-	65	110	130	95	60	65	medium_fast	31	grass	grass	102	102	34	35	35
471	0	-	65	60	110	65	130	95	medium_fast	31	ice	ice	81	81	115	35	35
472	0	-	75	95	125	95	45	75	medium_slow	127	ground	flying	52	8	90	20	70
473	0	-	110	130	80	80	70	60	slow	127	ice	ground	12	81	47	20	70
474	0	-	85	80	70	90	135	75	medium_fast	255	normal	normal	91	88	148	20	70
475	0	-	68	125	65	80	65	115	slow	0	psychic	fighting	80	80	154	20	35
476	0	-	60	55	145	40	75	150	medium_fast	127	rock	steel	5	42	159	20	70
477	0	-	45	100	135	45	65	135	fast	127	ghost	ghost	46	0	0	25	35
478	0	-	70	80	70	110	80	70	medium_fast	254	ice	ghost	81	81	130	20	70
479	0	-	50	50	77	91	95	77	medium_fast	255	electric	ghost	26	0	0	20	70
479	1	-	50	65	107	86	105	107	medium_fast	255	electric	fire	26	0	0	20	70
479	2	-	50	65	107	86	105	107	medium_fast	255	electric	water	26	0	0	20	70
479	3	-	50	65	107	86	105	107	medium_fast	255	electric	ice	26	0	0	20	70
479	4	-	50	65	107	86	105	107	medium_fast	255	electric	flying	26	0	0	20	70
479	5	-	50	65	107	86	105	107	medium_fast	255	electric	grass	26	0	0	20	70
480	0	-	75	75	130	95	75	130	slow	255	psychic	psychic	26	0	0	80	140
481	0	-	80	105	105	80	105	105	slow	255	psychic	psychic	26	0	0	80	140
482	0	-	75	125	70	115	125	70	slow	255	psychic	psychic	26	0	0	80	140
483	0	-	100	120	120	90	150	100	slow	255	steel	dragon	46	0	140	120	0
484	0	-	90	120	100	100	150	120	slow	255	water	dragon	46	0	140	120	0
485	0	-	91	90	106	77	130	106	slow	127	fire	steel	18	0	49	10	100
486	0	-	110	160	110	100	80	110	slow	255	normal	normal	112	0	0	120	0
487	0	-	150	100	120	90	100	120	slow	255	ghost	dragon	46	0	140	120	0
487	1	-	150	120	100	90	120	100	slow	255	ghost	dragon	26	0	26	120	0
488	0	-	120	70	120	85	75	130	slow	254	psychic	psychic	26	0	0	120	100
489	0	-	80	80	80	80	80	80	slow	255	water	water	93	0	0	40	70
490	0	-	100	100	100	100	100	100	slow	255	water	water	93	0	0	10	70
491	0	-	70	90	90	125	135	90	slow	255	dark	dark	123	0	0	120	0
492	0	-	100	100	100	100	100	100	medium_slow	255	grass	grass	30	0	0	120	100
492	1	-	100	103	75	127	120	75	medium_slow	255	grass	flying	32	0	0	120	100
493	0	-	120	120	120	120	120	120	slow	255	normal	normal	121	0	0	120	0
494	0	-	100	100	100	100	100	100	slow	255	psychic	fire	162	0	0	120	100
495	0	-	45	45	55	63	45	55	medium_slow	31	grass	grass	65	65	126	20	70
496	0	-	60	60	75	83	60	75	medium_slow	31	grass	grass	65	65	126	20	70
497	0	-	75	75	95	113	75	95	medium_slow	31	grass	grass	65	65	126	20	70
498	0	-	65	63	45	45	45	45	medium_slow	31	fire	fire	66	66	47	20	70
499	0	-	90	93	55	55	70	55	medium_slow	31	fire	fighting	66	66	47	20	70
500	0	-	110	123	65	65	100	65	medium_slow	31	fire	fighting	66	66	120	20	70
501	0	-	55	55	45	45	63	45	medium_slow	31	water	water	67	67	75	20	70
502	0	-	75	75	60	60	83	60	medium_slow	31	water	water	67	67	75	20	70
503	0	-	95	100	85	70	108	70	medium_slow	31	water	water	67	67	75	20	70
504	0	-	45	55	39	42	35	39	medium_fast	127	normal	normal	50	51	148	15	70
505	0	-	60	85	69	77	60	69	medium_fast	127	normal	normal	35	51	148	20	70
506	0	-	45	60	45	55	25	45	medium_slow	127	normal	normal	72	53	50	15	70
507	0	-	65	80	65	60	35	65	medium_slow	127	normal	normal	22	146	113	15	70
508	0	-	85	100	90	80	45	90	medium_slow	127	normal	normal	22	146	113	15	70
509	0	-	41	50	37	66	50	37	medium_fast	127	dark	dark	7	84	158	20	70
510	0	-	64	88	50	106	88	50	medium_fast	127	dark	dark	7	84	158	20	70
511	0	-	50	53	48	64	53	48	medium_fast	31	grass	grass	82	0	65	20	70
512	0	-	75	98	63	101	98	63	medium_fast	31	grass	grass	82	0	65	20	70
513	0	-	50	53	48	64	53	48	medium_fast	31	fire	fire	82	0	66	20	70
514	0	-	75	98	63	101	98	63	medium_fast	31	fire	fire	82	0	66	20	70
515	0	-	50	53	48	64	53	48	medium_fast	31	water	water	82	0	67	20	70
516	0	-	75	98	63	101	98	63	medium_fast	31	water	water	82	0	67	20	70
517	0	-	76	25	45	24	67	55	fast	127	psychic	psychic	108	28	140	10	70
518	0	-	116	55	85	29	107	95	fast	127	psychic	psychic	108	28	140	10	70
519	0	-	50	55	50	43	36	30	medium_slow	127	normal	flying	145	105	79	15	70
520	0	-	62	77	62	65	50	42	medium_slow	127	normal	flying	145	105	79	15	70
521	0	-	80	105	80	93	65	55	medium_slow	127	normal	flying	145	105	79	15	70
522	0	-	45	60	32	76	50	32	medium_fast	127	electric	electric	31	78	157	20	70
523	0	-	75	100	63	116	80	63	medium_fast	127	electric	electric	31	78	157	20	70
524	0	-	55	75	85	15	25	25	medium_slow	127	rock	rock	5	0	159	15	70
525	0	-	70	105	105	20	50	40	medium_slow	127	rock	rock	5	0	159	15	70
526	0	-	85	135	130	25	60	70	medium_slow	127	rock	rock	5	0	159	15	70
527	0	-	55	45	43	72	55	43	medium_fast	127	psychic	flying	109	103	86	15	70
528	0	-	67	57	55	114	77	55	medium_fast	127	psychic	flying	109	103	86	15	70
529	0	-	60	85	40	68	30	45	medium_fast	127	ground	ground	146	159	104	20	70
530	0	-	110	135	60	88	50	65	medium_fast	127	ground	steel	146	159	104	20	70
531	0	-	103	60	86	50	60	86	fast	127	normal	normal	131	144	103	20	70
532	0	-	75	80	55	35	25	35	medium_slow	63	fighting	fighting	62	125	89	20	70
533	0	-	85	105	85	40	40	50	medium_slow	63	fighting	fighting	62	125	89	20	70
534	0	-	105	140	95	45	55	65	medium_slow	63	fighting	fighting	62	125	89	20	70
535	0	-	50	50	40	64	50	40	medium_slow	127	water	water	33	93	11	20	70
536	0	-	75	65	55	69	65	55	medium_slow	127	water	ground	33	93	11	20	70
537	0	-	105	85	75	74	85	75	medium_slow	127	water	ground	33	143	11	20	70
538	0	-	120	100	85	45	30	85	medium_fast	0	fighting	fighting	62	39	104	20	70
539	0	-	75	125	75	85	30	75	medium_fast	0	fighting	fighting	5	39	104	20	70
540	0	-	45	53	70	42	40	60	medium_slow	127	bug	grass	68	34	142	15	70
541	0	-	55	63	90	42	50	80	medium_slow	127	bug	grass	102	34	142	15	70
542	0	-	75	103	80	92	70	70	medium_slow	127	bug	grass	68	34	142	15	70
543	0	-	30	45	59	57	30	39	medium_slow	127	bug	poison	38	68	95	15	70
544	0	-	40	55	99	47	40	79	medium_slow	127	bug	poison	38	68	95	15	70
545	0	-	60	90	89	112	55	69	medium_slow	127	bug	poison	38	68	95	20	70
546	0	-	40	27	60	66	37	50	medium_fast	127	grass	grass	158	151	34	20	70
547	0	-	60	67	85	116	77	75	medium_fast	127	grass	grass	158	151	34	20	70
548	0	-	45	35	50	30	70	50	medium_fast	254	grass	grass	34	20	102	20	70
549	0	-	70	60	75	90	110	75	medium_fast	254	grass	grass	34	20	102	20	70
550	0	-	70	92	65	98	80	55	medium_fast	127	water	water	120	91	104	40	70
550	1	-	70	92	65	98	80	55	medium_fast	127	water	water	69	91	104	40	70
551	0	-	50	72	35	65	35	35	medium_slow	127	ground	dark	22	153	83	20	70
552	0	-	60	82	45	74	45	45	medium_slow	127	ground	dark	22	153	83	20	70
553	0	-	95	117	70	92	65	70	medium_slow	127	ground	dark	22	153	83	20	70
554	0	-	70	90	45	50	15	45	medium_slow	127	fire	fire	55	0	39	20	70
555	0	-	105	140	55	95	30	55	medium_slow	127	fire	fire	125	0	161	20	70
555	1	-	105	30	105	55	140	105	medium_slow	127	fire	psychic	125	0	161	20	70
556	0	-	75	86	67	60	106	67	medium_fast	127	grass	grass	11	34	114	20	70
557	0	-	50	65	85	55	35	35	medium_fast	127	bug	rock	5	75	133	20	70
558	0	-	70	95	125	45	65	75	medium_fast	127	bug	rock	5	75	133	20	70
559	0	-	50	75	70	48	35	70	medium_fast	127	dark	fighting	61	153	22	15	35
560	0	-	65	90	115	58	45	115	medium_fast	127	dark	fighting	61	153	22	15	70
561	0	-	72	58	80	97	103	80	medium_fast	127	psychic	flying	147	98	110	20	70
562	0	-	38	30	85	30	55	65	medium_fast	127	ghost	ghost	152	0	0	25	70
563	0	-	58	50	145	30	95	105	medium_fast	127	ghost	ghost	152	0	0	25	70
564	0	-	54	78	103	22	53	45	medium_fast	31	water	rock	116	5	33	30	70
565	0	-	74	108	133	32	83	65	medium_fast	31	water	rock	116	5	33	30	70
566	0	-	55	112	45	70	74	45	medium_fast	31	rock	flying	129	0	0	30	70
567	0	-	75	140	65	110	112	65	medium_fast	31	rock	flying	129	0	0	30	70
568	0	-	50	50	62	65	40	62	medium_fast	127	poison	poison	1	60	106	20	70
569	0	-	80	95	82	75	60	82	medium_fast	127	poison	poison	1	133	106	20	70
570	0	-	40	65	40	65	80	40	medium_slow	31	dark	dark	149	0	0	25	70
571	0	-	60	105	60	105	120	60	medium_slow	31	dark	dark	149	0	0	20	70
572	0	-	55	50	40	75	40	40	fast	191	normal	normal	56	101	92	15	70
573	0	-	75	95	60	115	65	60	fast	191	normal	normal	56	101	92	15	70
574	0	-	45	30	50	45	55	65	medium_slow	191	psychic	psychic	119	0	23	20	70
575	0	-	60	45	70	55	75	85	medium_slow	191	psychic	psychic	119	0	23	20	70
576	0	-	70	55	95	65	95	110	medium_slow	191	psychic	psychic	119	0	23	20	70
577	0	-	45	30	40	20	105	50	medium_slow	127	psychic	psychic	142	98	144	20	70
578	0	-	65	40	50	30	125	60	medium_slow	127	psychic	psychic	142	98	144	20	70
579	0	-	110	65	75	30	125	85	medium_slow	127	psychic	psychic	142	98	144	20	70
580	0	-	62	44	50	55	44	50	medium_fast	127	water	flying	51	145	93	20	70
581	0	-	75	87	63	98	87	63	medium_fast	127	water	flying	51	145	93	20	70
582	0	-	36	50	50	44	65	60	slow	127	ice	ice	115	0	133	20	70
583	0	-	51	65	65	59	80	75	slow	127	ice	ice	115	0	133	20	70
584	0	-	71	95	85	79	110	95	slow	127	ice	ice	115	0	133	20	70
585	0	-	60	60	50	75	40	50	medium_fast	127	normal	grass	34	157	32	20	70
586	0	-	80	100	70	95	60	70	medium_fast	127	normal	grass	34	157	32	20	70
587	0	-	55	75	60	103	75	60	medium_fast	127	electric	flying	9	0	78	20	70
588	0	-	50	75	45	60	40	45	medium_fast	127	bug	bug	68	61	99	15	70
589	0	-	70	135	105	20	60	105	medium_fast	127	bug	steel	68	75	142	15	70
590	0	-	69	55	45	15	55	55	medium_fast	127	grass	poison	27	0	144	20	70
591	0	-	114	85	70	30	85	80	medium_fast	127	grass	poison	27	0	144	20	70
592	0	-	55	40	50	40	65	85	medium_fast	127	water	ghost	11	130	6	20	70
593	0	-	100	60	70	60	85	105	medium_fast	127	water	ghost	11	130	6	20	70
594	0	-	165	75	80	65	40	45	fast	127	water	water	131	93	144	40	70
595	0	-	50	47	50	65	57	50	medium_fast	127	bug	electric	14	127	68	20	70
596	0	-	70	77	60	108	97	60	medium_fast	127	bug	electric	14	127	68	20	70
597	0	-	44	50	91	10	24	86	medium_fast	127	grass	steel	160	0	0	20	70
598	0	-	74	94	131	20	54	116	medium_fast	127	grass	steel	160	0	0	20	70
599	0	-	40	55	70	30	45	60	medium_slow	255	steel	steel	57	58	29	20	70
600	0	-	60	80	95	50	70	85	medium_slow	255	steel	steel	57	58	29	20	70
601	0	-	60	100	115	90	70	85	medium_slow	255	steel	steel	57	58	29	20	70
602	0	-	35	55	40	60	45	40	slow	127	electric	electric	26	0	0	20	70
603	0	-	65	85	70	40	75	70	slow	127	electric	electric	26	0	0	20	70
604	0	-	85	115	80	50	105	80	slow	127	electric	electric	26	0	0	20	70
605	0	-	55	55	55	30	85	55	medium_fast	127	psychic	psychic	140	28	148	20	70
606	0	-	75	75	75	40	125	95	medium_fast	127	psychic	psychic	140	28	148	20	70
607	0	-	50	30	55	20	65	55	medium_slow	127	ghost	fire	18	49	23	20	70
608	0	-	60	40	60	55	95	60	medium_slow	127	ghost	fire	18	49	23	20	70
609	0	-	60	55	90	80	145	90	medium_slow	127	ghost	fire	18	49	23	20	70
610	0	-	46	87	60	57	30	40	slow	127	dragon	dragon	79	104	127	40	35
611	0	-	66	117	70	67	40	50	slow	127	dragon	dragon	79	104	127	40	35
612	0	-	76	147	90	97	60	70	slow	127	dragon	dragon	79	104	127	40	35
613	0	-	55	70	40	40	60	40	medium_fast	127	ice	ice	81	0	155	20	70
614	0	-	95	110	80	50	70	80	medium_fast	127	ice	ice	81	0	33	20	70
615	0	-	70	50	30	105	95	135	medium_fast	255	ice	ice	26	0	0	25	70
616	0	-	50	40	85	25	40	65	medium_fast	127	bug	bug	93	75	142	15	70
617	0	-	80	70	40	145	100	60	medium_fast	127	bug	bug	93	60	84	15	70
618	0	-	109	66	84	32	81	99	medium_fast	127	ground	electric	9	7	8	20	70
619	0	-	45	85	50	65	55	50	medium_slow	127	fighting	fighting	39	144	120	25	70
620	0	-	65	125	60	105	95	60	medium_slow	127	fighting	fighting	39	144	120	25	70
621	0	-	77	120	90	48	60	90	medium_fast	127	dragon	dragon	24	125	104	30	70
622	0	-	59	74	50	35	35	50	medium_fast	255	ground	ghost	89	103	99	25	70
623	0	-	89	124	80	55	55	80	medium_fast	255	ground	ghost	89	103	99	25	70
624	0	-	45	85	70	60	40	40	medium_fast	127	dark	steel	128	39	46	20	35
625	0	-	65	125	100	70	60	70	medium_fast	127	dark	steel	128	39	46	20	35
626	0	-	95	110	95	55	40	95	medium_fast	127	normal	normal	120	157	43	20	70
627	0	-	70	83	50	60	37	50	slow	0	normal	flying	51	125	55	20	70
628	0	-	100	123	75	80	57	75	slow	0	normal	flying	51	125	128	20	70
629	0	-	70	55	75	60	45	65	slow	254	dark	flying	145	142	133	20	35
630	0	-	110	65	105	80	55	95	slow	254	dark	flying	145	142	133	20	35
631	0	-	85	97	66	65	105	66	medium_fast	127	fire	fire	82	18	73	20	70
632	0	-	58	109	112	109	48	48	medium_fast	127	bug	steel	68	55	54	20	70
633	0	-	52	65	50	38	45	50	slow	127	dark	dragon	55	0	0	40	35
634	0	-	72	85	70	58	65	70	slow	127	dark	dragon	55	0	0	40	35
635	0	-	92	105	90	98	125	90	slow	127	dark	dragon	26	0	0	40	35
636	0	-	55	85	55	60	50	55	slow	127	bug	fire	49	0	68	40	70
637	0	-	85	60	65	100	135	105	slow	127	bug	fire	49	0	68	40	70
638	0	-	91	90	129	108	90	72	slow	255	steel	fighting	154	0	0	80	35
639	0	-	91	129	90	108	72	90	slow	255	rock	fighting	154	0	0	80	35
640	0	-	91	90	72	108	90	129	slow	255	grass	fighting	154	0	0	80	35
641	0	-	79	115	70	111	125	80	slow	0	flying	flying	158	0	128	120	90
641	1	black2_white2	79	100	80	121	110	90	slow	0	flying	flying	144	0	144	120	90
642	0	-	79	115	70	111	125	80	slow	0	electric	flying	158	0	128	120	90
642	1	black2_white2	79	105	70	101	145	80	slow	0	electric	flying	10	0	10	120	90
643	0	-	100	120	100	90	150	120	slow	255	dragon	fire	163	0	0	120	0
644	0	-	100	150	120	90	120	100	slow	255	dragon	electric	164	0	0	120	0
645	0	-	89	125	90	101	115	80	slow	0	ground	flying	159	0	125	120	90
645	1	black2_white2	89	145	90	91	105	80	slow	0	ground	flying	22	0	22	120	90
646	0	-	125	130	90	95	130	90	slow	255	dragon	ice	46	0	0	120	0
646	1	black2_white2	125	120	90	95	170	100	slow	255	dragon	ice	163	0	0	120	0
646	2	black2_white2	125	170	100	95	120	90	slow	255	dragon	ice	164	0	0	120	0
647	0	-	91	72	90	108	129	90	slow	255	water	fighting	154	0	0	80	35
648	0	-	100	77	77	90	128	128	slow	255	normal	psychic	32	0	0	120	100
648	1	-	100	128	90	128	77	77	slow	255	normal	fighting	32	0	0	120	100
649	0	-	71	120	95	99	120	95	slow	255	bug	steel	88	0	0	120	0
