index	national	hp	attack	defense	speed	special_attack	special_defense	growth_rate	gender_ratio	type_1	type_2	ability_1	ability_2	egg_cycles	base_friendship
1	1	45	49	49	45	65	65	medium_slow	31	grass	poison	65	0	20	70
2	2	60	62	63	60	80	80	medium_slow	31	grass	poison	65	0	20	70
3	3	80	82	83	80	100	100	medium_slow	31	grass	poison	65	0	20	70
4	4	39	52	43	65	60	50	medium_slow	31	fire	fire	66	0	20	70
5	5	58	64	58	80	80	65	medium_slow	31	fire	fire	66	0	20	70
6	6	78	84	78	100	109	85	medium_slow	31	fire	flying	66	0	20	70
7	7	44	48	65	43	50	64	medium_slow	31	water	water	67	0	20	70
8	8	59	63	80	58	65	80	medium_slow	31	water	water	67	0	20	70
9	9	79	83	100	78	85	105	medium_slow	31	water	water	67	0	20	70
10	10	45	30	35	45	20	20	medium_fast	127	bug	bug	19	0	15	70
11	11	50	20	55	30	25	25	medium_fast	127	bug	bug	61	0	15	70
12	12	60	45	50	70	80	80	medium_fast	127	bug	flying	14	0	15	70
13	13	40	35	30	50	20	20	medium_fast	127	bug	poison	19	0	15	70
14	14	45	25	50	35	25	25	medium_fast	127	bug	poison	61	0	15	70
15	15	65	80	40	75	45	80	medium_fast	127	bug	poison	68	0	15	70
16	16	40	45	40	56	35	35	medium_slow	127	normal	flying	51	0	15	70
17	17	63	60	55	71	50	50	medium_slow	127	normal	flying	51	0	15	70
18	18	83	80	75	91	70	70	medium_slow	127	normal	flying	51	0	15	70
19	19	30	56	35	72	25	35	medium_fast	127	normal	normal	50	62	15	70
20	20	55	81	60	97	50	70	medium_fast	127	normal	normal	50	62	15	70
21	21	40	60	30	70	31	31	medium_fast	127	normal	flying	51	0	15	70
22	22	65	90	65	100	61	61	medium_fast	127	normal	flying	51	0	15	70
23	23	35	60	44	55	40	54	medium_fast	127	poison	poison	22	61	20	70
24	24	60	85	69	80	65	79	medium_fast	127	poison	poison	22	61	20	70
25	25	35	55	30	90	50	40	medium_fast	127	electric	electric	9	0	10	70
26	26	60	90	55	100	90	80	medium_fast	127	electric	electric	9	0	10	70
27	27	50	75	85	40	20	30	medium_fast	127	ground	ground	8	0	20	70
28	28	75	100	110	65	45	55	medium_fast	127	ground	ground	8	0	20	70
29	29	55	47	52	41	40	40	medium_slow	254	poison	poison	38	0	20	70
30	30	70	62	67	56	55	55	medium_slow	254	poison	poison	38	0	20	70
31	31	90	82	87	76	75	85	medium_slow	254	poison	ground	38	0	20	70
32	32	46	57	40	50	40	40	medium_slow	0	poison	poison	38	0	20	70
33	33	61	72	57	65	55	55	medium_slow	0	poison	poison	38	0	20	70
34	34	81	92	77	85	85	75	medium_slow	0	poison	ground	38	0	20	70
35	35	70	45	48	35	60	65	fast	191	normal	normal	56	0	10	140
36	36	95	70	73	60	85	90	fast	191	normal	normal	56	0	10	140
37	37	38	41	40	65	50	65	medium_fast	191	fire	fire	18	0	20	70
38	38	73	76	75	100	81	100	medium_fast	191	fire	fire	18	0	20	70
39	39	115	45	20	20	45	25	fast	191	normal	normal	56	0	10	70
40	40	140	70	45	45	75	50	fast	191	normal	normal	56	0	10	70
41	41	40	45	35	55	30	40	medium_fast	127	poison	flying	39	0	15	70
42	42	75	80	70	90	65	75	medium_fast	127	poison	flying	39	0	15	70
43	43	45	50	55	30	75	65	medium_slow	127	grass	poison	34	0	20	70
44	44	60	65	70	40	85	75	medium_slow	127	grass	poison	34	0	20	70
45	45	75	80	85	50	100	90	medium_slow	127	grass	poison	34	0	20	70
46	46	35	70	55	25	45	55	medium_fast	127	bug	grass	27	0	20	70
47	47	60	95	80	30	60	80	medium_fast	127	bug	grass	27	0	20	70
48	48	60	55	50	45	40	55	medium_fast	127	bug	poison	14	0	20	70
49	49	70	65	60	90	90	75	medium_fast	127	bug	poison	19	0	20	70
50	50	10	55	25	95	35	45	medium_fast	127	ground	ground	8	71	20	70
51	51	35	80	50	120	50	70	medium_fast	127	ground	ground	8	71	20	70
52	52	40	45	35	90	40	40	medium_fast	127	normal	normal	53	0	20	70
53	53	65	70	60	115	65	65	medium_fast	127	normal	normal	7	0	20	70
54	54	50	52	48	55	65	50	medium_fast	127	water	water	6	13	20	70
55	55	80	82	78	85	95	80	medium_fast	127	water	water	6	13	20	70
56	56	40	80	35	70	35	45	medium_fast	127	fighting	fighting	72	0	20	70
57	57	65	105	60	95	60	70	medium_fast	127	fighting	fighting	72	0	20	70
58	58	55	70	45	60	70	50	slow	63	fire	fire	22	18	20	70
59	59	90	110	80	95	100	80	slow	63	fire	fire	22	18	20	70
60	60	40	50	40	90	40	40	medium_slow	127	water	water	11	6	20	70
61	61	65	65	65	90	50	50	medium_slow	127	water	water	11	6	20	70
62	62	90	85	95	70	70	90	medium_slow	127	water	fighting	11	6	20	70
63	63	25	20	15	90	105	55	medium_slow	63	psychic	psychic	28	39	20	70
64	64	40	35	30	105	120	70	medium_slow	63	psychic	psychic	28	39	20	70
65	65	55	50	45	120	135	85	medium_slow	63	psychic	psychic	28	39	20	70
66	66	70	80	50	35	35	35	medium_slow	63	fighting	fighting	62	0	20	70
67	67	80	100	70	45	50	60	medium_slow	63	fighting	fighting	62	0	20	70
68	68	90	130	80	55	65	85	medium_slow	63	fighting	fighting	62	0	20	70
69	69	50	75	35	40	70	30	medium_slow	127	grass	poison	34	0	20	70
70	70	65	90	50	55	85	45	medium_slow	127	grass	poison	34	0	20	70
71	71	80	105	65	70	100	60	medium_slow	127	grass	poison	34	0	20	70
72	72	40	40	35	70	50	100	slow	127	water	poison	29	64	20	70
73	73	80	70	65	100	80	120	slow	127	water	poison	29	64	20	70
74	74	40	80	100	20	30	30	medium_slow	127	rock	ground	69	5	15	70
75	75	55	95	115	35	45	45	medium_slow	127	rock	ground	69	5	15	70
76	76	80	110	130	45	55	65	medium_slow	127	rock	ground	69	5	15	70
77	77	50	85	55	90	65	65	medium_fast	127	fire	fire	50	18	20	70
78	78	65	100	70	105	80	80	medium_fast	127	fire	fire	50	18	20	70
79	79	90	65	65	15	40	40	medium_fast	127	water	psychic	12	20	20	70
80	80	95	75	110	30	100	80	medium_fast	127	water	psychic	12	20	20	70
81	81	25	35	70	45	95	55	medium_fast	255	electric	steel	42	5	20	70
82	82	50	60	95	70	120	70	medium_fast	255	electric	steel	42	5	20	70
83	83	52	65	55	60	58	62	medium_fast	127	normal	flying	51	39	20	70
84	84	35	85	45	75	35	35	medium_fast	127	normal	flying	50	48	20	70
85	85	60	110	70	100	60	60	medium_fast	127	normal	flying	50	48	20	70
86	86	65	45	55	45	45	70	medium_fast	127	water	water	47	0	20	70
87	87	90	70	80	70	70	95	medium_fast	127	water	ice	47	0	20	70
88	88	80	80	50	25	40	50	medium_fast	127	poison	poison	1	60	20	70
89	89	105	105	75	50	65	100	medium_fast	127	poison	poison	1	60	20	70
90	90	30	65	100	40	45	25	slow	127	water	water	75	0	20	70
91	91	50	95	180	70	85	45	slow	127	water	ice	75	0	20	70
92	92	30	35	30	80	100	35	medium_slow	127	ghost	poison	26	0	20	70
93	93	45	50	45	95	115	55	medium_slow	127	ghost	poison	26	0	20	70
94	94	60	65	60	110	130	75	medium_slow	127	ghost	poison	26	0	20	70
95	95	35	45	160	70	30	45	medium_fast	127	rock	ground	69	5	25	70
96	96	60	48	45	42	43	90	medium_fast	127	psychic	psychic	15	0	20	70
97	97	85	73	70	67	73	115	medium_fast	127	psychic	psychic	15	0	20	70
98	98	30	105	90	50	25	25	medium_fast	127	water	water	52	75	20	70
99	99	55	130	115	75	50	50	medium_fast	127	water	water	52	75	20	70
100	100	40	30	50	100	55	55	medium_fast	255	electric	electric	43	9	20	70
101	101	60	50	70	140	80	80	medium_fast	255	electric	electric	43	9	20	70
102	102	60	40	80	40	60	45	slow	127	grass	psychic	34	0	20	70
103	103	95	95	85	55	125	65	slow	127	grass	psychic	34	0	20	70
104	104	50	50	95	35	40	50	medium_fast	127	ground	ground	69	31	20	70
105	105	60	80	110	45	50	80	medium_fast	127	ground	ground	69	31	20	70
106	106	50	120	53	87	35	110	medium_fast	0	fighting	fighting	7	0	25	70
107	107	50	105	79	76	35	110	medium_fast	0	fighting	fighting	51	0	25	70
108	108	90	55	75	30	60	75	medium_fast	127	normal	normal	20	12	20	70
109	109	40	65	95	35	60	45	medium_fast	127	poison	poison	26	0	20	70
110	110	65	90	120	60	85	70	medium_fast	127	poison	poison	26	0	20	70
111	111	80	85	95	25	30	30	slow	127	ground	rock	31	69	20	70
112	112	105	130	120	40	45	45	slow	127	ground	rock	31	69	20	70
113	113	250	5	5	50	35	105	fast	254	normal	normal	30	32	40	140
114	114	65	55	115	60	100	40	medium_fast	127	grass	grass	34	0	20	70
115	115	105	95	80	90	40	80	medium_fast	254	normal	normal	48	0	20	70
116	116	30	40	70	60	70	25	medium_fast	127	water	water	33	0	20	70
117	117	55	65	95	85	95	45	medium_fast	127	water	water	38	0	20	70
118	118	45	67	60	63	35	50	medium_fast	127	water	water	33	41	20	70
119	119	80	92	65	68	65	80	medium_fast	127	water	water	33	41	20	70
120	120	30	45	55	85	70	55	slow	255	water	water	35	30	20	70
121	121	60	75	85	115	100	85	slow	255	water	psychic	35	30	20	70
122	122	40	45	65	90	100	120	medium_fast	127	psychic	psychic	43	0	25	70
123	123	70	110	80	105	55	80	medium_fast	127	bug	flying	68	0	25	70
124	124	65	50	35	95	115	95	medium_fast	254	ice	psychic	12	0	25	70
125	125	65	83	57	105	95	85	medium_fast	63	electric	electric	9	0	25	70
126	126	65	95	57	93	100	85	medium_fast	63	fire	fire	49	0	25	70
127	127	65	125	100	85	55	70	slow	127	bug	bug	52	0	25	70
128	128	75	100	95	110	40	70	slow	0	normal	normal	22	0	20	70
129	129	20	10	55	80	15	20	slow	127	water	water	33	0	5	70
130	130	95	125	79	81	60	100	slow	127	water	flying	22	0	5	70
131	131	130	85	80	60	85	95	slow	127	water	ice	11	75	40	70
132	132	48	48	48	48	48	48	medium_fast	255	normal	normal	7	0	20	70
133	133	55	55	50	55	45	65	medium_fast	31	normal	normal	50	0	35	70
134	134	130	65	60	65	110	95	medium_fast	31	water	water	11	0	35	70
135	135	65	65	60	130	110	95	medium_fast	31	electric	electric	10	0	35	70
136	136	65	130	60	65	95	110	medium_fast	31	fire	fire	18	0	35	70
137	137	65	60	70	40	85	75	medium_fast	255	normal	normal	36	0	20	70
138	138	35	40	100	35	90	55	medium_fast	31	rock	water	33	75	30	70
139	139	70	60	125	55	115	70	medium_fast	31	rock	water	33	75	30	70
140	140	30	80	90	55	55	45	medium_fast	31	rock	water	33	4	30	70
141	141	60	115	105	80	65	70	medium_fast	31	rock	water	33	4	30	70
142	142	80	105	65	130	60	75	slow	31	rock	flying	69	46	35	70
143	143	160	110	65	30	65	110	slow	31	normal	normal	17	47	40	70
144	144	90	85	100	85	95	125	slow	255	ice	flying	46	0	80	35
145	145	90	90	85	100	125	90	slow	255	electric	flying	46	0	80	35
146	146	90	100	90	90	125	85	slow	255	fire	flying	46	0	80	35
147	147	41	64	45	50	50	50	slow	127	dragon	dragon	61	0	40	35
148	148	61	84	65	70	70	70	slow	127	dragon	dragon	61	0	40	35
149	149	91	134	95	80	100	100	slow	127	dragon	flying	39	0	40	35
150	150	106	110	90	130	154	90	slow	255	psychic	psychic	46	0	120	0
151	151	100	100	100	100	100	100	medium_slow	255	psychic	psychic	28	0	120	100
152	152	45	49	65	45	49	65	medium_slow	31	grass	grass	65	0	20	70
153	153	60	62	80	60	63	80	medium_slow	31	grass	grass	65	0	20	70
154	154	80	82	100	80	83	100	medium_slow	31	grass	grass	65	0	20	70
155	155	39	52	43	65	60	50	medium_slow	31	fire	fire	66	0	20	70
156	156	58	64	58	80	80	65	medium_slow	31	fire	fire	66	0	20	70
157	157	78	84	78	100	109	85	medium_slow	31	fire	fire	66	0	20	70
158	158	50	65	64	43	44	48	medium_slow	31	water	water	67	0	20	70
159	159	65	80	80	58	59	63	medium_slow	31	water	water	67	0	20	70
160	160	85	105	100	78	79	83	medium_slow	31	water	water	67	0	20	70
161	161	35	46	34	20	35	45	medium_fast	127	normal	normal	50	51	15	70
162	162	85	76	64	90	45	55	medium_fast	127	normal	normal	50	51	15	70
163	163	60	30	30	50	36	56	medium_fast	127	normal	flying	15	51	15	70
164	164	100	50	50	70	76	96	medium_fast	127	normal	flying	15	51	15	70
165	165	40	20	30	55	40	80	fast	127	bug	flying	68	48	15	70
166	166	55	35	50	85	55	110	fast	127	bug	flying	68	48	15	70
167	167	40	60	40	30	40	40	fast	127	bug	poison	68	15	15	70
168	168	70	90	70	40	60	60	fast	127	bug	poison	68	15	15	70
169	169	85	90	80	130	70	80	medium_fast	127	poison	flying	39	0	15	70
170	170	75	38	38	67	56	56	slow	127	water	electric	10	35	20	70
171	171	125	58	58	67	76	76	slow	127	water	electric	10	35	20	70
172	172	20	40	15	60	35	35	medium_fast	127	electric	electric	9	0	10	70
173	173	50	25	28	15	45	55	fast	191	normal	normal	56	0	10	140
174	174	90	30	15	15	40	20	fast	191	normal	normal	56	0	10	70
175	175	35	20	65	20	40	65	fast	31	normal	normal	55	32	10	70
176	176	55	40	85	40	80	105	fast	31	normal	flying	55	32	10	70
177	177	40	50	45	70	70	45	medium_fast	127	psychic	flying	28	48	20	70
178	178	65	75	70	95	95	70	medium_fast	127	psychic	flying	28	48	20	70
179	179	55	40	40	35	65	45	medium_slow	127	electric	electric	9	0	20	70
180	180	70	55	55	45	80	60	medium_slow	127	electric	electric	9	0	20	70
181	181	90	75	75	55	115	90	medium_slow	127	electric	electric	9	0	20	70
182	182	75	80	85	50	90	100	medium_slow	127	grass	grass	34	0	20	70
183	183	70	20	50	40	20	50	fast	127	water	water	47	37	10	70
184	184	100	50	80	50	50	80	fast	127	water	water	47	37	10	70
185	185	70	100	115	30	30	65	medium_fast	127	rock	rock	5	69	20	70
186	186	90	75	75	70	90	100	medium_slow	127	water	water	11	6	20	70
187	187	35	35	40	50	35	55	medium_slow	127	grass	flying	34	0	20	70
188	188	55	45	50	80	45	65	medium_slow	127	grass	flying	34	0	20	70
189	189	75	55	70	110	55	85	medium_slow	127	grass	flying	34	0	20	70
190	190	55	70	55	85	40	55	fast	127	normal	normal	50	53	20	70
191	191	30	30	30	30	30	30	medium_slow	127	grass	grass	34	0	20	70
192	192	75	75	55	30	105	85	medium_slow	127	grass	grass	34	0	20	70
193	193	65	65	45	95	75	45	medium_fast	127	bug	flying	3	14	20	70
194	194	55	45	45	15	25	25	medium_fast	127	water	ground	6	11	20	70
195	195	95	85	85	35	65	65	medium_fast	127	water	ground	6	11	20	70
196	196	65	65	60	110	130	95	medium_fast	31	psychic	psychic	28	0	35	70
197	197	95	65	110	65	60	130	medium_fast	31	dark	dark	28	0	35	35
198	198	60	85	42	91	85	42	medium_slow	127	dark	flying	15	0	20	35
199	199	95	75	80	30	100	110	medium_fast	127	water	psychic	12	20	20	70
200	200	60	60	60	85	85	85	fast	127	ghost	ghost	26	0	25	35
201	201	48	72	48	48	72	48	medium_fast	255	psychic	psychic	26	0	40	70
202	202	190	33	58	33	33	58	medium_fast	127	psychic	psychic	23	0	20	70
203	203	70	80	65	85	90	65	medium_fast	127	normal	psychic	39	48	20	70
204	204	50	65	90	15	35	35	medium_fast	127	bug	bug	5	0	20	70
205	205	75	90	140	40	60	60	medium_fast	127	bug	steel	5	0	20	70
206	206	100	70	70	45	65	65	medium_fast	127	normal	normal	32	50	20	70
207	207	65	75	105	85	35	65	medium_slow	127	ground	flying	52	8	20	70
208	208	75	85	200	30	55	65	medium_fast	127	steel	ground	69	5	25	70
209	209	60	80	50	30	40	40	fast	191	normal	normal	22	50	20	70
210	210	90	120	75	45	60	60	fast	191	normal	normal	22	22	20	70
211	211	65	95	75	85	55	55	medium_fast	127	water	poison	38	33	20	70
212	212	70	130	100	65	55	80	medium_fast	127	bug	steel	68	0	25	70
213	213	20	10	230	5	10	230	medium_slow	127	bug	rock	5	0	20	70
214	214	80	125	75	85	40	95	slow	127	bug	fighting	68	62	25	70
215	215	55	95	55	115	35	75	medium_slow	127	dark	ice	39	51	20	35
216	216	60	80	50	40	50	50	medium_fast	127	normal	normal	53	0	20	70
217	217	90	130	75	55	75	75	medium_fast	127	normal	normal	62	0	20	70
218	218	40	40	40	20	70	40	medium_fast	127	fire	fire	40	49	20	70
219	219	50	50	120	30	80	80	medium_fast	127	fire	rock	40	49	20	70
220	220	50	50	40	50	30	30	slow	127	ice	ground	12	0	20	70
221	221	100	100	80	50	60	60	slow	127	ice	ground	12	0	20	70
222	222	55	55	85	35	65	85	fast	191	water	rock	55	30	20	70
223	223	35	65	35	65	65	35	medium_fast	127	water	water	55	0	20	70
224	224	75	105	75	45	105	75	medium_fast	127	water	water	21	0	20	70
225	225	45	55	45	75	65	45	fast	127	ice	flying	72	55	20	70
226	226	65	40	70	70	80	140	slow	127	water	flying	33	11	25	70
227	227	65	80	140	70	40	70	slow	127	steel	flying	51	5	25	70
228	228	45	60	30	65	80	50	slow	127	dark	fire	48	18	20	35
229	229	75	90	50	95	110	80	slow	127	dark	fire	48	18	20	35
230	230	75	95	95	85	95	95	medium_fast	127	water	dragon	33	0	20	70
231	231	90	60	60	40	40	40	medium_fast	127	ground	ground	53	0	20	70
232	232	90	120	120	50	60	60	medium_fast	127	ground	ground	5	0	20	70
233	233	85	80	90	60	105	95	medium_fast	255	normal	normal	36	0	20	70
234	234	73	95	62	85	85	65	slow	127	normal	normal	22	0	20	70
235	235	55	20	35	75	20	45	fast	127	normal	normal	20	0	20	70
236	236	35	35	35	35	35	35	medium_fast	0	fighting	fighting	62	0	25	70
237	237	50	95	95	70	35	110	medium_fast	0	fighting	fighting	22	0	25	70
238	238	45	30	15	65	85	65	medium_fast	254	ice	psychic	12	0	25	70
239	239	45	63	37	95	65	55	medium_fast	63	electric	electric	9	0	25	70
240	240	45	75	37	83	70	55	medium_fast	63	fire	fire	49	0	25	70
241	241	95	80	105	100	40	70	slow	254	normal	normal	47	0	20	70
242	242	255	10	10	55	75	135	fast	254	normal	normal	30	32	40	140
243	243	90	85	75	115	115	100	slow	255	electric	electric	46	0	80	35
244	244	115	115	85	100	90	75	slow	255	fire	fire	46	0	80	35
245	245	100	75	115	85	90	115	slow	255	water	water	46	0	80	35
246	246	50	64	50	41	45	50	slow	127	rock	ground	62	0	40	35
247	247	70	84	70	51	65	70	slow	127	rock	ground	61	0	40	35
248	248	100	134	110	61	95	100	slow	127	rock	dark	45	0	40	35
249	249	106	90	130	110	90	154	slow	255	psychic	flying	46	0	120	0
250	250	106	130	90	90	110	154	slow	255	fire	flying	46	0	120	0
251	251	100	100	100	100	100	100	medium_slow	255	psychic	grass	30	0	120	100
277	252	40	45	35	70	65	55	medium_slow	31	grass	grass	65	0	20	70
278	253	50	65	45	95	85	65	medium_slow	31	grass	grass	65	0	20	70
279	254	70	85	65	120	105	85	medium_slow	31	grass	grass	65	0	20	70
280	255	45	60	40	45	70	50	medium_slow	31	fire	fire	66	0	20	70
281	256	60	85	60	55	85	60	medium_slow	31	fire	fighting	66	0	20	70
282	257	80	120	70	80	110	70	medium_slow	31	fire	fighting	66	0	20	70
283	258	50	70	50	40	50	50	medium_slow	31	water	water	67	0	20	70
284	259	70	85	70	50	60	70	medium_slow	31	water	ground	67	0	20	70
285	260	100	110	90	60	85	90	medium_slow	31	water	ground	67	0	20	70
286	261	35	55	35	35	30	30	medium_fast	127	dark	dark	50	0	15	70
287	262	70	90	70	70	60	60	medium_fast	127	dark	dark	22	0	15	70
288	263	38	30	41	60	30	41	medium_fast	127	normal	normal	53	0	15	70
289	264	78	70	61	100	50	61	medium_fast	127	normal	normal	53	0	15	70
290	265	45	45	35	20	20	30	medium_fast	127	bug	bug	19	0	15	70
291	266	50	35	55	15	25	25	medium_fast	127	bug	bug	61	0	15	70
292	267	60	70	50	65	90	50	medium_fast	127	bug	flying	68	0	15	70
293	268	50	35	55	15	25	25	medium_fast	127	bug	bug	61	0	15	70
294	269	60	50	70	65	50	90	medium_fast	127	bug	poison	19	0	15	70
295	270	40	30	30	30	40	50	medium_slow	127	water	grass	33	44	15	70
296	271	60	50	50	50	60	70	medium_slow	127	water	grass	33	44	15	70
297	272	80	70	70	70	90	100	medium_slow	127	water	grass	33	44	15	70
298	273	40	40	50	30	30	30	medium_slow	127	grass	grass	34	48	15	70
299	274	70	70	40	60	60	40	medium_slow	127	grass	dark	34	48	15	70
300	275	90	100	60	80	90	60	medium_slow	127	grass	dark	34	48	15	70
301	290	31	45	90	40	30	30	erratic	127	bug	ground	14	0	15	70
302	291	61	90	45	160	50	50	erratic	127	bug	flying	3	0	15	70
303	292	1	90	45	40	30	30	erratic	255	bug	ghost	25	0	15	70
304	276	40	55	30	85	30	30	medium_slow	127	normal	flying	62	0	15	70
305	277	60	85	60	125	50	50	medium_slow	127	normal	flying	62	0	15	70
306	285	60	40	60	35	40	60	fluctuating	127	grass	grass	27	0	15	70
307	286	60	130	80	70	60	60	fluctuating	127	grass	fighting	27	0	15	70
308	327	60	60	60	60	60	60	fast	127	normal	normal	20	0	15	70
309	278	40	30	30	85	55	30	medium_fast	127	water	flying	51	0	20	70
310	279	60	50	100	65	85	70	medium_fast	127	water	flying	51	0	20	70
311	283	40	30	32	65	50	52	medium_fast	127	bug	water	33	0	15	70
312	284	70	60	62	60	80	82	medium_fast	127	bug	flying	22	0	15	70
313	320	130	70	35	60	70	35	fluctuating	127	water	water	41	12	40	70
314	321	170	90	45	60	90	45	fluctuating	127	water	water	41	12	40	70
315	300	50	45	45	50	35	35	fast	191	normal	normal	56	0	15	70
316	301	70	65	65	70	55	55	fast	191	normal	normal	56	0	15	70
317	352	60	90	70	40	60	120	medium_slow	127	normal	normal	16	0	20	70
318	343	40	40	55	55	40	70	medium_fast	255	ground	psychic	26	0	20	70
319	344	60	70	105	75	70	120	medium_fast	255	ground	psychic	26	0	20	70
320	299	30	45	135	30	45	90	medium_fast	127	rock	rock	5	42	20	70
321	324	70	85	140	20	85	70	medium_fast	127	fire	fire	73	0	20	70
322	302	50	75	75	50	65	65	medium_slow	127	dark	ghost	51	0	25	35
323	339	50	48	43	60	46	41	medium_fast	127	water	ground	12	0	20	70
324	340	110	78	73	60	76	71	medium_fast	127	water	ground	12	0	20	70
325	370	43	30	55	97	40	65	fast	191	water	water	33	0	20	70
326	341	43	80	65	35	50	35	fluctuating	127	water	water	52	75	15	70
327	342	63	120	85	55	90	55	fluctuating	127	water	dark	52	75	15	70
328	349	20	15	20	80	10	55	erratic	127	water	water	33	0	20	70
329	350	95	60	79	81	100	125	erratic	127	water	water	63	0	20	70
330	318	45	90	20	65	65	20	slow	127	water	dark	24	0	20	35
331	319	70	120	40	95	95	40	slow	127	water	dark	24	0	20	35
332	328	45	100	45	10	45	45	medium_slow	127	ground	ground	52	71	20	70
333	329	50	70	50	70	50	50	medium_slow	127	ground	dragon	26	26	20	70
334	330	80	100	80	100	80	80	medium_slow	127	ground	dragon	26	26	20	70
335	296	72	60	30	25	20	30	fluctuating	63	fighting	fighting	47	62	20	70
336	297	144	120	60	50	40	60	fluctuating	63	fighting	fighting	47	62	20	70
337	309	40	45	40	65	65	40	slow	127	electric	electric	9	31	20	70
338	310	70	75	60	105	105	60	slow	127	electric	electric	9	31	20	70
339	322	60	60	40	35	65	45	medium_fast	127	fire	ground	12	0	20	70
340	323	70	100	70	40	105	75	medium_fast	127	fire	ground	40	0	20	70
341	363	70	40	50	25	55	50	medium_slow	127	ice	water	47	0	20	70
342	364	90	60	70	45	75	70	medium_slow	127	ice	water	47	0	20	70
343	365	110	80	90	65	95	90	medium_slow	127	ice	water	47	0	20	70
344	331	50	85	40	35	85	40	medium_slow	127	grass	grass	8	0	20	35
345	332	70	115	60	55	115	60	medium_slow	127	grass	dark	8	0	20	35
346	361	50	50	50	50	50	50	medium_fast	127	ice	ice	39	0	20	70
347	362	80	80	80	80	80	80	medium_fast	127	ice	ice	39	0	20	70
348	337	70	55	65	70	95	85	fast	255	rock	psychic	26	0	25	70
349	338	70	95	85	70	55	65	fast	255	rock	psychic	26	0	25	70
350	298	50	20	40	20	20	40	fast	191	normal	normal	47	37	10	70
351	325	60	25	35	60	70	80	fast	127	psychic	psychic	47	20	20	70
352	326	80	45	65	80	90	110	fast	127	psychic	psychic	47	20	20	70
353	311	60	50	40	95	85	75	medium_fast	127	electric	electric	57	0	20	70
354	312	60	40	50	95	75	85	medium_fast	127	electric	electric	58	0	20	70
355	303	50	85	85	50	55	55	fast	127	steel	steel	52	22	20	70
356	307	30	40	55	60	40	55	medium_fast	127	fighting	psychic	74	0	20	70
357	308	60	60	75	80	60	75	medium_fast	127	fighting	psychic	74	0	20	70
358	333	45	40	60	50	40	75	erratic	127	normal	flying	30	0	20	70
359	334	75	70	90	80	70	105	erratic	127	dragon	flying	30	0	20	70
360	360	95	23	48	23	23	48	medium_fast	127	psychic	psychic	23	0	20	70
361	355	20	40	90	25	30	90	fast	127	ghost	ghost	26	0	25	35
362	356	40	70	130	25	60	130	fast	127	ghost	ghost	46	0	25	35
363	315	50	60	45	65	100	80	medium_slow	127	grass	poison	30	38	20	70
364	287	60	60	60	30	35	35	slow	127	normal	normal	54	0	15	70
365	288	80	80	80	90	55	55	slow	127	normal	normal	72	0	15	70
366	289	150	160	100	100	95	65	slow	127	normal	normal	54	0	15	70
367	316	70	43	53	40	43	53	fluctuating	127	poison	poison	64	60	20	70
368	317	100	73	83	55	73	83	fluctuating	127	poison	poison	64	60	20	70
369	357	99	68	83	51	72	87	slow	127	grass	flying	34	0	25	70
370	293	64	51	23	28	51	23	medium_slow	127	normal	normal	43	0	20	70
371	294	84	71	43	48	71	43	medium_slow	127	normal	normal	43	0	20	70
372	295	104	91	63	68	91	63	medium_slow	127	normal	normal	43	0	20	70
373	366	35	64	85	32	74	55	erratic	127	water	water	75	0	20	70
374	367	55	104	105	52	94	75	erratic	127	water	water	33	0	20	70
375	368	55	84	105	52	114	75	erratic	127	water	water	33	0	20	70
376	359	65	130	60	75	75	60	medium_slow	127	dark	dark	46	0	25	35
377	353	44	75	35	45	63	33	fast	127	ghost	ghost	15	0	25	35
378	354	64	115	65	65	83	63	fast	127	ghost	ghost	15	0	25	35
379	336	73	100	60	65	100	60	fluctuating	127	poison	poison	61	0	20	70
380	335	73	115	60	90	60	60	erratic	127	normal	normal	17	0	20	70
381	369	100	90	130	55	45	65	slow	31	water	rock	33	69	40	70
382	304	50	70	100	30	40	40	slow	127	steel	rock	5	69	35	35
383	305	60	90	140	40	50	50	slow	127	steel	rock	5	69	35	35
384	306	70	110	180	50	60	60	slow	127	steel	rock	5	69	35	35
385	351	70	70	70	70	70	70	medium_fast	127	normal	normal	59	0	25	70
386	313	65	73	55	85	47	75	erratic	0	bug	bug	35	68	15	70
387	314	65	47	55	85	73	75	fluctuating	254	bug	bug	12	0	15	70
388	345	66	41	77	23	61	87	erratic	31	rock	grass	21	0	30	70
389	346	86	81	97	43	81	107	erratic	31	rock	grass	21	0	30	70
390	347	45	95	50	75	40	50	erratic	31	rock	bug	4	0	30	70
391	348	75	125	100	45	70	80	erratic	31	rock	bug	4	0	30	70
392	280	28	25	25	40	45	35	slow	127	psychic	psychic	28	36	20	35
393	281	38	35	35	50	65	55	slow	127	psychic	psychic	28	36	20	35
394	282	68	65	65	80	125	115	slow	127	psychic	psychic	28	36	20	35
395	371	45	75	60	50	40	30	slow	127	dragon	dragon	69	0	40	35
396	372	65	95	100	50	60	50	slow	127	dragon	dragon	69	0	40	35
397	373	95	135	80	100	110	80	slow	127	dragon	flying	22	0	40	35
398	374	40	55	80	30	35	60	slow	255	steel	psychic	29	0	40	35
399	375	60	75	100	50	55	80	slow	255	steel	psychic	29	0	40	35
400	376	80	135	130	70	95	90	slow	255	steel	psychic	29	0	40	35
401	377	80	100	200	50	50	100	slow	255	rock	rock	29	0	80	35
402	378	80	50	100	50	100	200	slow	255	ice	ice	29	0	80	35
403	379	80	75	150	50	75	150	slow	255	steel	steel	29	0	80	35
404	382	100	100	90	90	150	140	slow	255	water	water	2	0	120	0
405	383	100	150	140	90	100	90	slow	255	ground	ground	70	0	120	0
406	384	105	150	90	95	150	90	slow	255	dragon	flying	76	0	120	0
407	380	80	80	90	110	110	130	slow	254	dragon	psychic	26	0	120	90
408	381	80	90	80	110	130	110	slow	0	dragon	psychic	26	0	120	90
409	385	100	100	100	100	100	100	slow	255	steel	psychic	32	0	120	100
410	386	50	150	50	150	150	50	slow	255	psychic	psychic	46	0	120	0
411	358	65	50	70	65	95	80	fast	127	psychic	psychic	26	0	25	70
